slot,tf,kind,th,changed,R,DD,mpos,sh
S1,-,hold,,0,35.4,2.4,15,0.544
S1,30min,x,0.0,29,22.3,3.1,10,0.32
S1,30min,x,0.5,35,21.8,2.8,10,0.307
S1,30min,x,1.0,36,21.5,2.8,10,0.303
S1,30min,x,99.0,40,14.1,2.8,11,0.247
S1,30min,c50,0.0,44,22.2,3.1,8,0.308
S1,30min,c50,0.5,49,21.8,2.4,9,0.297
S1,30min,c50,1.0,50,21.4,1.6,9,0.293
S1,30min,c50,99.0,53,7.6,1.6,9,0.298
S1,30min,stack,0.0,14,25.4,2.3,13,0.376
S1,30min,stack,0.5,19,24.3,2.3,14,0.361
S1,30min,stack,1.0,19,25.3,2.3,14,0.378
S1,30min,stack,99.0,23,18.5,2.3,14,0.334
S1,1h,x,0.0,10,27.0,2.4,14,0.417
S1,1h,x,0.5,14,25.5,2.4,14,0.393
S1,1h,x,1.0,14,25.9,2.4,14,0.401
S1,1h,x,99.0,17,21.5,2.4,13,0.396
S1,1h,c50,0.0,29,20.7,3.5,9,0.303
S1,1h,c50,0.5,38,20.9,3.3,8,0.3
S1,1h,c50,1.0,40,20.0,3.3,9,0.285
S1,1h,c50,99.0,44,12.3,3.3,9,0.219
S1,1h,stack,0.0,4,31.1,2.5,15,0.48
S1,1h,stack,0.5,4,31.1,2.5,15,0.48
S1,1h,stack,1.0,5,29.4,2.5,15,0.452
S1,1h,stack,99.0,5,29.4,2.5,15,0.452
S1,4h,x,0.0,2,33.2,2.5,15,0.508
S1,4h,x,0.5,2,33.2,2.5,15,0.508
S1,4h,x,1.0,2,33.2,2.5,15,0.508
S1,4h,x,99.0,2,33.2,2.5,15,0.508
S1,4h,c50,0.0,5,31.6,2.3,15,0.487
S1,4h,c50,0.5,5,31.6,2.3,15,0.487
S1,4h,c50,1.0,5,31.6,2.3,15,0.487
S1,4h,c50,99.0,5,31.6,2.3,15,0.487
S1,4h,stack,0.0,0,35.4,2.4,15,0.544
S1,4h,stack,0.5,0,35.4,2.4,15,0.544
S1,4h,stack,1.0,0,35.4,2.4,15,0.544
S1,4h,stack,99.0,0,35.4,2.4,15,0.544
S2,-,hold,,0,95.8,6.6,14,0.696
S2,15min,x,0.0,18,82.4,7.4,12,0.584
S2,15min,x,0.5,27,82.4,6.7,11,0.584
S2,15min,x,1.0,32,64.7,6.1,10,0.512
S2,15min,x,99.0,40,29.3,6.1,14,0.579
S2,15min,c50,0.0,38,71.3,7.3,9,0.504
S2,15min,c50,0.5,51,67.6,6.2,8,0.475
S2,15min,c50,1.0,55,50.1,6.0,8,0.401
S2,15min,c50,99.0,61,12.9,6.5,9,0.295
S2,15min,stack,0.0,8,95.2,7.3,14,0.682
S2,15min,stack,0.5,15,94.6,6.6,14,0.688
S2,15min,stack,1.0,20,75.9,5.8,12,0.609
S2,15min,stack,99.0,29,46.0,4.2,14,0.632
S2,1h,x,0.0,0,95.8,6.6,14,0.696
S2,1h,x,0.5,2,96.4,6.3,14,0.703
S2,1h,x,1.0,3,96.4,5.8,14,0.703
S2,1h,x,99.0,11,61.4,5.3,13,0.623
S2,1h,c50,0.0,10,89.5,7.4,13,0.64
S2,1h,c50,0.5,14,91.0,7.1,13,0.651
S2,1h,c50,1.0,18,86.2,6.3,12,0.61
S2,1h,c50,99.0,28,46.2,5.3,13,0.501
S2,1h,stack,0.0,0,95.8,6.6,14,0.696
S2,1h,stack,0.5,1,95.9,6.6,14,0.697
S2,1h,stack,1.0,1,95.9,6.6,14,0.697
S2,1h,stack,99.0,2,92.5,6.6,13,0.664
S2,4h,x,0.0,0,95.8,6.6,14,0.696
S2,4h,x,0.5,0,95.8,6.6,14,0.696
S2,4h,x,1.0,0,95.8,6.6,14,0.696
S2,4h,x,99.0,0,95.8,6.6,14,0.696
S2,4h,c50,0.0,0,95.8,6.6,14,0.696
S2,4h,c50,0.5,2,96.3,6.5,14,0.702
S2,4h,c50,1.0,2,96.3,6.5,14,0.702
S2,4h,c50,99.0,2,96.3,6.5,14,0.702
S2,4h,stack,0.0,0,95.8,6.6,14,0.696
S2,4h,stack,0.5,0,95.8,6.6,14,0.696
S2,4h,stack,1.0,0,95.8,6.6,14,0.696
S2,4h,stack,99.0,0,95.8,6.6,14,0.696
S3,-,hold,,0,37.2,6.8,9,0.419
S3,3min,x,0.0,93,-6.5,10.5,3,-0.226
S3,3min,x,0.5,117,-6.9,11.0,4,-0.244
S3,3min,x,1.0,120,-4.5,9.9,6,-0.161
S3,3min,x,99.0,121,0.7,8.1,7,0.023
S3,3min,c50,0.0,128,-7.3,10.1,1,-0.306
S3,3min,c50,0.5,143,-8.8,9.8,2,-0.971
S3,3min,c50,1.0,144,-8.2,9.4,2,-0.844
S3,3min,c50,99.0,144,-6.7,8.1,3,-0.655
S3,3min,stack,0.0,66,20.9,5.3,8,0.312
S3,3min,stack,0.5,86,18.5,6.0,6,0.274
S3,3min,stack,1.0,93,16.5,4.7,8,0.29
S3,3min,stack,99.0,97,25.3,4.7,10,0.513
S3,15min,x,0.0,24,30.4,5.6,8,0.359
S3,15min,x,0.5,36,28.4,5.5,9,0.341
S3,15min,x,1.0,44,26.9,5.1,11,0.398
S3,15min,x,99.0,53,45.0,3.6,15,0.615
S3,15min,c50,0.0,60,11.4,6.8,6,0.172
S3,15min,c50,0.5,75,7.9,6.7,5,0.119
S3,15min,c50,1.0,86,4.4,8.5,5,0.083
S3,15min,c50,99.0,89,18.4,6.8,9,0.31
S3,15min,stack,0.0,11,36.4,5.8,9,0.423
S3,15min,stack,0.5,18,37.7,5.8,9,0.44
S3,15min,stack,1.0,25,34.4,5.1,10,0.485
S3,15min,stack,99.0,37,57.4,5.1,13,0.586
S3,1h,x,0.0,4,36.5,6.7,9,0.415
S3,1h,x,0.5,5,36.7,6.7,9,0.419
S3,1h,x,1.0,8,38.3,5.8,9,0.442
S3,1h,x,99.0,14,48.7,5.8,9,0.531
S3,1h,c50,0.0,9,33.6,5.8,9,0.399
S3,1h,c50,0.5,15,34.4,5.9,10,0.407
S3,1h,c50,1.0,21,30.6,5.3,10,0.446
S3,1h,c50,99.0,31,56.3,5.4,11,0.58
S3,1h,stack,0.0,2,35.6,6.8,9,0.405
S3,1h,stack,0.5,2,35.6,6.8,9,0.405
S3,1h,stack,1.0,2,35.6,6.8,9,0.405
S3,1h,stack,99.0,2,35.6,6.8,9,0.405
S4,-,hold,,0,45.1,3.9,14,0.577
S4,30min,x,0.0,22,44.9,2.5,15,0.569
S4,30min,x,0.5,26,45.7,2.5,15,0.569
S4,30min,x,1.0,28,43.3,2.5,15,0.528
S4,30min,x,99.0,35,25.8,2.5,15,0.623
S4,30min,c50,0.0,46,40.8,1.9,13,0.563
S4,30min,c50,0.5,49,41.3,1.9,13,0.562
S4,30min,c50,1.0,54,38.3,1.9,13,0.516
S4,30min,c50,99.0,59,22.4,1.9,13,0.734
S4,30min,stack,0.0,12,43.4,3.2,14,0.556
S4,30min,stack,0.5,14,43.5,3.2,14,0.557
S4,30min,stack,1.0,16,44.0,3.2,14,0.541
S4,30min,stack,99.0,22,36.0,3.2,14,0.486
S4,1h,x,0.0,9,44.5,3.0,15,0.576
S4,1h,x,0.5,9,44.5,3.0,15,0.576
S4,1h,x,1.0,11,44.0,3.0,15,0.558
S4,1h,x,99.0,16,38.4,3.0,15,0.531
S4,1h,c50,0.0,28,44.9,2.7,15,0.567
S4,1h,c50,0.5,31,45.4,2.7,15,0.571
S4,1h,c50,1.0,34,42.9,2.7,15,0.525
S4,1h,c50,99.0,41,25.8,2.7,15,0.647
S4,1h,stack,0.0,7,43.8,3.2,14,0.564
S4,1h,stack,0.5,7,43.8,3.2,14,0.564
S4,1h,stack,1.0,7,43.8,3.2,14,0.564
S4,1h,stack,99.0,7,43.8,3.2,14,0.564
S4,4h,x,0.0,1,44.1,3.9,14,0.567
S4,4h,x,0.5,1,44.1,3.9,14,0.567
S4,4h,x,1.0,1,44.1,3.9,14,0.567
S4,4h,x,99.0,1,44.1,3.9,14,0.567
S4,4h,c50,0.0,6,44.1,3.2,14,0.565
S4,4h,c50,0.5,6,44.1,3.2,14,0.565
S4,4h,c50,1.0,6,44.1,3.2,14,0.565
S4,4h,c50,99.0,6,44.1,3.2,14,0.565
S4,4h,stack,0.0,0,45.1,3.9,14,0.577
S4,4h,stack,0.5,0,45.1,3.9,14,0.577
S4,4h,stack,1.0,0,45.1,3.9,14,0.577
S4,4h,stack,99.0,0,45.1,3.9,14,0.577
S5,-,hold,,0,65.6,8.5,15,0.565
S5,5min,x,0.0,61,23.7,5.4,11,0.383
S5,5min,x,0.5,68,17.3,8.5,8,0.273
S5,5min,x,1.0,75,17.2,8.5,10,0.283
S5,5min,x,99.0,79,16.2,8.5,10,0.337
S5,5min,c50,0.0,72,14.9,3.9,9,0.292
S5,5min,c50,0.5,82,-3.0,5.5,8,-0.219
S5,5min,c50,1.0,85,-3.5,5.3,8,-0.262
S5,5min,c50,99.0,85,1.4,5.1,9,0.071
S5,5min,stack,0.0,45,18.7,7.4,10,0.301
S5,5min,stack,0.5,56,11.2,8.8,7,0.174
S5,5min,stack,1.0,61,13.4,8.8,8,0.216
S5,5min,stack,99.0,65,15.1,8.8,10,0.24
S5,15min,x,0.0,27,54.2,6.9,14,0.457
S5,15min,x,0.5,35,48.9,7.3,11,0.4
S5,15min,x,1.0,42,47.4,7.3,11,0.39
S5,15min,x,99.0,52,47.5,6.5,12,0.581
S5,15min,c50,0.0,53,16.9,8.0,12,0.276
S5,15min,c50,0.5,60,12.2,8.7,8,0.192
S5,15min,c50,1.0,68,12.0,7.5,7,0.193
S5,15min,c50,99.0,73,12.1,7.3,10,0.228
S5,15min,stack,0.0,13,63.7,7.3,15,0.553
S5,15min,stack,0.5,18,61.2,7.4,15,0.528
S5,15min,stack,1.0,23,59.6,6.9,15,0.514
S5,15min,stack,99.0,36,56.7,5.3,15,0.694
S5,1h,x,0.0,3,66.0,8.2,15,0.568
S5,1h,x,0.5,4,65.9,8.3,15,0.567
S5,1h,x,1.0,5,66.6,7.8,15,0.576
S5,1h,x,99.0,13,72.5,7.4,15,0.62
S5,1h,c50,0.0,19,63.0,7.2,14,0.534
S5,1h,c50,0.5,22,61.6,7.3,14,0.52
S5,1h,c50,1.0,26,57.4,6.8,13,0.49
S5,1h,c50,99.0,37,62.7,6.0,13,0.629
S5,1h,stack,0.0,1,64.8,8.5,15,0.557
S5,1h,stack,0.5,1,64.8,8.5,15,0.557
S5,1h,stack,1.0,1,64.8,8.5,15,0.557
S5,1h,stack,99.0,1,64.8,8.5,15,0.557
S6,-,hold,,0,35.1,7.3,10,0.441
S6,3min,x,0.0,101,-8.0,12.9,4,-0.298
S6,3min,x,0.5,117,-7.5,12.1,7,-0.27
S6,3min,x,1.0,120,-7.7,11.1,7,-0.321
S6,3min,x,99.0,120,-5.0,11.0,7,-0.18
S6,3min,c50,0.0,126,-11.6,11.7,1,-0.848
S6,3min,c50,0.5,138,-10.0,10.1,2,-0.8
S6,3min,c50,1.0,138,-8.9,9.1,3,-0.671
S6,3min,c50,99.0,138,-7.8,8.4,4,-0.548
S6,3min,stack,0.0,70,15.1,7.3,9,0.263
S6,3min,stack,0.5,88,12.5,7.3,7,0.218
S6,3min,stack,1.0,96,9.0,7.3,10,0.225
S6,3min,stack,99.0,99,22.0,5.7,12,0.499
S6,15min,x,0.0,20,25.0,6.3,10,0.341
S6,15min,x,0.5,30,23.4,6.3,11,0.323
S6,15min,x,1.0,38,23.4,5.8,13,0.449
S6,15min,x,99.0,46,36.3,4.3,14,0.711
S6,15min,c50,0.0,56,16.0,7.1,8,0.271
S6,15min,c50,0.5,69,12.7,7.1,8,0.213
S6,15min,c50,1.0,82,8.6,6.4,8,0.201
S6,15min,c50,99.0,85,24.4,4.4,11,0.463
S6,15min,stack,0.0,10,30.7,6.6,9,0.392
S6,15min,stack,0.5,16,31.3,6.6,9,0.402
S6,15min,stack,1.0,24,29.3,6.1,11,0.497
S6,15min,stack,99.0,34,44.5,5.0,12,0.549
S6,1h,x,0.0,3,34.0,7.3,10,0.428
S6,1h,x,0.5,4,34.2,7.3,10,0.431
S6,1h,x,1.0,6,35.2,7.3,11,0.447
S6,1h,x,99.0,12,42.3,6.5,12,0.506
S6,1h,c50,0.0,8,31.2,7.3,10,0.414
S6,1h,c50,0.5,13,31.9,7.3,10,0.423
S6,1h,c50,1.0,18,27.5,7.3,12,0.472
S6,1h,c50,99.0,28,44.1,6.5,12,0.532
S6,1h,stack,0.0,2,33.4,7.3,10,0.421
S6,1h,stack,0.5,2,33.4,7.3,10,0.421
S6,1h,stack,1.0,2,33.4,7.3,10,0.421
S6,1h,stack,99.0,2,33.4,7.3,10,0.421
