sq,tp,be,gb,trail,flip
k50,none,0.0,none,0.0,0
k50,none,0.0,none,0.0,1
k50,none,0.0,none,1.5,0
k50,none,0.0,none,1.5,1
k50,none,0.0,none,3.0,0
k50,none,0.0,none,3.0,1
k50,none,0.0,1.0R/0.5,0.0,0
k50,none,0.0,1.0R/0.5,0.0,1
k50,none,0.0,1.0R/0.5,1.5,0
k50,none,0.0,1.0R/0.5,1.5,1
k50,none,0.0,1.0R/0.5,3.0,0
k50,none,0.0,1.0R/0.5,3.0,1
k50,none,0.0,1.5R/0.5,0.0,0
k50,none,0.0,1.5R/0.5,0.0,1
k50,none,0.0,1.5R/0.5,1.5,0
k50,none,0.0,1.5R/0.5,1.5,1
k50,none,0.0,1.5R/0.5,3.0,0
k50,none,0.0,1.5R/0.5,3.0,1
k50,none,0.0,2.0R/0.5,0.0,0
k50,none,0.0,2.0R/0.5,0.0,1
k50,none,0.0,2.0R/0.5,1.5,0
k50,none,0.0,2.0R/0.5,1.5,1
k50,none,0.0,2.0R/0.5,3.0,0
k50,none,0.0,2.0R/0.5,3.0,1
k50,none,0.0,1.5R/0.7,0.0,0
k50,none,0.0,1.5R/0.7,0.0,1
k50,none,0.0,1.5R/0.7,1.5,0
k50,none,0.0,1.5R/0.7,1.5,1
k50,none,0.0,1.5R/0.7,3.0,0
k50,none,0.0,1.5R/0.7,3.0,1
k50,none,0.0,3.0R/0.5,0.0,0
k50,none,0.0,3.0R/0.5,0.0,1
k50,none,0.0,3.0R/0.5,1.5,0
k50,none,0.0,3.0R/0.5,1.5,1
k50,none,0.0,3.0R/0.5,3.0,0
k50,none,0.0,3.0R/0.5,3.0,1
k50,none,1.0,none,0.0,0
k50,none,1.0,none,0.0,1
k50,none,1.0,none,1.5,0
k50,none,1.0,none,1.5,1
k50,none,1.0,none,3.0,0
k50,none,1.0,none,3.0,1
k50,none,1.0,1.0R/0.5,0.0,0
k50,none,1.0,1.0R/0.5,0.0,1
k50,none,1.0,1.0R/0.5,1.5,0
k50,none,1.0,1.0R/0.5,1.5,1
k50,none,1.0,1.0R/0.5,3.0,0
k50,none,1.0,1.0R/0.5,3.0,1
k50,none,1.0,1.5R/0.5,0.0,0
k50,none,1.0,1.5R/0.5,0.0,1
k50,none,1.0,1.5R/0.5,1.5,0
k50,none,1.0,1.5R/0.5,1.5,1
k50,none,1.0,1.5R/0.5,3.0,0
k50,none,1.0,1.5R/0.5,3.0,1
k50,none,1.0,2.0R/0.5,0.0,0
k50,none,1.0,2.0R/0.5,0.0,1
k50,none,1.0,2.0R/0.5,1.5,0
k50,none,1.0,2.0R/0.5,1.5,1
k50,none,1.0,2.0R/0.5,3.0,0
k50,none,1.0,2.0R/0.5,3.0,1
k50,none,1.0,1.5R/0.7,0.0,0
k50,none,1.0,1.5R/0.7,0.0,1
k50,none,1.0,1.5R/0.7,1.5,0
k50,none,1.0,1.5R/0.7,1.5,1
k50,none,1.0,1.5R/0.7,3.0,0
k50,none,1.0,1.5R/0.7,3.0,1
k50,none,1.0,3.0R/0.5,0.0,0
k50,none,1.0,3.0R/0.5,0.0,1
k50,none,1.0,3.0R/0.5,1.5,0
k50,none,1.0,3.0R/0.5,1.5,1
k50,none,1.0,3.0R/0.5,3.0,0
k50,none,1.0,3.0R/0.5,3.0,1
k50,2R,0.0,none,0.0,0
k50,2R,0.0,none,0.0,1
k50,2R,0.0,none,1.5,0
k50,2R,0.0,none,1.5,1
k50,2R,0.0,none,3.0,0
k50,2R,0.0,none,3.0,1
k50,2R,0.0,1.0R/0.5,0.0,0
k50,2R,0.0,1.0R/0.5,0.0,1
k50,2R,0.0,1.0R/0.5,1.5,0
k50,2R,0.0,1.0R/0.5,1.5,1
k50,2R,0.0,1.0R/0.5,3.0,0
k50,2R,0.0,1.0R/0.5,3.0,1
k50,2R,0.0,1.5R/0.5,0.0,0
k50,2R,0.0,1.5R/0.5,0.0,1
k50,2R,0.0,1.5R/0.5,1.5,0
k50,2R,0.0,1.5R/0.5,1.5,1
k50,2R,0.0,1.5R/0.5,3.0,0
k50,2R,0.0,1.5R/0.5,3.0,1
k50,2R,0.0,2.0R/0.5,0.0,0
k50,2R,0.0,2.0R/0.5,0.0,1
k50,2R,0.0,2.0R/0.5,1.5,0
k50,2R,0.0,2.0R/0.5,1.5,1
k50,2R,0.0,2.0R/0.5,3.0,0
k50,2R,0.0,2.0R/0.5,3.0,1
k50,2R,0.0,1.5R/0.7,0.0,0
k50,2R,0.0,1.5R/0.7,0.0,1
k50,2R,0.0,1.5R/0.7,1.5,0
k50,2R,0.0,1.5R/0.7,1.5,1
k50,2R,0.0,1.5R/0.7,3.0,0
k50,2R,0.0,1.5R/0.7,3.0,1
k50,2R,0.0,3.0R/0.5,0.0,0
k50,2R,0.0,3.0R/0.5,0.0,1
k50,2R,0.0,3.0R/0.5,1.5,0
k50,2R,0.0,3.0R/0.5,1.5,1
k50,2R,0.0,3.0R/0.5,3.0,0
k50,2R,0.0,3.0R/0.5,3.0,1
k50,2R,1.0,none,0.0,0
k50,2R,1.0,none,0.0,1
k50,2R,1.0,none,1.5,0
k50,2R,1.0,none,1.5,1
k50,2R,1.0,none,3.0,0
k50,2R,1.0,none,3.0,1
k50,2R,1.0,1.0R/0.5,0.0,0
k50,2R,1.0,1.0R/0.5,0.0,1
k50,2R,1.0,1.0R/0.5,1.5,0
k50,2R,1.0,1.0R/0.5,1.5,1
k50,2R,1.0,1.0R/0.5,3.0,0
k50,2R,1.0,1.0R/0.5,3.0,1
k50,2R,1.0,1.5R/0.5,0.0,0
k50,2R,1.0,1.5R/0.5,0.0,1
k50,2R,1.0,1.5R/0.5,1.5,0
k50,2R,1.0,1.5R/0.5,1.5,1
k50,2R,1.0,1.5R/0.5,3.0,0
k50,2R,1.0,1.5R/0.5,3.0,1
k50,2R,1.0,2.0R/0.5,0.0,0
k50,2R,1.0,2.0R/0.5,0.0,1
k50,2R,1.0,2.0R/0.5,1.5,0
k50,2R,1.0,2.0R/0.5,1.5,1
k50,2R,1.0,2.0R/0.5,3.0,0
k50,2R,1.0,2.0R/0.5,3.0,1
k50,2R,1.0,1.5R/0.7,0.0,0
k50,2R,1.0,1.5R/0.7,0.0,1
k50,2R,1.0,1.5R/0.7,1.5,0
k50,2R,1.0,1.5R/0.7,1.5,1
k50,2R,1.0,1.5R/0.7,3.0,0
k50,2R,1.0,1.5R/0.7,3.0,1
k50,2R,1.0,3.0R/0.5,0.0,0
k50,2R,1.0,3.0R/0.5,0.0,1
k50,2R,1.0,3.0R/0.5,1.5,0
k50,2R,1.0,3.0R/0.5,1.5,1
k50,2R,1.0,3.0R/0.5,3.0,0
k50,2R,1.0,3.0R/0.5,3.0,1
k50,3R,0.0,none,0.0,0
k50,3R,0.0,none,0.0,1
k50,3R,0.0,none,1.5,0
k50,3R,0.0,none,1.5,1
k50,3R,0.0,none,3.0,0
k50,3R,0.0,none,3.0,1
k50,3R,0.0,1.0R/0.5,0.0,0
k50,3R,0.0,1.0R/0.5,0.0,1
k50,3R,0.0,1.0R/0.5,1.5,0
k50,3R,0.0,1.0R/0.5,1.5,1
k50,3R,0.0,1.0R/0.5,3.0,0
k50,3R,0.0,1.0R/0.5,3.0,1
k50,3R,0.0,1.5R/0.5,0.0,0
k50,3R,0.0,1.5R/0.5,0.0,1
k50,3R,0.0,1.5R/0.5,1.5,0
k50,3R,0.0,1.5R/0.5,1.5,1
k50,3R,0.0,1.5R/0.5,3.0,0
k50,3R,0.0,1.5R/0.5,3.0,1
k50,3R,0.0,2.0R/0.5,0.0,0
k50,3R,0.0,2.0R/0.5,0.0,1
k50,3R,0.0,2.0R/0.5,1.5,0
k50,3R,0.0,2.0R/0.5,1.5,1
k50,3R,0.0,2.0R/0.5,3.0,0
k50,3R,0.0,2.0R/0.5,3.0,1
k50,3R,0.0,1.5R/0.7,0.0,0
k50,3R,0.0,1.5R/0.7,0.0,1
k50,3R,0.0,1.5R/0.7,1.5,0
k50,3R,0.0,1.5R/0.7,1.5,1
k50,3R,0.0,1.5R/0.7,3.0,0
k50,3R,0.0,1.5R/0.7,3.0,1
k50,3R,0.0,3.0R/0.5,0.0,0
k50,3R,0.0,3.0R/0.5,0.0,1
k50,3R,0.0,3.0R/0.5,1.5,0
k50,3R,0.0,3.0R/0.5,1.5,1
k50,3R,0.0,3.0R/0.5,3.0,0
k50,3R,0.0,3.0R/0.5,3.0,1
k50,3R,1.0,none,0.0,0
k50,3R,1.0,none,0.0,1
k50,3R,1.0,none,1.5,0
k50,3R,1.0,none,1.5,1
k50,3R,1.0,none,3.0,0
k50,3R,1.0,none,3.0,1
k50,3R,1.0,1.0R/0.5,0.0,0
k50,3R,1.0,1.0R/0.5,0.0,1
k50,3R,1.0,1.0R/0.5,1.5,0
k50,3R,1.0,1.0R/0.5,1.5,1
k50,3R,1.0,1.0R/0.5,3.0,0
k50,3R,1.0,1.0R/0.5,3.0,1
k50,3R,1.0,1.5R/0.5,0.0,0
k50,3R,1.0,1.5R/0.5,0.0,1
k50,3R,1.0,1.5R/0.5,1.5,0
k50,3R,1.0,1.5R/0.5,1.5,1
k50,3R,1.0,1.5R/0.5,3.0,0
k50,3R,1.0,1.5R/0.5,3.0,1
k50,3R,1.0,2.0R/0.5,0.0,0
k50,3R,1.0,2.0R/0.5,0.0,1
k50,3R,1.0,2.0R/0.5,1.5,0
k50,3R,1.0,2.0R/0.5,1.5,1
k50,3R,1.0,2.0R/0.5,3.0,0
k50,3R,1.0,2.0R/0.5,3.0,1
k50,3R,1.0,1.5R/0.7,0.0,0
k50,3R,1.0,1.5R/0.7,0.0,1
k50,3R,1.0,1.5R/0.7,1.5,0
k50,3R,1.0,1.5R/0.7,1.5,1
k50,3R,1.0,1.5R/0.7,3.0,0
k50,3R,1.0,1.5R/0.7,3.0,1
k50,3R,1.0,3.0R/0.5,0.0,0
k50,3R,1.0,3.0R/0.5,0.0,1
k50,3R,1.0,3.0R/0.5,1.5,0
k50,3R,1.0,3.0R/0.5,1.5,1
k50,3R,1.0,3.0R/0.5,3.0,0
k50,3R,1.0,3.0R/0.5,3.0,1
k50,5R,0.0,none,0.0,0
k50,5R,0.0,none,0.0,1
k50,5R,0.0,none,1.5,0
k50,5R,0.0,none,1.5,1
k50,5R,0.0,none,3.0,0
k50,5R,0.0,none,3.0,1
k50,5R,0.0,1.0R/0.5,0.0,0
k50,5R,0.0,1.0R/0.5,0.0,1
k50,5R,0.0,1.0R/0.5,1.5,0
k50,5R,0.0,1.0R/0.5,1.5,1
k50,5R,0.0,1.0R/0.5,3.0,0
k50,5R,0.0,1.0R/0.5,3.0,1
k50,5R,0.0,1.5R/0.5,0.0,0
k50,5R,0.0,1.5R/0.5,0.0,1
k50,5R,0.0,1.5R/0.5,1.5,0
k50,5R,0.0,1.5R/0.5,1.5,1
k50,5R,0.0,1.5R/0.5,3.0,0
k50,5R,0.0,1.5R/0.5,3.0,1
k50,5R,0.0,2.0R/0.5,0.0,0
k50,5R,0.0,2.0R/0.5,0.0,1
k50,5R,0.0,2.0R/0.5,1.5,0
k50,5R,0.0,2.0R/0.5,1.5,1
k50,5R,0.0,2.0R/0.5,3.0,0
k50,5R,0.0,2.0R/0.5,3.0,1
k50,5R,0.0,1.5R/0.7,0.0,0
k50,5R,0.0,1.5R/0.7,0.0,1
k50,5R,0.0,1.5R/0.7,1.5,0
k50,5R,0.0,1.5R/0.7,1.5,1
k50,5R,0.0,1.5R/0.7,3.0,0
k50,5R,0.0,1.5R/0.7,3.0,1
k50,5R,0.0,3.0R/0.5,0.0,0
k50,5R,0.0,3.0R/0.5,0.0,1
k50,5R,0.0,3.0R/0.5,1.5,0
k50,5R,0.0,3.0R/0.5,1.5,1
k50,5R,0.0,3.0R/0.5,3.0,0
k50,5R,0.0,3.0R/0.5,3.0,1
k50,5R,1.0,none,0.0,0
k50,5R,1.0,none,0.0,1
k50,5R,1.0,none,1.5,0
k50,5R,1.0,none,1.5,1
k50,5R,1.0,none,3.0,0
k50,5R,1.0,none,3.0,1
k50,5R,1.0,1.0R/0.5,0.0,0
k50,5R,1.0,1.0R/0.5,0.0,1
k50,5R,1.0,1.0R/0.5,1.5,0
k50,5R,1.0,1.0R/0.5,1.5,1
k50,5R,1.0,1.0R/0.5,3.0,0
k50,5R,1.0,1.0R/0.5,3.0,1
k50,5R,1.0,1.5R/0.5,0.0,0
k50,5R,1.0,1.5R/0.5,0.0,1
k50,5R,1.0,1.5R/0.5,1.5,0
k50,5R,1.0,1.5R/0.5,1.5,1
k50,5R,1.0,1.5R/0.5,3.0,0
k50,5R,1.0,1.5R/0.5,3.0,1
k50,5R,1.0,2.0R/0.5,0.0,0
k50,5R,1.0,2.0R/0.5,0.0,1
k50,5R,1.0,2.0R/0.5,1.5,0
k50,5R,1.0,2.0R/0.5,1.5,1
k50,5R,1.0,2.0R/0.5,3.0,0
k50,5R,1.0,2.0R/0.5,3.0,1
k50,5R,1.0,1.5R/0.7,0.0,0
k50,5R,1.0,1.5R/0.7,0.0,1
k50,5R,1.0,1.5R/0.7,1.5,0
k50,5R,1.0,1.5R/0.7,1.5,1
k50,5R,1.0,1.5R/0.7,3.0,0
k50,5R,1.0,1.5R/0.7,3.0,1
k50,5R,1.0,3.0R/0.5,0.0,0
k50,5R,1.0,3.0R/0.5,0.0,1
k50,5R,1.0,3.0R/0.5,1.5,0
k50,5R,1.0,3.0R/0.5,1.5,1
k50,5R,1.0,3.0R/0.5,3.0,0
k50,5R,1.0,3.0R/0.5,3.0,1
k50,q85,0.0,none,0.0,0
k50,q85,0.0,none,0.0,1
k50,q85,0.0,none,1.5,0
k50,q85,0.0,none,1.5,1
k50,q85,0.0,none,3.0,0
k50,q85,0.0,none,3.0,1
k50,q85,0.0,1.0R/0.5,0.0,0
k50,q85,0.0,1.0R/0.5,0.0,1
k50,q85,0.0,1.0R/0.5,1.5,0
k50,q85,0.0,1.0R/0.5,1.5,1
k50,q85,0.0,1.0R/0.5,3.0,0
k50,q85,0.0,1.0R/0.5,3.0,1
k50,q85,0.0,1.5R/0.5,0.0,0
k50,q85,0.0,1.5R/0.5,0.0,1
k50,q85,0.0,1.5R/0.5,1.5,0
k50,q85,0.0,1.5R/0.5,1.5,1
k50,q85,0.0,1.5R/0.5,3.0,0
k50,q85,0.0,1.5R/0.5,3.0,1
k50,q85,0.0,2.0R/0.5,0.0,0
k50,q85,0.0,2.0R/0.5,0.0,1
k50,q85,0.0,2.0R/0.5,1.5,0
k50,q85,0.0,2.0R/0.5,1.5,1
k50,q85,0.0,2.0R/0.5,3.0,0
k50,q85,0.0,2.0R/0.5,3.0,1
k50,q85,0.0,1.5R/0.7,0.0,0
k50,q85,0.0,1.5R/0.7,0.0,1
k50,q85,0.0,1.5R/0.7,1.5,0
k50,q85,0.0,1.5R/0.7,1.5,1
k50,q85,0.0,1.5R/0.7,3.0,0
k50,q85,0.0,1.5R/0.7,3.0,1
k50,q85,0.0,3.0R/0.5,0.0,0
k50,q85,0.0,3.0R/0.5,0.0,1
k50,q85,0.0,3.0R/0.5,1.5,0
k50,q85,0.0,3.0R/0.5,1.5,1
k50,q85,0.0,3.0R/0.5,3.0,0
k50,q85,0.0,3.0R/0.5,3.0,1
k50,q85,1.0,none,0.0,0
k50,q85,1.0,none,0.0,1
k50,q85,1.0,none,1.5,0
k50,q85,1.0,none,1.5,1
k50,q85,1.0,none,3.0,0
k50,q85,1.0,none,3.0,1
k50,q85,1.0,1.0R/0.5,0.0,0
k50,q85,1.0,1.0R/0.5,0.0,1
k50,q85,1.0,1.0R/0.5,1.5,0
k50,q85,1.0,1.0R/0.5,1.5,1
k50,q85,1.0,1.0R/0.5,3.0,0
k50,q85,1.0,1.0R/0.5,3.0,1
k50,q85,1.0,1.5R/0.5,0.0,0
k50,q85,1.0,1.5R/0.5,0.0,1
k50,q85,1.0,1.5R/0.5,1.5,0
k50,q85,1.0,1.5R/0.5,1.5,1
k50,q85,1.0,1.5R/0.5,3.0,0
k50,q85,1.0,1.5R/0.5,3.0,1
k50,q85,1.0,2.0R/0.5,0.0,0
k50,q85,1.0,2.0R/0.5,0.0,1
k50,q85,1.0,2.0R/0.5,1.5,0
k50,q85,1.0,2.0R/0.5,1.5,1
k50,q85,1.0,2.0R/0.5,3.0,0
k50,q85,1.0,2.0R/0.5,3.0,1
k50,q85,1.0,1.5R/0.7,0.0,0
k50,q85,1.0,1.5R/0.7,0.0,1
k50,q85,1.0,1.5R/0.7,1.5,0
k50,q85,1.0,1.5R/0.7,1.5,1
k50,q85,1.0,1.5R/0.7,3.0,0
k50,q85,1.0,1.5R/0.7,3.0,1
k50,q85,1.0,3.0R/0.5,0.0,0
k50,q85,1.0,3.0R/0.5,0.0,1
k50,q85,1.0,3.0R/0.5,1.5,0
k50,q85,1.0,3.0R/0.5,1.5,1
k50,q85,1.0,3.0R/0.5,3.0,0
k50,q85,1.0,3.0R/0.5,3.0,1
k70,none,0.0,none,0.0,0
k70,none,0.0,none,0.0,1
k70,none,0.0,none,1.5,0
k70,none,0.0,none,1.5,1
k70,none,0.0,none,3.0,0
k70,none,0.0,none,3.0,1
k70,none,0.0,1.0R/0.5,0.0,0
k70,none,0.0,1.0R/0.5,0.0,1
k70,none,0.0,1.0R/0.5,1.5,0
k70,none,0.0,1.0R/0.5,1.5,1
k70,none,0.0,1.0R/0.5,3.0,0
k70,none,0.0,1.0R/0.5,3.0,1
k70,none,0.0,1.5R/0.5,0.0,0
k70,none,0.0,1.5R/0.5,0.0,1
k70,none,0.0,1.5R/0.5,1.5,0
k70,none,0.0,1.5R/0.5,1.5,1
k70,none,0.0,1.5R/0.5,3.0,0
k70,none,0.0,1.5R/0.5,3.0,1
k70,none,0.0,2.0R/0.5,0.0,0
k70,none,0.0,2.0R/0.5,0.0,1
k70,none,0.0,2.0R/0.5,1.5,0
k70,none,0.0,2.0R/0.5,1.5,1
k70,none,0.0,2.0R/0.5,3.0,0
k70,none,0.0,2.0R/0.5,3.0,1
k70,none,0.0,1.5R/0.7,0.0,0
k70,none,0.0,1.5R/0.7,0.0,1
k70,none,0.0,1.5R/0.7,1.5,0
k70,none,0.0,1.5R/0.7,1.5,1
k70,none,0.0,1.5R/0.7,3.0,0
k70,none,0.0,1.5R/0.7,3.0,1
k70,none,0.0,3.0R/0.5,0.0,0
k70,none,0.0,3.0R/0.5,0.0,1
k70,none,0.0,3.0R/0.5,1.5,0
k70,none,0.0,3.0R/0.5,1.5,1
k70,none,0.0,3.0R/0.5,3.0,0
k70,none,0.0,3.0R/0.5,3.0,1
k70,none,1.0,none,0.0,0
k70,none,1.0,none,0.0,1
k70,none,1.0,none,1.5,0
k70,none,1.0,none,1.5,1
k70,none,1.0,none,3.0,0
k70,none,1.0,none,3.0,1
k70,none,1.0,1.0R/0.5,0.0,0
k70,none,1.0,1.0R/0.5,0.0,1
k70,none,1.0,1.0R/0.5,1.5,0
k70,none,1.0,1.0R/0.5,1.5,1
k70,none,1.0,1.0R/0.5,3.0,0
k70,none,1.0,1.0R/0.5,3.0,1
k70,none,1.0,1.5R/0.5,0.0,0
k70,none,1.0,1.5R/0.5,0.0,1
k70,none,1.0,1.5R/0.5,1.5,0
k70,none,1.0,1.5R/0.5,1.5,1
k70,none,1.0,1.5R/0.5,3.0,0
k70,none,1.0,1.5R/0.5,3.0,1
k70,none,1.0,2.0R/0.5,0.0,0
k70,none,1.0,2.0R/0.5,0.0,1
k70,none,1.0,2.0R/0.5,1.5,0
k70,none,1.0,2.0R/0.5,1.5,1
k70,none,1.0,2.0R/0.5,3.0,0
k70,none,1.0,2.0R/0.5,3.0,1
k70,none,1.0,1.5R/0.7,0.0,0
k70,none,1.0,1.5R/0.7,0.0,1
k70,none,1.0,1.5R/0.7,1.5,0
k70,none,1.0,1.5R/0.7,1.5,1
k70,none,1.0,1.5R/0.7,3.0,0
k70,none,1.0,1.5R/0.7,3.0,1
k70,none,1.0,3.0R/0.5,0.0,0
k70,none,1.0,3.0R/0.5,0.0,1
k70,none,1.0,3.0R/0.5,1.5,0
k70,none,1.0,3.0R/0.5,1.5,1
k70,none,1.0,3.0R/0.5,3.0,0
k70,none,1.0,3.0R/0.5,3.0,1
k70,2R,0.0,none,0.0,0
k70,2R,0.0,none,0.0,1
k70,2R,0.0,none,1.5,0
k70,2R,0.0,none,1.5,1
k70,2R,0.0,none,3.0,0
k70,2R,0.0,none,3.0,1
k70,2R,0.0,1.0R/0.5,0.0,0
k70,2R,0.0,1.0R/0.5,0.0,1
k70,2R,0.0,1.0R/0.5,1.5,0
k70,2R,0.0,1.0R/0.5,1.5,1
k70,2R,0.0,1.0R/0.5,3.0,0
k70,2R,0.0,1.0R/0.5,3.0,1
k70,2R,0.0,1.5R/0.5,0.0,0
k70,2R,0.0,1.5R/0.5,0.0,1
k70,2R,0.0,1.5R/0.5,1.5,0
k70,2R,0.0,1.5R/0.5,1.5,1
k70,2R,0.0,1.5R/0.5,3.0,0
k70,2R,0.0,1.5R/0.5,3.0,1
k70,2R,0.0,2.0R/0.5,0.0,0
k70,2R,0.0,2.0R/0.5,0.0,1
k70,2R,0.0,2.0R/0.5,1.5,0
k70,2R,0.0,2.0R/0.5,1.5,1
k70,2R,0.0,2.0R/0.5,3.0,0
k70,2R,0.0,2.0R/0.5,3.0,1
k70,2R,0.0,1.5R/0.7,0.0,0
k70,2R,0.0,1.5R/0.7,0.0,1
k70,2R,0.0,1.5R/0.7,1.5,0
k70,2R,0.0,1.5R/0.7,1.5,1
k70,2R,0.0,1.5R/0.7,3.0,0
k70,2R,0.0,1.5R/0.7,3.0,1
k70,2R,0.0,3.0R/0.5,0.0,0
k70,2R,0.0,3.0R/0.5,0.0,1
k70,2R,0.0,3.0R/0.5,1.5,0
k70,2R,0.0,3.0R/0.5,1.5,1
k70,2R,0.0,3.0R/0.5,3.0,0
k70,2R,0.0,3.0R/0.5,3.0,1
k70,2R,1.0,none,0.0,0
k70,2R,1.0,none,0.0,1
k70,2R,1.0,none,1.5,0
k70,2R,1.0,none,1.5,1
k70,2R,1.0,none,3.0,0
k70,2R,1.0,none,3.0,1
k70,2R,1.0,1.0R/0.5,0.0,0
k70,2R,1.0,1.0R/0.5,0.0,1
k70,2R,1.0,1.0R/0.5,1.5,0
k70,2R,1.0,1.0R/0.5,1.5,1
k70,2R,1.0,1.0R/0.5,3.0,0
k70,2R,1.0,1.0R/0.5,3.0,1
k70,2R,1.0,1.5R/0.5,0.0,0
k70,2R,1.0,1.5R/0.5,0.0,1
k70,2R,1.0,1.5R/0.5,1.5,0
k70,2R,1.0,1.5R/0.5,1.5,1
k70,2R,1.0,1.5R/0.5,3.0,0
k70,2R,1.0,1.5R/0.5,3.0,1
k70,2R,1.0,2.0R/0.5,0.0,0
k70,2R,1.0,2.0R/0.5,0.0,1
k70,2R,1.0,2.0R/0.5,1.5,0
k70,2R,1.0,2.0R/0.5,1.5,1
k70,2R,1.0,2.0R/0.5,3.0,0
k70,2R,1.0,2.0R/0.5,3.0,1
k70,2R,1.0,1.5R/0.7,0.0,0
k70,2R,1.0,1.5R/0.7,0.0,1
k70,2R,1.0,1.5R/0.7,1.5,0
k70,2R,1.0,1.5R/0.7,1.5,1
k70,2R,1.0,1.5R/0.7,3.0,0
k70,2R,1.0,1.5R/0.7,3.0,1
k70,2R,1.0,3.0R/0.5,0.0,0
k70,2R,1.0,3.0R/0.5,0.0,1
k70,2R,1.0,3.0R/0.5,1.5,0
k70,2R,1.0,3.0R/0.5,1.5,1
k70,2R,1.0,3.0R/0.5,3.0,0
k70,2R,1.0,3.0R/0.5,3.0,1
k70,3R,0.0,none,0.0,0
k70,3R,0.0,none,0.0,1
k70,3R,0.0,none,1.5,0
k70,3R,0.0,none,1.5,1
k70,3R,0.0,none,3.0,0
k70,3R,0.0,none,3.0,1
k70,3R,0.0,1.0R/0.5,0.0,0
k70,3R,0.0,1.0R/0.5,0.0,1
k70,3R,0.0,1.0R/0.5,1.5,0
k70,3R,0.0,1.0R/0.5,1.5,1
k70,3R,0.0,1.0R/0.5,3.0,0
k70,3R,0.0,1.0R/0.5,3.0,1
k70,3R,0.0,1.5R/0.5,0.0,0
k70,3R,0.0,1.5R/0.5,0.0,1
k70,3R,0.0,1.5R/0.5,1.5,0
k70,3R,0.0,1.5R/0.5,1.5,1
k70,3R,0.0,1.5R/0.5,3.0,0
k70,3R,0.0,1.5R/0.5,3.0,1
k70,3R,0.0,2.0R/0.5,0.0,0
k70,3R,0.0,2.0R/0.5,0.0,1
k70,3R,0.0,2.0R/0.5,1.5,0
k70,3R,0.0,2.0R/0.5,1.5,1
k70,3R,0.0,2.0R/0.5,3.0,0
k70,3R,0.0,2.0R/0.5,3.0,1
k70,3R,0.0,1.5R/0.7,0.0,0
k70,3R,0.0,1.5R/0.7,0.0,1
k70,3R,0.0,1.5R/0.7,1.5,0
k70,3R,0.0,1.5R/0.7,1.5,1
k70,3R,0.0,1.5R/0.7,3.0,0
k70,3R,0.0,1.5R/0.7,3.0,1
k70,3R,0.0,3.0R/0.5,0.0,0
k70,3R,0.0,3.0R/0.5,0.0,1
k70,3R,0.0,3.0R/0.5,1.5,0
k70,3R,0.0,3.0R/0.5,1.5,1
k70,3R,0.0,3.0R/0.5,3.0,0
k70,3R,0.0,3.0R/0.5,3.0,1
k70,3R,1.0,none,0.0,0
k70,3R,1.0,none,0.0,1
k70,3R,1.0,none,1.5,0
k70,3R,1.0,none,1.5,1
k70,3R,1.0,none,3.0,0
k70,3R,1.0,none,3.0,1
k70,3R,1.0,1.0R/0.5,0.0,0
k70,3R,1.0,1.0R/0.5,0.0,1
k70,3R,1.0,1.0R/0.5,1.5,0
k70,3R,1.0,1.0R/0.5,1.5,1
k70,3R,1.0,1.0R/0.5,3.0,0
k70,3R,1.0,1.0R/0.5,3.0,1
k70,3R,1.0,1.5R/0.5,0.0,0
k70,3R,1.0,1.5R/0.5,0.0,1
k70,3R,1.0,1.5R/0.5,1.5,0
k70,3R,1.0,1.5R/0.5,1.5,1
k70,3R,1.0,1.5R/0.5,3.0,0
k70,3R,1.0,1.5R/0.5,3.0,1
k70,3R,1.0,2.0R/0.5,0.0,0
k70,3R,1.0,2.0R/0.5,0.0,1
k70,3R,1.0,2.0R/0.5,1.5,0
k70,3R,1.0,2.0R/0.5,1.5,1
k70,3R,1.0,2.0R/0.5,3.0,0
k70,3R,1.0,2.0R/0.5,3.0,1
k70,3R,1.0,1.5R/0.7,0.0,0
k70,3R,1.0,1.5R/0.7,0.0,1
k70,3R,1.0,1.5R/0.7,1.5,0
k70,3R,1.0,1.5R/0.7,1.5,1
k70,3R,1.0,1.5R/0.7,3.0,0
k70,3R,1.0,1.5R/0.7,3.0,1
k70,3R,1.0,3.0R/0.5,0.0,0
k70,3R,1.0,3.0R/0.5,0.0,1
k70,3R,1.0,3.0R/0.5,1.5,0
k70,3R,1.0,3.0R/0.5,1.5,1
k70,3R,1.0,3.0R/0.5,3.0,0
k70,3R,1.0,3.0R/0.5,3.0,1
k70,5R,0.0,none,0.0,0
k70,5R,0.0,none,0.0,1
k70,5R,0.0,none,1.5,0
k70,5R,0.0,none,1.5,1
k70,5R,0.0,none,3.0,0
k70,5R,0.0,none,3.0,1
k70,5R,0.0,1.0R/0.5,0.0,0
k70,5R,0.0,1.0R/0.5,0.0,1
k70,5R,0.0,1.0R/0.5,1.5,0
k70,5R,0.0,1.0R/0.5,1.5,1
k70,5R,0.0,1.0R/0.5,3.0,0
k70,5R,0.0,1.0R/0.5,3.0,1
k70,5R,0.0,1.5R/0.5,0.0,0
k70,5R,0.0,1.5R/0.5,0.0,1
k70,5R,0.0,1.5R/0.5,1.5,0
k70,5R,0.0,1.5R/0.5,1.5,1
k70,5R,0.0,1.5R/0.5,3.0,0
k70,5R,0.0,1.5R/0.5,3.0,1
k70,5R,0.0,2.0R/0.5,0.0,0
k70,5R,0.0,2.0R/0.5,0.0,1
k70,5R,0.0,2.0R/0.5,1.5,0
k70,5R,0.0,2.0R/0.5,1.5,1
k70,5R,0.0,2.0R/0.5,3.0,0
k70,5R,0.0,2.0R/0.5,3.0,1
k70,5R,0.0,1.5R/0.7,0.0,0
k70,5R,0.0,1.5R/0.7,0.0,1
k70,5R,0.0,1.5R/0.7,1.5,0
k70,5R,0.0,1.5R/0.7,1.5,1
k70,5R,0.0,1.5R/0.7,3.0,0
k70,5R,0.0,1.5R/0.7,3.0,1
k70,5R,0.0,3.0R/0.5,0.0,0
k70,5R,0.0,3.0R/0.5,0.0,1
k70,5R,0.0,3.0R/0.5,1.5,0
k70,5R,0.0,3.0R/0.5,1.5,1
k70,5R,0.0,3.0R/0.5,3.0,0
k70,5R,0.0,3.0R/0.5,3.0,1
k70,5R,1.0,none,0.0,0
k70,5R,1.0,none,0.0,1
k70,5R,1.0,none,1.5,0
k70,5R,1.0,none,1.5,1
k70,5R,1.0,none,3.0,0
k70,5R,1.0,none,3.0,1
k70,5R,1.0,1.0R/0.5,0.0,0
k70,5R,1.0,1.0R/0.5,0.0,1
k70,5R,1.0,1.0R/0.5,1.5,0
k70,5R,1.0,1.0R/0.5,1.5,1
k70,5R,1.0,1.0R/0.5,3.0,0
k70,5R,1.0,1.0R/0.5,3.0,1
k70,5R,1.0,1.5R/0.5,0.0,0
k70,5R,1.0,1.5R/0.5,0.0,1
k70,5R,1.0,1.5R/0.5,1.5,0
k70,5R,1.0,1.5R/0.5,1.5,1
k70,5R,1.0,1.5R/0.5,3.0,0
k70,5R,1.0,1.5R/0.5,3.0,1
k70,5R,1.0,2.0R/0.5,0.0,0
k70,5R,1.0,2.0R/0.5,0.0,1
k70,5R,1.0,2.0R/0.5,1.5,0
k70,5R,1.0,2.0R/0.5,1.5,1
k70,5R,1.0,2.0R/0.5,3.0,0
k70,5R,1.0,2.0R/0.5,3.0,1
k70,5R,1.0,1.5R/0.7,0.0,0
k70,5R,1.0,1.5R/0.7,0.0,1
k70,5R,1.0,1.5R/0.7,1.5,0
k70,5R,1.0,1.5R/0.7,1.5,1
k70,5R,1.0,1.5R/0.7,3.0,0
k70,5R,1.0,1.5R/0.7,3.0,1
k70,5R,1.0,3.0R/0.5,0.0,0
k70,5R,1.0,3.0R/0.5,0.0,1
k70,5R,1.0,3.0R/0.5,1.5,0
k70,5R,1.0,3.0R/0.5,1.5,1
k70,5R,1.0,3.0R/0.5,3.0,0
k70,5R,1.0,3.0R/0.5,3.0,1
k70,q85,0.0,none,0.0,0
k70,q85,0.0,none,0.0,1
k70,q85,0.0,none,1.5,0
k70,q85,0.0,none,1.5,1
k70,q85,0.0,none,3.0,0
k70,q85,0.0,none,3.0,1
k70,q85,0.0,1.0R/0.5,0.0,0
k70,q85,0.0,1.0R/0.5,0.0,1
k70,q85,0.0,1.0R/0.5,1.5,0
k70,q85,0.0,1.0R/0.5,1.5,1
k70,q85,0.0,1.0R/0.5,3.0,0
k70,q85,0.0,1.0R/0.5,3.0,1
k70,q85,0.0,1.5R/0.5,0.0,0
k70,q85,0.0,1.5R/0.5,0.0,1
k70,q85,0.0,1.5R/0.5,1.5,0
k70,q85,0.0,1.5R/0.5,1.5,1
k70,q85,0.0,1.5R/0.5,3.0,0
k70,q85,0.0,1.5R/0.5,3.0,1
k70,q85,0.0,2.0R/0.5,0.0,0
k70,q85,0.0,2.0R/0.5,0.0,1
k70,q85,0.0,2.0R/0.5,1.5,0
k70,q85,0.0,2.0R/0.5,1.5,1
k70,q85,0.0,2.0R/0.5,3.0,0
k70,q85,0.0,2.0R/0.5,3.0,1
k70,q85,0.0,1.5R/0.7,0.0,0
k70,q85,0.0,1.5R/0.7,0.0,1
k70,q85,0.0,1.5R/0.7,1.5,0
k70,q85,0.0,1.5R/0.7,1.5,1
k70,q85,0.0,1.5R/0.7,3.0,0
k70,q85,0.0,1.5R/0.7,3.0,1
k70,q85,0.0,3.0R/0.5,0.0,0
k70,q85,0.0,3.0R/0.5,0.0,1
k70,q85,0.0,3.0R/0.5,1.5,0
k70,q85,0.0,3.0R/0.5,1.5,1
k70,q85,0.0,3.0R/0.5,3.0,0
k70,q85,0.0,3.0R/0.5,3.0,1
k70,q85,1.0,none,0.0,0
k70,q85,1.0,none,0.0,1
k70,q85,1.0,none,1.5,0
k70,q85,1.0,none,1.5,1
k70,q85,1.0,none,3.0,0
k70,q85,1.0,none,3.0,1
k70,q85,1.0,1.0R/0.5,0.0,0
k70,q85,1.0,1.0R/0.5,0.0,1
k70,q85,1.0,1.0R/0.5,1.5,0
k70,q85,1.0,1.0R/0.5,1.5,1
k70,q85,1.0,1.0R/0.5,3.0,0
k70,q85,1.0,1.0R/0.5,3.0,1
k70,q85,1.0,1.5R/0.5,0.0,0
k70,q85,1.0,1.5R/0.5,0.0,1
k70,q85,1.0,1.5R/0.5,1.5,0
k70,q85,1.0,1.5R/0.5,1.5,1
k70,q85,1.0,1.5R/0.5,3.0,0
k70,q85,1.0,1.5R/0.5,3.0,1
k70,q85,1.0,2.0R/0.5,0.0,0
k70,q85,1.0,2.0R/0.5,0.0,1
k70,q85,1.0,2.0R/0.5,1.5,0
k70,q85,1.0,2.0R/0.5,1.5,1
k70,q85,1.0,2.0R/0.5,3.0,0
k70,q85,1.0,2.0R/0.5,3.0,1
k70,q85,1.0,1.5R/0.7,0.0,0
k70,q85,1.0,1.5R/0.7,0.0,1
k70,q85,1.0,1.5R/0.7,1.5,0
k70,q85,1.0,1.5R/0.7,1.5,1
k70,q85,1.0,1.5R/0.7,3.0,0
k70,q85,1.0,1.5R/0.7,3.0,1
k70,q85,1.0,3.0R/0.5,0.0,0
k70,q85,1.0,3.0R/0.5,0.0,1
k70,q85,1.0,3.0R/0.5,1.5,0
k70,q85,1.0,3.0R/0.5,1.5,1
k70,q85,1.0,3.0R/0.5,3.0,0
k70,q85,1.0,3.0R/0.5,3.0,1
k90,none,0.0,none,0.0,0
k90,none,0.0,none,0.0,1
k90,none,0.0,none,1.5,0
k90,none,0.0,none,1.5,1
k90,none,0.0,none,3.0,0
k90,none,0.0,none,3.0,1
k90,none,0.0,1.0R/0.5,0.0,0
k90,none,0.0,1.0R/0.5,0.0,1
k90,none,0.0,1.0R/0.5,1.5,0
k90,none,0.0,1.0R/0.5,1.5,1
k90,none,0.0,1.0R/0.5,3.0,0
k90,none,0.0,1.0R/0.5,3.0,1
k90,none,0.0,1.5R/0.5,0.0,0
k90,none,0.0,1.5R/0.5,0.0,1
k90,none,0.0,1.5R/0.5,1.5,0
k90,none,0.0,1.5R/0.5,1.5,1
k90,none,0.0,1.5R/0.5,3.0,0
k90,none,0.0,1.5R/0.5,3.0,1
k90,none,0.0,2.0R/0.5,0.0,0
k90,none,0.0,2.0R/0.5,0.0,1
k90,none,0.0,2.0R/0.5,1.5,0
k90,none,0.0,2.0R/0.5,1.5,1
k90,none,0.0,2.0R/0.5,3.0,0
k90,none,0.0,2.0R/0.5,3.0,1
k90,none,0.0,1.5R/0.7,0.0,0
k90,none,0.0,1.5R/0.7,0.0,1
k90,none,0.0,1.5R/0.7,1.5,0
k90,none,0.0,1.5R/0.7,1.5,1
k90,none,0.0,1.5R/0.7,3.0,0
k90,none,0.0,1.5R/0.7,3.0,1
k90,none,0.0,3.0R/0.5,0.0,0
k90,none,0.0,3.0R/0.5,0.0,1
k90,none,0.0,3.0R/0.5,1.5,0
k90,none,0.0,3.0R/0.5,1.5,1
k90,none,0.0,3.0R/0.5,3.0,0
k90,none,0.0,3.0R/0.5,3.0,1
k90,none,1.0,none,0.0,0
k90,none,1.0,none,0.0,1
k90,none,1.0,none,1.5,0
k90,none,1.0,none,1.5,1
k90,none,1.0,none,3.0,0
k90,none,1.0,none,3.0,1
k90,none,1.0,1.0R/0.5,0.0,0
k90,none,1.0,1.0R/0.5,0.0,1
k90,none,1.0,1.0R/0.5,1.5,0
k90,none,1.0,1.0R/0.5,1.5,1
k90,none,1.0,1.0R/0.5,3.0,0
k90,none,1.0,1.0R/0.5,3.0,1
k90,none,1.0,1.5R/0.5,0.0,0
k90,none,1.0,1.5R/0.5,0.0,1
k90,none,1.0,1.5R/0.5,1.5,0
k90,none,1.0,1.5R/0.5,1.5,1
k90,none,1.0,1.5R/0.5,3.0,0
k90,none,1.0,1.5R/0.5,3.0,1
k90,none,1.0,2.0R/0.5,0.0,0
k90,none,1.0,2.0R/0.5,0.0,1
k90,none,1.0,2.0R/0.5,1.5,0
k90,none,1.0,2.0R/0.5,1.5,1
k90,none,1.0,2.0R/0.5,3.0,0
k90,none,1.0,2.0R/0.5,3.0,1
k90,none,1.0,1.5R/0.7,0.0,0
k90,none,1.0,1.5R/0.7,0.0,1
k90,none,1.0,1.5R/0.7,1.5,0
k90,none,1.0,1.5R/0.7,1.5,1
k90,none,1.0,1.5R/0.7,3.0,0
k90,none,1.0,1.5R/0.7,3.0,1
k90,none,1.0,3.0R/0.5,0.0,0
k90,none,1.0,3.0R/0.5,0.0,1
k90,none,1.0,3.0R/0.5,1.5,0
k90,none,1.0,3.0R/0.5,1.5,1
k90,none,1.0,3.0R/0.5,3.0,0
k90,none,1.0,3.0R/0.5,3.0,1
k90,2R,0.0,none,0.0,0
k90,2R,0.0,none,0.0,1
k90,2R,0.0,none,1.5,0
k90,2R,0.0,none,1.5,1
k90,2R,0.0,none,3.0,0
k90,2R,0.0,none,3.0,1
k90,2R,0.0,1.0R/0.5,0.0,0
k90,2R,0.0,1.0R/0.5,0.0,1
k90,2R,0.0,1.0R/0.5,1.5,0
k90,2R,0.0,1.0R/0.5,1.5,1
k90,2R,0.0,1.0R/0.5,3.0,0
k90,2R,0.0,1.0R/0.5,3.0,1
k90,2R,0.0,1.5R/0.5,0.0,0
k90,2R,0.0,1.5R/0.5,0.0,1
k90,2R,0.0,1.5R/0.5,1.5,0
k90,2R,0.0,1.5R/0.5,1.5,1
k90,2R,0.0,1.5R/0.5,3.0,0
k90,2R,0.0,1.5R/0.5,3.0,1
k90,2R,0.0,2.0R/0.5,0.0,0
k90,2R,0.0,2.0R/0.5,0.0,1
k90,2R,0.0,2.0R/0.5,1.5,0
k90,2R,0.0,2.0R/0.5,1.5,1
k90,2R,0.0,2.0R/0.5,3.0,0
k90,2R,0.0,2.0R/0.5,3.0,1
k90,2R,0.0,1.5R/0.7,0.0,0
k90,2R,0.0,1.5R/0.7,0.0,1
k90,2R,0.0,1.5R/0.7,1.5,0
k90,2R,0.0,1.5R/0.7,1.5,1
k90,2R,0.0,1.5R/0.7,3.0,0
k90,2R,0.0,1.5R/0.7,3.0,1
k90,2R,0.0,3.0R/0.5,0.0,0
k90,2R,0.0,3.0R/0.5,0.0,1
k90,2R,0.0,3.0R/0.5,1.5,0
k90,2R,0.0,3.0R/0.5,1.5,1
k90,2R,0.0,3.0R/0.5,3.0,0
k90,2R,0.0,3.0R/0.5,3.0,1
k90,2R,1.0,none,0.0,0
k90,2R,1.0,none,0.0,1
k90,2R,1.0,none,1.5,0
k90,2R,1.0,none,1.5,1
k90,2R,1.0,none,3.0,0
k90,2R,1.0,none,3.0,1
k90,2R,1.0,1.0R/0.5,0.0,0
k90,2R,1.0,1.0R/0.5,0.0,1
k90,2R,1.0,1.0R/0.5,1.5,0
k90,2R,1.0,1.0R/0.5,1.5,1
k90,2R,1.0,1.0R/0.5,3.0,0
k90,2R,1.0,1.0R/0.5,3.0,1
k90,2R,1.0,1.5R/0.5,0.0,0
k90,2R,1.0,1.5R/0.5,0.0,1
k90,2R,1.0,1.5R/0.5,1.5,0
k90,2R,1.0,1.5R/0.5,1.5,1
k90,2R,1.0,1.5R/0.5,3.0,0
k90,2R,1.0,1.5R/0.5,3.0,1
k90,2R,1.0,2.0R/0.5,0.0,0
k90,2R,1.0,2.0R/0.5,0.0,1
k90,2R,1.0,2.0R/0.5,1.5,0
k90,2R,1.0,2.0R/0.5,1.5,1
k90,2R,1.0,2.0R/0.5,3.0,0
k90,2R,1.0,2.0R/0.5,3.0,1
k90,2R,1.0,1.5R/0.7,0.0,0
k90,2R,1.0,1.5R/0.7,0.0,1
k90,2R,1.0,1.5R/0.7,1.5,0
k90,2R,1.0,1.5R/0.7,1.5,1
k90,2R,1.0,1.5R/0.7,3.0,0
k90,2R,1.0,1.5R/0.7,3.0,1
k90,2R,1.0,3.0R/0.5,0.0,0
k90,2R,1.0,3.0R/0.5,0.0,1
k90,2R,1.0,3.0R/0.5,1.5,0
k90,2R,1.0,3.0R/0.5,1.5,1
k90,2R,1.0,3.0R/0.5,3.0,0
k90,2R,1.0,3.0R/0.5,3.0,1
k90,3R,0.0,none,0.0,0
k90,3R,0.0,none,0.0,1
k90,3R,0.0,none,1.5,0
k90,3R,0.0,none,1.5,1
k90,3R,0.0,none,3.0,0
k90,3R,0.0,none,3.0,1
k90,3R,0.0,1.0R/0.5,0.0,0
k90,3R,0.0,1.0R/0.5,0.0,1
k90,3R,0.0,1.0R/0.5,1.5,0
k90,3R,0.0,1.0R/0.5,1.5,1
k90,3R,0.0,1.0R/0.5,3.0,0
k90,3R,0.0,1.0R/0.5,3.0,1
k90,3R,0.0,1.5R/0.5,0.0,0
k90,3R,0.0,1.5R/0.5,0.0,1
k90,3R,0.0,1.5R/0.5,1.5,0
k90,3R,0.0,1.5R/0.5,1.5,1
k90,3R,0.0,1.5R/0.5,3.0,0
k90,3R,0.0,1.5R/0.5,3.0,1
k90,3R,0.0,2.0R/0.5,0.0,0
k90,3R,0.0,2.0R/0.5,0.0,1
k90,3R,0.0,2.0R/0.5,1.5,0
k90,3R,0.0,2.0R/0.5,1.5,1
k90,3R,0.0,2.0R/0.5,3.0,0
k90,3R,0.0,2.0R/0.5,3.0,1
k90,3R,0.0,1.5R/0.7,0.0,0
k90,3R,0.0,1.5R/0.7,0.0,1
k90,3R,0.0,1.5R/0.7,1.5,0
k90,3R,0.0,1.5R/0.7,1.5,1
k90,3R,0.0,1.5R/0.7,3.0,0
k90,3R,0.0,1.5R/0.7,3.0,1
k90,3R,0.0,3.0R/0.5,0.0,0
k90,3R,0.0,3.0R/0.5,0.0,1
k90,3R,0.0,3.0R/0.5,1.5,0
k90,3R,0.0,3.0R/0.5,1.5,1
k90,3R,0.0,3.0R/0.5,3.0,0
k90,3R,0.0,3.0R/0.5,3.0,1
k90,3R,1.0,none,0.0,0
k90,3R,1.0,none,0.0,1
k90,3R,1.0,none,1.5,0
k90,3R,1.0,none,1.5,1
k90,3R,1.0,none,3.0,0
k90,3R,1.0,none,3.0,1
k90,3R,1.0,1.0R/0.5,0.0,0
k90,3R,1.0,1.0R/0.5,0.0,1
k90,3R,1.0,1.0R/0.5,1.5,0
k90,3R,1.0,1.0R/0.5,1.5,1
k90,3R,1.0,1.0R/0.5,3.0,0
k90,3R,1.0,1.0R/0.5,3.0,1
k90,3R,1.0,1.5R/0.5,0.0,0
k90,3R,1.0,1.5R/0.5,0.0,1
k90,3R,1.0,1.5R/0.5,1.5,0
k90,3R,1.0,1.5R/0.5,1.5,1
k90,3R,1.0,1.5R/0.5,3.0,0
k90,3R,1.0,1.5R/0.5,3.0,1
k90,3R,1.0,2.0R/0.5,0.0,0
k90,3R,1.0,2.0R/0.5,0.0,1
k90,3R,1.0,2.0R/0.5,1.5,0
k90,3R,1.0,2.0R/0.5,1.5,1
k90,3R,1.0,2.0R/0.5,3.0,0
k90,3R,1.0,2.0R/0.5,3.0,1
k90,3R,1.0,1.5R/0.7,0.0,0
k90,3R,1.0,1.5R/0.7,0.0,1
k90,3R,1.0,1.5R/0.7,1.5,0
k90,3R,1.0,1.5R/0.7,1.5,1
k90,3R,1.0,1.5R/0.7,3.0,0
k90,3R,1.0,1.5R/0.7,3.0,1
k90,3R,1.0,3.0R/0.5,0.0,0
k90,3R,1.0,3.0R/0.5,0.0,1
k90,3R,1.0,3.0R/0.5,1.5,0
k90,3R,1.0,3.0R/0.5,1.5,1
k90,3R,1.0,3.0R/0.5,3.0,0
k90,3R,1.0,3.0R/0.5,3.0,1
k90,5R,0.0,none,0.0,0
k90,5R,0.0,none,0.0,1
k90,5R,0.0,none,1.5,0
k90,5R,0.0,none,1.5,1
k90,5R,0.0,none,3.0,0
k90,5R,0.0,none,3.0,1
k90,5R,0.0,1.0R/0.5,0.0,0
k90,5R,0.0,1.0R/0.5,0.0,1
k90,5R,0.0,1.0R/0.5,1.5,0
k90,5R,0.0,1.0R/0.5,1.5,1
k90,5R,0.0,1.0R/0.5,3.0,0
k90,5R,0.0,1.0R/0.5,3.0,1
k90,5R,0.0,1.5R/0.5,0.0,0
k90,5R,0.0,1.5R/0.5,0.0,1
k90,5R,0.0,1.5R/0.5,1.5,0
k90,5R,0.0,1.5R/0.5,1.5,1
k90,5R,0.0,1.5R/0.5,3.0,0
k90,5R,0.0,1.5R/0.5,3.0,1
k90,5R,0.0,2.0R/0.5,0.0,0
k90,5R,0.0,2.0R/0.5,0.0,1
k90,5R,0.0,2.0R/0.5,1.5,0
k90,5R,0.0,2.0R/0.5,1.5,1
k90,5R,0.0,2.0R/0.5,3.0,0
k90,5R,0.0,2.0R/0.5,3.0,1
k90,5R,0.0,1.5R/0.7,0.0,0
k90,5R,0.0,1.5R/0.7,0.0,1
k90,5R,0.0,1.5R/0.7,1.5,0
k90,5R,0.0,1.5R/0.7,1.5,1
k90,5R,0.0,1.5R/0.7,3.0,0
k90,5R,0.0,1.5R/0.7,3.0,1
k90,5R,0.0,3.0R/0.5,0.0,0
k90,5R,0.0,3.0R/0.5,0.0,1
k90,5R,0.0,3.0R/0.5,1.5,0
k90,5R,0.0,3.0R/0.5,1.5,1
k90,5R,0.0,3.0R/0.5,3.0,0
k90,5R,0.0,3.0R/0.5,3.0,1
k90,5R,1.0,none,0.0,0
k90,5R,1.0,none,0.0,1
k90,5R,1.0,none,1.5,0
k90,5R,1.0,none,1.5,1
k90,5R,1.0,none,3.0,0
k90,5R,1.0,none,3.0,1
k90,5R,1.0,1.0R/0.5,0.0,0
k90,5R,1.0,1.0R/0.5,0.0,1
k90,5R,1.0,1.0R/0.5,1.5,0
k90,5R,1.0,1.0R/0.5,1.5,1
k90,5R,1.0,1.0R/0.5,3.0,0
k90,5R,1.0,1.0R/0.5,3.0,1
k90,5R,1.0,1.5R/0.5,0.0,0
k90,5R,1.0,1.5R/0.5,0.0,1
k90,5R,1.0,1.5R/0.5,1.5,0
k90,5R,1.0,1.5R/0.5,1.5,1
k90,5R,1.0,1.5R/0.5,3.0,0
k90,5R,1.0,1.5R/0.5,3.0,1
k90,5R,1.0,2.0R/0.5,0.0,0
k90,5R,1.0,2.0R/0.5,0.0,1
k90,5R,1.0,2.0R/0.5,1.5,0
k90,5R,1.0,2.0R/0.5,1.5,1
k90,5R,1.0,2.0R/0.5,3.0,0
k90,5R,1.0,2.0R/0.5,3.0,1
k90,5R,1.0,1.5R/0.7,0.0,0
k90,5R,1.0,1.5R/0.7,0.0,1
k90,5R,1.0,1.5R/0.7,1.5,0
k90,5R,1.0,1.5R/0.7,1.5,1
k90,5R,1.0,1.5R/0.7,3.0,0
k90,5R,1.0,1.5R/0.7,3.0,1
k90,5R,1.0,3.0R/0.5,0.0,0
k90,5R,1.0,3.0R/0.5,0.0,1
k90,5R,1.0,3.0R/0.5,1.5,0
k90,5R,1.0,3.0R/0.5,1.5,1
k90,5R,1.0,3.0R/0.5,3.0,0
k90,5R,1.0,3.0R/0.5,3.0,1
k90,q85,0.0,none,0.0,0
k90,q85,0.0,none,0.0,1
k90,q85,0.0,none,1.5,0
k90,q85,0.0,none,1.5,1
k90,q85,0.0,none,3.0,0
k90,q85,0.0,none,3.0,1
k90,q85,0.0,1.0R/0.5,0.0,0
k90,q85,0.0,1.0R/0.5,0.0,1
k90,q85,0.0,1.0R/0.5,1.5,0
k90,q85,0.0,1.0R/0.5,1.5,1
k90,q85,0.0,1.0R/0.5,3.0,0
k90,q85,0.0,1.0R/0.5,3.0,1
k90,q85,0.0,1.5R/0.5,0.0,0
k90,q85,0.0,1.5R/0.5,0.0,1
k90,q85,0.0,1.5R/0.5,1.5,0
k90,q85,0.0,1.5R/0.5,1.5,1
k90,q85,0.0,1.5R/0.5,3.0,0
k90,q85,0.0,1.5R/0.5,3.0,1
k90,q85,0.0,2.0R/0.5,0.0,0
k90,q85,0.0,2.0R/0.5,0.0,1
k90,q85,0.0,2.0R/0.5,1.5,0
k90,q85,0.0,2.0R/0.5,1.5,1
k90,q85,0.0,2.0R/0.5,3.0,0
k90,q85,0.0,2.0R/0.5,3.0,1
k90,q85,0.0,1.5R/0.7,0.0,0
k90,q85,0.0,1.5R/0.7,0.0,1
k90,q85,0.0,1.5R/0.7,1.5,0
k90,q85,0.0,1.5R/0.7,1.5,1
k90,q85,0.0,1.5R/0.7,3.0,0
k90,q85,0.0,1.5R/0.7,3.0,1
k90,q85,0.0,3.0R/0.5,0.0,0
k90,q85,0.0,3.0R/0.5,0.0,1
k90,q85,0.0,3.0R/0.5,1.5,0
k90,q85,0.0,3.0R/0.5,1.5,1
k90,q85,0.0,3.0R/0.5,3.0,0
k90,q85,0.0,3.0R/0.5,3.0,1
k90,q85,1.0,none,0.0,0
k90,q85,1.0,none,0.0,1
k90,q85,1.0,none,1.5,0
k90,q85,1.0,none,1.5,1
k90,q85,1.0,none,3.0,0
k90,q85,1.0,none,3.0,1
k90,q85,1.0,1.0R/0.5,0.0,0
k90,q85,1.0,1.0R/0.5,0.0,1
k90,q85,1.0,1.0R/0.5,1.5,0
k90,q85,1.0,1.0R/0.5,1.5,1
k90,q85,1.0,1.0R/0.5,3.0,0
k90,q85,1.0,1.0R/0.5,3.0,1
k90,q85,1.0,1.5R/0.5,0.0,0
k90,q85,1.0,1.5R/0.5,0.0,1
k90,q85,1.0,1.5R/0.5,1.5,0
k90,q85,1.0,1.5R/0.5,1.5,1
k90,q85,1.0,1.5R/0.5,3.0,0
k90,q85,1.0,1.5R/0.5,3.0,1
k90,q85,1.0,2.0R/0.5,0.0,0
k90,q85,1.0,2.0R/0.5,0.0,1
k90,q85,1.0,2.0R/0.5,1.5,0
k90,q85,1.0,2.0R/0.5,1.5,1
k90,q85,1.0,2.0R/0.5,3.0,0
k90,q85,1.0,2.0R/0.5,3.0,1
k90,q85,1.0,1.5R/0.7,0.0,0
k90,q85,1.0,1.5R/0.7,0.0,1
k90,q85,1.0,1.5R/0.7,1.5,0
k90,q85,1.0,1.5R/0.7,1.5,1
k90,q85,1.0,1.5R/0.7,3.0,0
k90,q85,1.0,1.5R/0.7,3.0,1
k90,q85,1.0,3.0R/0.5,0.0,0
k90,q85,1.0,3.0R/0.5,0.0,1
k90,q85,1.0,3.0R/0.5,1.5,0
k90,q85,1.0,3.0R/0.5,1.5,1
k90,q85,1.0,3.0R/0.5,3.0,0
k90,q85,1.0,3.0R/0.5,3.0,1
