tf,lock,R_half,win_half,dd_half,allq_half,R_lock,win_lock,dd_lock,allq_lock
15min,0.25,51.50456640276562,68.18181818181817,3.3750331230573565,True,89.20351180184471,68.18181818181817,5.679700152887506,False
15min,0.25,47.905407502826634,68.29268292682927,3.3750331230573565,True,82.55460094830346,68.29268292682927,5.679700152887506,False
15min,0.25,41.007296040989196,64.81481481481481,3.400370131472741,True,68.88926486343252,64.81481481481481,5.681368330683995,False
15min,0.25,39.702515254368336,67.27272727272727,3.3750331230573565,True,63.86535125368532,67.27272727272727,5.6797001528874915,False
15min,0.0,34.43562761968954,75.0,1.7604586263779631,True,57.06269955003249,25.0,2.3153968888734724,False
15min,0.0,34.0453858342329,70.73170731707317,2.9533390579790892,True,58.65275879882684,24.390243902439025,4.085267299643977,False
15min,0.25,32.360865256722114,75.38461538461539,2.5459061234360827,True,50.649819953827816,75.38461538461539,3.030345376602134,False
15min,0.0,32.34012420536752,70.0,3.069941743908523,True,55.91666279075983,22.5,4.078416616498943,False
15min,0.25,31.87745923357394,78.94736842105263,3.027208142164243,True,47.70265085709448,78.94736842105263,3.0929287691668614,False
15min,0.25,31.57032538928841,75.0,2.402859447813157,True,48.133189952012984,75.0,2.984308080413074,False
15min,0.0,31.56656500321572,86.66666666666667,2.655797010433165,True,54.65474262227385,15.0,3.0898625824791432,False
15min,0.0,31.564763703144123,70.0,2.495164701494362,True,55.36308697568287,22.5,2.7796611220359866,False
15min,0.25,30.86703526902849,76.66666666666667,2.370164701494359,True,49.058626208703515,76.66666666666667,2.5296611222859813,False
15min,0.0,31.475038868331186,67.44186046511628,3.0699417439085215,True,55.64109217497294,20.930232558139537,4.078416616498943,False
15min,0.0,30.7043223461704,86.20689655172413,1.84800628538874,True,53.00933621679209,15.517241379310345,2.3694708674769416,False
15min,0.25,30.919850140047256,78.84615384615384,3.027208142164243,True,46.90953970480568,78.84615384615384,3.3352673003939737,False
15min,0.25,30.612716295761725,74.54545454545455,2.578339057979087,True,47.34007879972417,74.54545454545455,3.3352673003939737,False
15min,0.0,30.441687467879834,80.0,2.579663792929816,True,55.569154100017464,15.0,3.1474592643591564,False
15min,0.0,30.41412581187875,88.13559322033898,2.655797010433165,True,53.02249517884641,10.16949152542373,3.139733669407626,False
15min,0.0,29.99022365361809,89.47368421052632,1.84800628538874,True,51.64040459371346,10.526315789473683,3.1355742659454577,False
15min,0.0,29.980115125270377,79.62962962962963,2.579663792929816,True,55.221176596175795,16.666666666666664,3.1474592643591564,False
15min,0.25,50.71975424640695,60.78431372549019,5.080396435300607,True,91.3220297268289,60.78431372549019,5.779506529134338,False
15min,0.0,29.942229411640987,72.54901960784314,2.6528594478131553,True,48.13919735916695,25.49019607843137,3.484308079913071,False
15min,0.0,29.91309694129566,85.18518518518519,2.655797010433165,True,52.69532718178915,16.666666666666664,3.0898625824791432,False
15min,0.0,29.707059581449894,81.81818181818183,1.9473208055755542,True,51.38395492802774,13.636363636363635,3.147865543510612,False
15min,0.25,29.67132341961357,74.54545454545455,2.6949417439085237,True,46.138667536768544,74.54545454545455,3.328416617248945,False
15min,0.25,29.53853761179163,75.0,2.578339057979087,True,45.28606014654146,75.0,3.3352673003939737,False
15min,0.0,29.683692280073238,76.59574468085107,3.027208142164243,True,46.96436488325922,21.27659574468085,4.092928768166874,False
15min,0.25,29.215364042879415,72.41379310344827,2.694941743908523,True,46.681348840767754,72.41379310344827,3.328416617248946,False
15min,0.0,29.192483473274077,84.61538461538461,1.84800628538874,True,51.30951802072517,17.307692307692307,2.3694708674769416,False
15min,0.0,29.247189815699624,82.14285714285714,3.028144512059115,True,54.143588864767906,10.714285714285714,3.154348268772736,False
15min,0.0,28.604715507385613,81.66666666666667,1.9473208055755542,True,49.754433962557954,15.0,3.147865543510612,False
15min,0.0,28.550311755991117,72.22222222222221,2.795906123436079,True,47.03637033654125,22.22222222222222,3.53034537610213,False
15min,0.0,28.418259459879703,73.46938775510205,1.760458626377963,True,44.53253744494359,26.53061224489796,2.8407650441620476,False
15min,0.25,28.358935030359408,76.0,1.5608923461220128,True,44.852798913852055,76.0,1.7967448368584833,False
15min,0.25,28.285256348502717,79.24528301886792,2.694941743908523,True,42.053583469372526,79.24528301886792,3.328416617248946,False
15min,0.0,28.52246755639038,83.87096774193549,3.028144512059115,True,49.958580012157626,9.67741935483871,3.154564228544757,False
15min,0.25,28.10017881910659,79.59183673469387,2.5783390579790875,True,41.36453578117282,79.59183673469387,3.3352673003939746,False
15min,0.25,28.019153211697994,73.58490566037736,2.370164701494359,True,45.627835333764395,73.58490566037736,2.5296611222859804,False
15min,0.0,27.9914032600594,88.88888888888889,2.355317400267232,True,44.93549208185057,16.666666666666664,2.4889033627482355,False
15min,0.0,27.950580858685232,74.50980392156863,2.4951647014943616,True,46.09176512421644,23.52941176470588,2.8061015017662054,False
15min,0.0,27.933833736610723,75.0,1.760458626377963,True,45.964115439939945,25.0,2.277132525038688,False
15min,0.0,27.87362188609536,83.56164383561644,2.3056281724573733,True,47.803119211927225,16.43835616438356,3.1474592643591564,False
15min,0.0,28.043006860070673,77.77777777777779,3.027208142164243,True,43.36540071247216,22.22222222222222,4.107514559948328,False
15min,0.0,27.570960674858608,73.80952380952381,1.760458626377963,True,45.251247949762764,28.57142857142857,2.3746477890908295,False
15min,0.25,42.067561701963406,66.66666666666666,4.6033573090064746,True,75.51660413739548,66.66666666666666,4.820909543055688,False
15min,0.25,27.39645149787126,81.25,2.0228177367052105,True,41.50531952051074,81.25,2.0228177367052105,False
15min,0.25,27.435245010863962,82.22222222222221,3.027208142164243,True,41.1992112531404,82.22222222222221,3.027208142164243,False
15min,0.25,46.0163739550186,60.416666666666664,5.0803964353005995,True,82.14515779882755,60.416666666666664,5.779506529134338,False
15min,0.25,32.91313014233307,79.36507936507937,3.636914217280639,True,50.44139979599875,79.36507936507937,3.7964106380722615,False
15min,0.0,27.736004351069898,70.73170731707317,3.0785298770054657,True,47.92673785387279,24.390243902439025,4.073996403896691,False
15min,0.0,26.838964068722426,90.14084507042254,2.355317400267232,True,43.303244638423145,12.676056338028168,3.139733669407626,False
15min,0.0,26.814879082989027,88.23529411764706,1.8480062853887402,True,46.61357500550807,9.803921568627452,3.1355742659454577,False
15min,0.25,28.50159913068492,66.25,3.194501084783933,True,49.41147329741115,66.25,4.235700283433269,False
15min,0.0,26.67912423391515,85.5072463768116,3.028144512059115,True,46.37755397667766,13.043478260869565,3.154348268772736,False
15min,0.25,26.636309319295012,85.18518518518519,3.027208142164243,True,36.378436017424505,85.18518518518519,3.027208142164243,False
15min,0.25,44.40176774240718,65.57377049180327,5.0803964353005995,True,75.81277629095983,65.57377049180327,5.779506529134338,False
15min,0.0,26.166154024428167,81.35593220338984,2.6068470431492723,True,47.66371712032835,15.254237288135593,3.1370430025068288,False
15min,0.0,26.13768454560552,83.07692307692308,1.9589371552878134,True,44.99583119885905,13.846153846153847,3.1374831128695746,False
15min,0.25,31.474081355920777,81.03448275862068,3.636914217280639,True,48.85020605098401,81.03448275862068,3.7964106380722615,False
1h,0.25,39.670606927985105,74.46808510638297,2.098323136353109,True,66.14833139036838,74.46808510638297,3.0278941320811015,False
1h,0.25,37.44687413661827,73.91304347826086,2.098323136353109,True,64.69550226509405,73.91304347826086,3.0278941320810873,False
1h,0.25,40.36638865656385,62.264150943396224,3.770563121153888,True,70.43775226140617,62.264150943396224,4.01415698305631,False
1h,0.25,39.724122588800874,61.53846153846154,3.770563121153888,True,69.9752286808922,61.53846153846154,4.01415698305631,False
1h,0.25,36.81271178388837,61.53846153846154,3.770563121153888,True,64.15240707689,61.53846153846154,4.01415698305631,False
1h,0.25,35.805441541889024,57.14285714285714,3.6894281838844707,True,54.52761604928472,57.14285714285714,5.285349140401003,True
1h,0.0,29.105473855354248,66.66666666666666,2.5134548681450446,True,51.8068927021071,31.11111111111111,5.123215460432704,True
1h,0.25,30.259578358788133,57.14285714285714,3.1774543986155592,True,49.756489182304435,57.14285714285714,5.353977582194361,True
1h,0.0,28.394025640556727,66.66666666666666,2.761056520025903,True,50.38861585647734,23.809523809523807,6.053451710185918,True
1h,0.25,29.81341549378054,57.49999999999999,3.1774543986155592,True,49.17482896124234,57.49999999999999,6.0682913698036955,True
1h,0.0,26.099071826993352,70.45454545454545,2.718809784647048,True,47.131193536489754,31.818181818181817,3.3786076471195106,True
1h,0.25,26.142368921880653,62.5,3.027138653527624,True,41.57277327313269,62.5,4.097495854624876,True
1h,0.0,26.507102804960045,70.73170731707317,3.083505725370152,True,47.85128295719427,24.390243902439025,4.107999527836328,True
1h,0.25,38.41345281601172,64.58333333333334,4.630770284781145,True,68.48852896490762,64.58333333333334,4.8743641466835665,False
1h,0.25,37.771186748248745,63.829787234042556,4.630770284781145,True,68.02600538439363,63.829787234042556,4.8743641466835665,False
1h,0.25,35.629390470435254,65.11627906976744,4.445161866243872,True,61.92456954092668,65.11627906976744,6.816055472639675,True
1h,0.25,35.19483998514846,65.21739130434783,4.40311596409731,True,59.995341522460066,65.21739130434783,6.066951023248912,True
1h,0.25,23.255828454844828,79.59183673469387,2.1630513085248317,True,36.96021032839755,79.59183673469387,2.254525833729666,False
1h,0.25,22.185197322276608,79.59183673469387,2.1630513085248317,True,34.81894806540237,79.59183673469387,2.254525833729666,False
1h,0.25,22.014694764516015,78.18181818181819,2.1630513085248317,True,32.65211630542936,78.18181818181819,2.2545258337296694,False
1h,0.0,34.956337731766176,65.11627906976744,4.896331140272078,True,60.00357145094853,30.23255813953488,7.05338137461203,True
1h,0.25,31.66437386085464,64.28571428571429,4.445161866243868,True,54.62079291159008,64.28571428571429,6.816055472639675,True
1h,0.0,20.053590451549113,72.5,2.2880513085248317,True,32.07811555146227,32.5,2.5160020927393063,False
1h,0.25,18.830414502762377,70.83333333333334,2.6832050728353707,True,32.3211205166646,70.83333333333334,3.090530588436309,True
1h,0.25,24.439922817477687,68.08510638297872,3.9342020799406754,True,43.11967236928326,68.08510638297872,5.2943081223672195,True
1h,0.25,18.41204133453239,77.5,2.653385585218076,True,31.74397212086742,77.5,3.0528331454951423,True
1h,0.25,25.62637360134438,66.66666666666666,4.2296550895095075,True,46.63201110077647,66.66666666666666,5.793582731816798,True
1h,0.25,17.79647999940543,71.42857142857143,2.6832050728353707,True,29.681169774462248,71.42857142857143,2.9718936165510215,True
1h,0.0,16.770465232072716,77.5,2.7694002875637596,True,28.460819919231227,30.0,3.5489354449403976,True
1h,0.25,32.31331230720118,48.888888888888886,5.8097131867226715,True,53.91605496381558,48.888888888888886,7.931567701861326,False
1h,0.25,31.81226931664123,46.808510638297875,5.809713186722668,True,54.94185350177371,46.808510638297875,7.931567701861326,False
1h,0.0,23.932322792006623,66.66666666666666,4.4239712179719,True,43.475517679091894,30.952380952380953,6.28705510118224,True
1h,0.25,15.926991201710651,82.97872340425532,2.2137008424123437,True,24.14299560222669,82.97872340425532,2.2541596863619446,False
1h,0.25,22.430810082242196,65.9090909090909,4.229655089509508,True,40.82171873184464,65.9090909090909,5.793582731816798,True
1h,0.25,15.733948983218802,70.2127659574468,2.6832050728353707,True,26.60574950787605,70.2127659574468,3.0905305884363083,False
1h,0.25,29.52586318413111,49.01960784313725,5.809713186722668,True,47.72098987460321,49.01960784313725,7.182463253801828,False
1h,0.25,15.172808546346285,82.97872340425532,2.2137008424123437,True,22.63463029300632,82.97872340425532,2.2541596863619446,False
1h,0.25,19.764669655719718,76.19047619047619,4.033065117088082,True,32.52494414818041,76.19047619047619,4.507023789747695,True
1h,0.25,20.751846722971862,57.49999999999999,4.263040943643887,True,33.464701697747174,57.49999999999999,5.528037856893338,True
1h,0.25,13.927352688455986,81.13207547169812,2.2137008424123437,True,18.53949951858872,81.13207547169812,2.2541596863619446,False
1h,0.25,18.364947925535322,75.0,4.0330651170880785,True,30.81439844333112,75.0,4.507023789747695,True
1h,0.0,13.661830077564701,78.57142857142857,3.1100256742699264,True,24.065428334309544,28.57142857142857,3.569031826264985,True
1h,0.0,14.71576379664956,80.0,3.363006040710717,True,25.489689007195466,22.5,4.074992558640606,True
1h,0.25,12.608821899875348,79.06976744186046,2.8630060407107196,True,21.597851421300334,79.06976744186046,3.0623703779819387,True
1h,0.0,15.447003272051422,80.0,3.7023988955400355,True,23.275528274996194,20.0,4.071877001661111,False
1h,0.0,14.899161506211493,81.3953488372093,3.7023988955400373,True,20.912580610500896,32.55813953488372,4.015919907814517,False
1h,0.25,16.77000785230534,79.06976744186046,4.246091949227976,True,27.810778025683398,79.06976744186046,4.506604727221305,True
1h,0.25,11.755793727207976,79.54545454545455,2.8630060407107196,True,19.544702865823414,79.54545454545455,3.0623703779819396,True
1h,0.25,16.560101594201495,78.04878048780488,4.246091949227976,True,28.09885104453497,78.04878048780488,4.506604727221305,True
1h,0.25,15.10059779713196,78.04878048780488,4.246091949227976,True,25.179843453314902,78.04878048780488,4.506604727221305,True
1h,0.25,10.569430864687636,78.57142857142857,2.8630060407107196,True,17.864870684026133,78.57142857142857,3.062370377981938,False
5min,0.25,57.52012659560352,64.28571428571429,2.878433172498294,True,84.38556007704096,62.5,6.924983872027001,True
5min,0.25,56.41656556322212,67.6923076923077,2.7158522714956135,True,77.35287681840464,66.15384615384615,6.599822070346802,True
5min,0.25,55.62156083969498,64.40677966101694,3.0110907291427793,True,84.03849851324141,62.71186440677966,6.4843140907216394,True
5min,0.25,58.6818388390475,64.28571428571429,3.188111033936753,True,91.56141349209165,62.5,6.838354699955544,True
5min,0.0,54.089074333703074,63.934426229508205,2.8774924462429716,True,77.70732685012358,21.311475409836063,7.370540932714206,False
5min,0.0,58.29077443699254,59.61538461538461,3.41909209813147,True,90.96126347253433,17.307692307692307,8.423477448454607,False
5min,0.25,50.55331423525169,64.70588235294117,2.878433172498294,True,72.48996295001362,62.745098039215684,6.924983872027001,False
5min,0.25,50.41224303388978,68.51851851851852,2.5655359735516328,True,81.01504311766479,66.66666666666666,4.569936193692371,True
5min,0.0,49.07093903679822,65.11627906976744,2.9842268130000775,True,81.30069408207179,20.930232558139537,6.0767367228644815,False
5min,0.25,51.70718331868345,63.63636363636363,3.1881110339367518,True,79.70249811887827,61.81818181818181,6.838354699955544,False
5min,0.0,54.1163287955299,64.15094339622641,3.383902913048411,True,81.28113513992797,26.41509433962264,7.273293461885456,False
5min,0.0,47.793468216803724,64.58333333333334,2.8945837919347763,True,79.26387348509891,18.75,7.097774580721037,False
5min,0.0,46.343011061643736,69.64285714285714,2.6716844595765394,True,75.5755252668757,16.071428571428573,7.116817772137267,False
5min,0.25,46.07559630749775,67.9245283018868,2.5655359735516328,True,73.7421011832967,66.0377358490566,4.569936193692371,True
5min,0.25,45.27918287903408,68.42105263157895,2.5655359735516328,True,69.34014352347619,66.66666666666666,3.9132570374233637,True
5min,0.0,51.355793843387204,59.57446808510638,3.4190920981314674,True,79.12932987893635,14.893617021276595,8.423136892973371,False
5min,0.0,58.64482698669457,60.0,3.915288804626318,True,94.56993591826493,20.0,8.336065243978496,False
5min,0.25,44.218139059064676,70.96774193548387,2.5664168599036925,True,64.70294774942842,69.35483870967742,3.469950461092253,True
5min,0.0,44.045949247233835,65.11627906976744,2.894583791934777,True,72.8909688399882,16.27906976744186,7.135583849156589,False
5min,0.0,43.52272606814043,68.62745098039215,2.6905359735516328,True,65.96604344231042,27.450980392156865,5.19018638010202,False
5min,0.0,48.64137688274977,67.24137931034483,3.3584630335662347,True,73.61550154335747,15.517241379310345,7.394024856014554,False
5min,0.25,43.33386963598853,77.08333333333334,2.939078919612193,True,68.42363396185064,76.04166666666666,3.614361101010447,True
5min,0.25,42.999423467657095,70.76923076923077,2.5664168599036925,True,60.83381044963365,69.23076923076923,3.231347957388574,True
5min,0.0,42.883215421050494,70.58823529411765,2.6716844595765394,True,69.39373132516047,11.76470588235294,7.154627040572848,False
5min,0.25,42.73890318643761,66.17647058823529,2.4873703655291415,True,61.04987365072848,64.70588235294117,5.028568646385587,False
5min,0.0,42.53430343305317,68.42105263157895,2.691416859903697,True,63.89327100305711,22.807017543859647,6.228904693137608,False
5min,0.0,42.324874335989534,71.15384615384616,2.633183145615588,True,62.98080813193498,28.846153846153843,5.149833760754873,True
5min,0.25,42.241642401813614,70.37037037037037,2.995856246449275,True,58.3737873783751,69.1358024691358,6.89387043790952,False
5min,0.0,43.76566507060382,71.01449275362319,3.1141617815950973,True,57.59927821871308,17.391304347826086,6.864470534274066,False
5min,0.25,50.395986881931606,81.19658119658119,3.598733904372274,True,72.50369707277207,80.34188034188034,4.76679984752533,True
5min,0.0,41.86267182506069,69.81132075471697,2.5200884512513184,True,61.933402531195966,28.30188679245283,5.315400274026949,True
5min,0.25,41.3072909295922,66.19718309859155,2.4268393432616335,True,59.063019734261005,64.7887323943662,5.022386956666352,False
5min,0.25,51.96335179996619,80.95238095238095,3.775754209166248,True,75.24321249945771,80.0,5.120840456759234,True
5min,0.0,41.2030208883795,73.13432835820896,2.6716844595765394,True,59.1377834356838,17.91044776119403,6.247947884553852,False
5min,0.25,41.14849148988354,70.45454545454545,2.876554994478134,True,53.97576010777497,69.31818181818183,6.44653676084672,False
5min,0.0,40.93141101351121,65.9090909090909,2.961278795877261,True,64.93049510081936,22.727272727272727,6.262733950589746,False
5min,0.25,47.26674507938518,64.28571428571429,3.4742257445712426,True,77.8763134452037,62.5,6.782476232975789,False
5min,0.0,41.815000137855435,76.5625,3.1009154920177693,True,68.6229960412248,18.75,5.238441081292137,True
5min,0.25,44.10639871390263,64.61538461538461,3.293445245100056,True,61.59280223074714,63.07692307692307,4.937212003881825,True
5min,0.0,43.42374659707632,62.5,3.24317533236926,True,68.1224070854651,18.75,7.098639681051878,False
5min,0.0,44.02611169256562,68.51851851851852,3.2991660455975236,True,62.19344162194448,25.925925925925924,6.172142412499959,False
5min,0.0,41.393613524440056,67.44186046511628,3.1068499843706547,True,65.97790070155835,23.25581395348837,6.036384103517342,False
5min,0.25,39.91151030763304,70.49180327868852,2.5664168599036925,True,57.60176084419071,68.85245901639344,3.469950461092255,True
5min,0.25,39.89950526594389,72.15189873417721,2.472639246524622,True,60.24483822101087,70.88607594936708,5.711370844324506,False
5min,0.0,55.18169339407433,73.4375,4.156404970126845,True,91.22942936076547,14.0625,7.47085672820371,False
5min,0.0,46.60745604320306,64.28571428571429,3.5137815416445477,True,72.1372190109715,16.071428571428573,8.441056607978318,False
5min,0.0,44.33632023442282,67.9245283018868,3.3584630335662347,True,67.15061897709839,11.320754716981133,7.380027784275596,False
5min,0.0,46.55447412704061,78.68852459016394,3.5283620500245263,True,79.55747196472603,14.754098360655737,6.1197175087399245,False
5min,0.0,39.1385905722354,77.46478873239437,2.8868197625179484,True,59.77272356326941,16.901408450704224,5.244168628430231,False
5min,0.0,47.03371375242295,78.04878048780488,3.6148053182383464,True,72.4662994768728,14.634146341463413,6.387657425509911,False
5min,0.0,45.84579939170593,73.21428571428571,3.535350436243924,True,78.99525014991553,14.285714285714285,6.107310968875595,True
5min,0.0,38.784439787631236,65.07936507936508,2.769508493614193,True,57.409794564744814,19.047619047619047,6.229769793468428,False
5min,0.0,50.61651074316017,57.49999999999999,3.915288804626318,True,82.06273657964496,17.5,8.335174085910214,False
5min,0.25,38.74937934570648,68.11594202898551,2.43453690953522,True,56.858895596982464,68.11594202898551,4.254453700043688,True
5min,0.0,41.4372851297878,75.80645161290323,3.2172693248603963,True,66.34944631555835,12.903225806451612,6.113038516013695,False
5min,0.25,38.63255065536218,68.11594202898551,2.437541718424704,True,56.86248553332611,68.11594202898551,4.254428638414109,True
5min,0.25,46.23324679742924,74.54545454545455,3.5949748251335314,True,72.33193586766286,73.63636363636363,5.199358637699046,True
5min,0.25,38.542564208767494,72.09302325581395,2.4216844595765394,True,55.425780659735224,70.93023255813954,5.054691688055492,False
5min,0.0,38.45488455301614,66.66666666666666,2.8413149378711773,True,59.103250136399986,25.925925925925924,5.145984617075889,True
5min,0.0,39.576429923853,81.57894736842105,3.0939271057983717,True,63.07177394900484,15.789473684210526,5.250847621156495,False
