t_in,t_out,R
2023-03-02 06:49:00+00:00,2023-03-02 08:55:00+00:00,-1.1092622670387573
2023-03-02 09:44:00+00:00,2023-03-02 11:28:00+00:00,-1.1275122696514577
2023-03-02 10:34:00+00:00,2023-03-02 11:42:00+00:00,-1.049399570152768
2023-03-02 12:29:00+00:00,2023-03-02 14:34:00+00:00,-1.1494113970403705
2023-03-08 10:14:00+00:00,2023-03-08 10:55:00+00:00,-1.1422370213348065
2023-03-08 01:39:00+00:00,2023-03-08 11:06:00+00:00,-1.1408482617968998
2023-03-08 12:44:00+00:00,2023-03-08 12:59:00+00:00,-1.1980677516764933
2023-03-08 13:14:00+00:00,2023-03-08 14:31:00+00:00,-1.190411957657138
2023-03-08 23:19:00+00:00,2023-03-09 08:35:00+00:00,-1.148054219379796
2023-03-09 00:28:00+00:00,2023-03-09 08:36:00+00:00,-1.1634394637570202
2023-03-17 08:29:00+00:00,2023-03-20 10:33:00+00:00,12.032003614978052
2023-03-20 12:29:00+00:00,2023-03-20 12:45:00+00:00,-1.0334462895474232
2023-03-21 05:44:00+00:00,2023-03-21 06:18:00+00:00,-1.1226594500304738
2023-03-23 13:29:00+00:00,2023-03-24 17:38:00+00:00,-0.22665694171854456
2023-03-24 14:59:00+00:00,2023-03-24 18:16:00+00:00,-1.0124429135143163
2023-03-31 09:59:00+00:00,2023-03-31 11:51:00+00:00,0.3281597383867717
2023-03-31 13:59:00+00:00,2023-03-31 17:27:00+00:00,-1.034708202611644
2023-03-30 14:29:00+00:00,2023-03-31 17:28:00+00:00,0.3367759096610049
2023-04-04 10:29:00+00:00,2023-04-04 11:02:00+00:00,-1.1556295420955047
2023-04-04 11:59:00+00:00,2023-04-06 02:01:00+00:00,10.571518890885521
2023-04-06 07:59:00+00:00,2023-04-06 11:29:00+00:00,0.3231783751994639
2023-03-17 06:19:00+00:00,2023-04-11 13:19:00+00:00,13.372945560899378
2023-04-12 12:59:00+00:00,2023-04-12 13:42:00+00:00,-1.0288497108823595
2023-04-11 13:59:00+00:00,2023-04-12 13:45:00+00:00,0.11671133476754336
2023-04-12 17:59:00+00:00,2023-04-13 01:06:00+00:00,0.34318805586987156
2023-04-13 03:29:00+00:00,2023-04-14 12:34:00+00:00,4.770725201506133
2023-04-11 14:49:00+00:00,2023-04-14 15:02:00+00:00,-1.0589264754905159
2023-04-18 09:59:00+00:00,2023-04-18 13:15:00+00:00,-1.073015245097361
2023-04-18 10:19:00+00:00,2023-04-18 13:18:00+00:00,-1.0695318538901064
2023-04-18 14:14:00+00:00,2023-04-18 16:00:00+00:00,-0.06493695880118683
2023-04-18 16:59:00+00:00,2023-04-18 20:00:00+00:00,-0.4458782115563642
2023-04-18 18:29:00+00:00,2023-04-18 20:00:00+00:00,-0.26530898284180826
2023-04-18 22:44:00+00:00,2023-04-19 00:00:00+00:00,-0.1305050264250867
2023-05-03 00:29:00+00:00,2023-05-03 04:00:00+00:00,0.9285907584978282
2023-05-03 06:29:00+00:00,2023-05-03 07:25:00+00:00,-1.2240887982131012
2023-05-03 07:19:00+00:00,2023-05-03 07:41:00+00:00,-1.0981057243270265
2023-05-03 08:44:00+00:00,2023-05-03 11:38:00+00:00,-1.220294304606506
2023-05-03 10:34:00+00:00,2023-05-03 12:00:00+00:00,-0.3382869672423358
2023-05-03 13:29:00+00:00,2023-05-03 13:58:00+00:00,-1.061887600621692
2023-05-03 18:04:00+00:00,2023-05-03 18:34:00+00:00,-1.0198756135412816
2023-05-03 14:44:00+00:00,2023-05-04 01:01:00+00:00,5.461649567854916
2023-05-04 02:59:00+00:00,2023-05-04 07:07:00+00:00,-1.0470524927865024
2023-05-04 17:44:00+00:00,2023-05-05 07:38:00+00:00,-1.0506220613614383
2023-05-03 19:19:00+00:00,2023-05-05 12:44:00+00:00,-1.0182302918075257
2023-05-09 07:59:00+00:00,2023-05-09 08:20:00+00:00,-1.1920223062779947
2023-05-10 10:59:00+00:00,2023-05-10 12:24:00+00:00,-1.0473749837800124
2023-05-10 12:59:00+00:00,2023-05-10 13:17:00+00:00,-1.048125498356642
2023-05-09 08:44:00+00:00,2023-05-10 15:10:00+00:00,-1.1229007243236142
2023-05-11 03:14:00+00:00,2023-05-11 04:15:00+00:00,-1.2147287512592195
2023-05-11 05:44:00+00:00,2023-05-11 06:02:00+00:00,-1.2835551305607806
2023-05-11 06:29:00+00:00,2023-05-11 06:33:00+00:00,-1.1515043910046654
2023-05-10 18:59:00+00:00,2023-05-11 12:12:00+00:00,0.34814529057913957
2023-05-11 12:59:00+00:00,2023-05-11 13:21:00+00:00,-1.0390684423187049
2023-05-08 15:24:00+00:00,2023-05-11 13:46:00+00:00,-1.04866147383246
2023-05-26 11:59:00+00:00,2023-05-26 13:13:00+00:00,0.3270496842119672
2023-05-26 18:44:00+00:00,2023-05-29 12:52:00+00:00,-1.1488835246691524
2023-05-26 14:59:00+00:00,2023-05-30 07:56:00+00:00,0.34585932362561383
2023-05-30 03:13:00+00:00,2023-05-30 08:43:00+00:00,-2.3274671822032627
2023-05-26 17:29:00+00:00,2023-05-30 09:56:00+00:00,-1.0628738757600122
2023-06-05 02:09:00+00:00,2023-06-05 14:00:00+00:00,-1.081346475427301
2023-06-07 11:59:00+00:00,2023-06-07 13:48:00+00:00,-1.1788304474223543
2023-06-07 13:29:00+00:00,2023-06-07 13:48:00+00:00,-1.0613609954730612
2023-06-07 22:19:00+00:00,2023-06-07 23:55:00+00:00,-1.0535755175280537
2023-06-08 06:54:00+00:00,2023-06-08 12:27:00+00:00,-1.084781143548186
2023-06-07 14:29:00+00:00,2023-06-08 12:38:00+00:00,0.6735685078007632
2023-06-11 22:04:00+00:00,2023-06-12 06:27:00+00:00,-1.23333387445091
2023-06-12 18:59:00+00:00,2023-06-12 23:14:00+00:00,-1.1113399080026847
2023-06-12 15:49:00+00:00,2023-06-13 07:09:00+00:00,-1.0267622508027772
2023-06-13 23:04:00+00:00,2023-06-14 01:12:00+00:00,-1.1073373494125949
2023-06-14 05:29:00+00:00,2023-06-14 07:27:00+00:00,-1.2278155490781815
2023-06-14 10:59:00+00:00,2023-06-14 12:36:00+00:00,-1.0501012346046448
2023-06-15 10:14:00+00:00,2023-06-15 13:17:00+00:00,-1.0577794085008256
2023-06-14 18:59:00+00:00,2023-06-15 13:46:00+00:00,0.3494690673307153
2023-06-15 00:04:00+00:00,2023-06-15 13:46:00+00:00,-1.0783511023008618
2023-06-19 05:44:00+00:00,2023-06-19 08:17:00+00:00,-1.3206790264851413
2023-06-20 10:59:00+00:00,2023-06-20 16:21:00+00:00,1.678724276074434
2023-06-19 09:14:00+00:00,2023-06-21 17:16:00+00:00,11.237466746449213
2023-06-21 22:59:00+00:00,2023-06-23 12:25:00+00:00,3.9986604925261475
2023-06-27 00:44:00+00:00,2023-06-27 01:09:00+00:00,-1.1802665595384012
2023-06-29 12:59:00+00:00,2023-06-29 14:09:00+00:00,-1.0479940314269471
2023-06-27 13:59:00+00:00,2023-06-29 16:00:00+00:00,3.2009215053787723
2023-06-29 17:59:00+00:00,2023-06-30 10:10:00+00:00,0.34948969970448684
2023-06-30 11:29:00+00:00,2023-06-30 12:19:00+00:00,-1.1951484798398986
2023-07-05 05:44:00+00:00,2023-07-05 07:49:00+00:00,-1.341102873025605
2023-07-06 07:44:00+00:00,2023-07-06 10:22:00+00:00,-1.2842096551374569
2023-07-07 00:44:00+00:00,2023-07-07 01:13:00+00:00,-1.2867454139902452
2023-07-07 01:59:00+00:00,2023-07-07 03:11:00+00:00,-1.3100559903102886
2023-07-07 03:44:00+00:00,2023-07-07 04:45:00+00:00,-1.2601737370978507
2023-07-06 12:59:00+00:00,2023-07-07 11:30:00+00:00,-1.020060012195884
2023-07-10 13:44:00+00:00,2023-07-10 14:13:00+00:00,-1.077777578085173
2023-07-10 14:44:00+00:00,2023-07-10 17:04:00+00:00,-1.0690619894384674
2023-06-19 01:09:00+00:00,2023-07-10 23:47:00+00:00,13.543316260883175
2023-07-28 06:29:00+00:00,2023-07-28 08:00:00+00:00,0.05136239845827619
2023-07-28 08:54:00+00:00,2023-07-28 09:52:00+00:00,-1.0247775319682366
2023-07-31 08:19:00+00:00,2023-07-31 10:59:00+00:00,-1.0690576951286554
2023-08-01 08:49:00+00:00,2023-08-01 12:00:00+00:00,0.49575208977364604
2023-08-01 14:14:00+00:00,2023-08-01 16:00:00+00:00,0.48840441911112087
2023-08-01 12:09:00+00:00,2023-08-01 16:00:00+00:00,1.7226781990596751
2023-08-02 01:59:00+00:00,2023-08-02 08:22:00+00:00,-1.161922508686403
2023-08-02 09:59:00+00:00,2023-08-02 12:16:00+00:00,0.3163635602741
2023-08-03 01:59:00+00:00,2023-08-03 07:59:00+00:00,-1.311886594352456
2023-08-03 10:14:00+00:00,2023-08-03 14:29:00+00:00,-1.0842719299315113
2023-08-02 12:59:00+00:00,2023-08-04 12:31:00+00:00,0.8477063904126148
2023-08-03 15:59:00+00:00,2023-08-04 12:41:00+00:00,-1.0541919340259205
2023-08-02 17:49:00+00:00,2023-08-04 13:05:00+00:00,-1.0750307443838845
2023-08-07 07:19:00+00:00,2023-08-07 13:11:00+00:00,-1.0963658827852452
2023-08-07 13:59:00+00:00,2023-08-07 19:08:00+00:00,-1.088995108057443
2023-08-07 22:59:00+00:00,2023-08-07 23:02:00+00:00,-1.1806065015246305
2023-08-08 07:29:00+00:00,2023-08-08 08:56:00+00:00,-1.2512206362281821
2023-08-07 13:59:00+00:00,2023-08-08 11:10:00+00:00,0.33028533327472565
2023-08-09 08:59:00+00:00,2023-08-09 14:05:00+00:00,0.2976825174282247
2023-08-09 14:59:00+00:00,2023-08-10 12:30:00+00:00,-1.0438732855003205
2023-08-08 09:29:00+00:00,2023-08-10 12:30:00+00:00,3.648818994774746
2023-08-10 17:59:00+00:00,2023-08-14 12:51:00+00:00,0.3384969725686447
2023-08-14 17:59:00+00:00,2023-08-15 14:34:00+00:00,0.33793684508573174
2023-08-10 16:29:00+00:00,2023-08-15 14:47:00+00:00,1.4859724575848043
2023-08-16 11:59:00+00:00,2023-08-16 12:31:00+00:00,0.2747061440381894
2023-08-16 15:59:00+00:00,2023-08-16 16:41:00+00:00,0.31129683083125603
2023-08-15 17:59:00+00:00,2023-08-17 12:04:00+00:00,1.2435311099243307
2023-08-18 12:59:00+00:00,2023-08-18 13:20:00+00:00,-1.0746731235338338
2023-08-18 15:59:00+00:00,2023-08-18 17:53:00+00:00,0.31059753636006693
2023-08-21 07:44:00+00:00,2023-08-21 11:33:00+00:00,-1.1844313259400487
2023-08-21 13:59:00+00:00,2023-08-21 15:07:00+00:00,0.3377415709930205
2023-08-07 16:49:00+00:00,2023-08-24 12:00:00+00:00,6.257436224726851
2023-09-06 22:04:00+00:00,2023-09-07 00:00:00+00:00,0.04688860929029813
2023-09-07 04:44:00+00:00,2023-09-07 04:52:00+00:00,-1.3293162153564981
2023-09-07 05:14:00+00:00,2023-09-07 06:29:00+00:00,-1.2972855753059056
2023-09-07 07:34:00+00:00,2023-09-07 08:00:00+00:00,-0.40654581542168006
2023-09-07 06:59:00+00:00,2023-09-07 08:00:00+00:00,-0.1054665424345915
2023-09-07 08:04:00+00:00,2023-09-07 10:04:00+00:00,-1.1805866440540078
2023-09-07 13:59:00+00:00,2023-09-07 14:38:00+00:00,0.2993074401064817
2023-09-07 17:39:00+00:00,2023-09-07 20:00:00+00:00,-0.17690838625359037
2023-09-07 19:44:00+00:00,2023-09-07 20:00:00+00:00,0.15469016149076753
2023-09-07 23:14:00+00:00,2023-09-08 00:00:00+00:00,-0.8068560654170961
2023-09-07 14:59:00+00:00,2023-09-08 00:36:00+00:00,-1.0786375543942033
2023-09-08 11:59:00+00:00,2023-09-08 13:27:00+00:00,0.2873973457248184
2023-09-08 15:59:00+00:00,2023-09-10 23:05:00+00:00,0.3350036787867806
2023-09-10 22:14:00+00:00,2023-09-11 01:13:00+00:00,-1.232823112771046
2023-09-10 22:09:00+00:00,2023-09-11 01:33:00+00:00,-1.3264921353876162
2023-09-12 01:29:00+00:00,2023-09-12 02:11:00+00:00,-1.4023722055151948
2023-09-11 22:19:00+00:00,2023-09-12 02:47:00+00:00,-1.3510293316195265
2023-09-12 02:29:00+00:00,2023-09-12 03:23:00+00:00,-1.2612308391683609
2023-09-13 14:59:00+00:00,2023-09-13 17:40:00+00:00,0.31997865884608995
2023-09-12 04:29:00+00:00,2023-09-14 16:19:00+00:00,10.931245360010779
2023-09-12 08:59:00+00:00,2023-09-15 13:11:00+00:00,-1.1297237995569485
2023-09-25 03:49:00+00:00,2023-09-25 04:00:00+00:00,-0.03193174368038934
2023-09-25 04:54:00+00:00,2023-09-25 06:56:00+00:00,-1.441181255704004
2023-09-25 07:59:00+00:00,2023-09-25 08:36:00+00:00,0.2851186372944641
2023-09-25 07:59:00+00:00,2023-09-25 12:09:00+00:00,-1.1792406743414414
2023-09-25 08:54:00+00:00,2023-09-25 12:42:00+00:00,-1.0992422371430133
2023-09-25 11:59:00+00:00,2023-09-25 13:32:00+00:00,0.28043352576509495
2023-09-25 14:59:00+00:00,2023-09-26 08:27:00+00:00,0.3249924272283921
2023-09-26 08:44:00+00:00,2023-09-29 06:48:00+00:00,23.992309965282633
2023-10-02 12:29:00+00:00,2023-10-03 13:44:00+00:00,1.2397488074360352
2023-10-03 18:59:00+00:00,2023-10-04 12:15:00+00:00,-1.0758608996308185
2023-10-04 16:29:00+00:00,2023-10-05 04:06:00+00:00,-1.0578468545440423
2023-10-04 13:59:00+00:00,2023-10-05 13:27:00+00:00,0.3428022757522028
2023-10-06 09:59:00+00:00,2023-10-06 13:08:00+00:00,0.32085015317051835
2023-10-05 10:44:00+00:00,2023-10-06 13:31:00+00:00,-1.10707584743527
2023-09-25 20:59:00+00:00,2023-10-11 08:00:00+00:00,53.50174871167629
2023-10-23 11:44:00+00:00,2023-10-23 13:35:00+00:00,-1.079465729293852
2023-10-23 12:19:00+00:00,2023-10-23 13:43:00+00:00,-1.0540412240999608
2023-10-24 07:34:00+00:00,2023-10-24 08:41:00+00:00,-1.0616517358922102
2023-10-23 11:59:00+00:00,2023-10-24 09:39:00+00:00,-1.0164883803925906
2023-10-25 00:59:00+00:00,2023-10-25 03:43:00+00:00,-1.0373276642035938
2023-10-25 03:59:00+00:00,2023-10-25 07:25:00+00:00,-1.085171319757031
2023-10-25 06:44:00+00:00,2023-10-25 07:28:00+00:00,-1.0778850913495654
2023-10-25 08:44:00+00:00,2023-10-25 09:07:00+00:00,-1.1277976500945324
2023-10-25 12:34:00+00:00,2023-10-25 15:03:00+00:00,-1.0528135516902544
2023-10-25 15:59:00+00:00,2023-10-26 10:39:00+00:00,0.35818268284360727
2023-10-25 15:29:00+00:00,2023-10-26 14:13:00+00:00,-0.34556466375930267
2023-10-26 22:29:00+00:00,2023-10-27 10:58:00+00:00,-1.0994095933808756
2023-10-30 16:29:00+00:00,2023-10-30 23:31:00+00:00,-1.063075073122375
2023-10-31 13:14:00+00:00,2023-10-31 15:12:00+00:00,-1.1005428049394648
2023-10-26 16:59:00+00:00,2023-10-31 16:10:00+00:00,0.3517192818278778
2023-11-02 04:29:00+00:00,2023-11-02 13:46:00+00:00,-1.1285998308625564
2023-11-03 08:14:00+00:00,2023-11-03 12:29:00+00:00,-1.1667700707473054
2023-11-03 13:44:00+00:00,2023-11-03 14:27:00+00:00,-1.0580695049867945
2023-11-03 14:44:00+00:00,2023-11-06 03:23:00+00:00,-1.0326325429068743
2023-10-25 15:34:00+00:00,2023-11-07 08:00:00+00:00,-0.7893938963716319
2023-11-17 01:44:00+00:00,2023-11-17 04:00:00+00:00,0.7747106748058793
2023-11-17 04:24:00+00:00,2023-11-17 06:36:00+00:00,-1.1102508412887973
2023-11-17 07:29:00+00:00,2023-11-17 08:00:00+00:00,1.6085137361274204
2023-11-17 11:29:00+00:00,2023-11-17 12:00:00+00:00,-0.5578172116917087
2023-11-17 12:29:00+00:00,2023-11-17 13:44:00+00:00,-1.065990181390299
2023-11-17 18:59:00+00:00,2023-11-19 23:58:00+00:00,-1.0566057056242268
2023-11-21 06:49:00+00:00,2023-11-21 08:50:00+00:00,-1.0866537578551385
2023-11-21 17:59:00+00:00,2023-11-22 01:27:00+00:00,-1.0754637830363012
2023-11-22 09:09:00+00:00,2023-11-22 15:06:00+00:00,-1.057955617327008
2023-11-21 10:29:00+00:00,2023-11-22 15:23:00+00:00,0.7090520166829558
2023-11-23 07:59:00+00:00,2023-11-23 16:05:00+00:00,-1.0553743463044973
2023-11-24 13:59:00+00:00,2023-11-24 14:30:00+00:00,0.2906872473921918
2023-11-28 13:59:00+00:00,2023-11-28 14:40:00+00:00,0.317392324576449
2023-11-24 13:29:00+00:00,2023-11-29 09:34:00+00:00,19.992787326978803
2023-11-29 20:44:00+00:00,2023-11-30 05:23:00+00:00,-1.2116479614086864
2023-11-30 06:59:00+00:00,2023-11-30 07:10:00+00:00,-1.1914702273452096
2023-11-30 07:29:00+00:00,2023-11-30 07:43:00+00:00,-1.1250230580623195
2023-12-01 08:59:00+00:00,2023-12-01 09:57:00+00:00,0.324056033542993
2023-12-01 06:59:00+00:00,2023-12-01 11:37:00+00:00,-1.148478585702251
2023-12-01 14:59:00+00:00,2023-12-01 15:06:00+00:00,0.3412887834959112
2023-12-06 15:14:00+00:00,2023-12-07 17:09:00+00:00,-1.0563731945369959
2023-12-08 04:59:00+00:00,2023-12-08 06:05:00+00:00,-1.1987387980574136
2023-12-08 07:44:00+00:00,2023-12-08 08:04:00+00:00,-1.1705543591516274
2023-11-24 12:54:00+00:00,2023-12-08 12:00:00+00:00,10.748779008023028
2023-12-15 05:19:00+00:00,2023-12-15 08:00:00+00:00,0.24191722381758826
2023-12-15 06:14:00+00:00,2023-12-15 08:00:00+00:00,0.7282969956518685
2023-12-15 11:44:00+00:00,2023-12-15 12:00:00+00:00,-0.11499848106291595
2023-12-15 15:59:00+00:00,2023-12-15 18:20:00+00:00,-1.0190427207299646
2023-12-18 23:44:00+00:00,2023-12-19 02:18:00+00:00,-1.1168159590233153
2023-12-18 20:29:00+00:00,2023-12-19 03:37:00+00:00,-1.0901026002664471
2023-12-19 10:59:00+00:00,2023-12-20 13:39:00+00:00,2.364925971069389
2023-12-20 13:59:00+00:00,2023-12-20 14:20:00+00:00,0.3160659181836591
2023-12-20 14:59:00+00:00,2023-12-20 15:21:00+00:00,-1.0370028061235914
2023-12-20 18:59:00+00:00,2023-12-20 20:59:00+00:00,-1.0639831365590322
2023-12-21 08:59:00+00:00,2023-12-21 12:43:00+00:00,0.297889746273953
2023-12-21 12:59:00+00:00,2023-12-21 13:30:00+00:00,-1.0665698787071305
2023-12-21 13:59:00+00:00,2023-12-21 14:54:00+00:00,0.3198022288432886
2023-12-21 14:59:00+00:00,2023-12-22 15:50:00+00:00,1.3337287564063551
2023-12-21 19:14:00+00:00,2023-12-22 16:48:00+00:00,2.7439350679019268
2023-12-26 10:14:00+00:00,2023-12-26 13:40:00+00:00,-1.3089948433816523
2023-12-27 04:59:00+00:00,2023-12-27 05:59:00+00:00,-1.1713423883555798
2023-12-27 06:14:00+00:00,2023-12-27 10:29:00+00:00,-1.183693691227162
2023-12-26 16:59:00+00:00,2023-12-28 08:28:00+00:00,1.5398686769620442
2023-12-27 11:14:00+00:00,2023-12-28 09:13:00+00:00,2.662349537843349
2023-12-28 14:59:00+00:00,2023-12-28 19:35:00+00:00,-1.032595623226837
2023-12-19 09:34:00+00:00,2024-01-04 00:00:00+00:00,2.6644427040392342
2024-01-15 19:29:00+00:00,2024-01-16 00:00:00+00:00,-1.6827296339296252
2024-01-15 23:44:00+00:00,2024-01-16 00:00:00+00:00,-0.8882132484441323
2024-02-02 00:09:00+00:00,2024-02-02 01:19:00+00:00,-1.198328449478083
2024-02-02 04:59:00+00:00,2024-02-02 09:02:00+00:00,-1.1463366302741869
2024-02-02 13:09:00+00:00,2024-02-02 13:29:00+00:00,-1.1425215478404969
2024-02-02 02:59:00+00:00,2024-02-02 13:29:00+00:00,-1.1386784001324135
2024-02-06 07:59:00+00:00,2024-02-06 09:12:00+00:00,0.3178976902873598
2024-02-06 10:29:00+00:00,2024-02-06 11:33:00+00:00,-1.1623493926851414
2024-02-06 12:29:00+00:00,2024-02-06 12:48:00+00:00,-1.1747229433571795
2024-02-06 10:29:00+00:00,2024-02-06 12:59:00+00:00,-1.0949404911935998
2024-02-08 06:04:00+00:00,2024-02-08 09:57:00+00:00,-1.1437517151851178
2024-02-08 07:29:00+00:00,2024-02-08 09:57:00+00:00,-1.1792879946009407
2024-02-08 11:59:00+00:00,2024-02-08 14:27:00+00:00,0.32322509651451253
2024-02-08 11:14:00+00:00,2024-02-08 18:02:00+00:00,-0.8799659388822666
2024-02-08 17:59:00+00:00,2024-02-09 13:31:00+00:00,0.3425484043670594
2024-02-09 11:14:00+00:00,2024-02-09 13:31:00+00:00,-1.1706125034288053
2024-02-09 10:34:00+00:00,2024-02-09 13:33:00+00:00,-1.1506475424551263
2024-02-09 13:59:00+00:00,2024-02-09 14:37:00+00:00,0.30840852879368974
2024-02-12 01:14:00+00:00,2024-02-12 07:57:00+00:00,-1.2127410753753143
2024-02-12 08:59:00+00:00,2024-02-12 11:40:00+00:00,0.30510601435745427
2024-02-12 08:59:00+00:00,2024-02-12 13:11:00+00:00,-1.171336686729608
2024-02-12 13:59:00+00:00,2024-02-12 14:44:00+00:00,0.3061047947828462
2024-02-12 13:44:00+00:00,2024-02-13 07:47:00+00:00,-1.0894100403658016
2024-02-14 12:14:00+00:00,2024-02-14 16:54:00+00:00,-1.1743836334927709
2024-02-14 20:29:00+00:00,2024-02-15 08:11:00+00:00,-1.0946482497038907
2024-02-13 13:59:00+00:00,2024-02-15 13:30:00+00:00,0.34297310479558607
2024-02-09 13:44:00+00:00,2024-02-21 00:00:00+00:00,0.7933024756419724
2024-03-04 00:24:00+00:00,2024-03-04 01:31:00+00:00,-1.0676757862592914
2024-03-04 13:14:00+00:00,2024-03-04 13:18:00+00:00,-1.1670364726579063
2024-03-08 13:59:00+00:00,2024-03-08 18:53:00+00:00,0.3602526951624114
2024-03-04 13:44:00+00:00,2024-03-11 13:10:00+00:00,31.7852024246366
2024-03-11 14:29:00+00:00,2024-03-12 05:43:00+00:00,-1.074400049820637
2024-03-14 01:59:00+00:00,2024-03-14 03:28:00+00:00,-1.1465183330004254
2024-03-14 10:59:00+00:00,2024-03-14 12:30:00+00:00,-1.040176735638589
2024-03-18 16:29:00+00:00,2024-03-19 08:07:00+00:00,-1.0083320540890846
2024-03-20 00:59:00+00:00,2024-03-20 08:07:00+00:00,-1.29413708077365
2024-03-20 18:14:00+00:00,2024-03-21 00:25:00+00:00,4.413750721753469
2024-03-04 08:29:00+00:00,2024-03-26 00:16:00+00:00,18.124384996296378
2024-03-28 01:29:00+00:00,2024-04-01 13:50:00+00:00,17.190930951940327
2024-03-26 19:59:00+00:00,2024-04-01 14:06:00+00:00,2.3594100743323008
2024-04-04 14:59:00+00:00,2024-04-04 18:22:00+00:00,0.3511833040254763
2024-04-02 01:29:00+00:00,2024-04-05 01:06:00+00:00,5.369837688776736
2024-04-05 07:59:00+00:00,2024-04-05 13:27:00+00:00,0.35947445026760216
2024-04-05 13:59:00+00:00,2024-04-07 22:19:00+00:00,0.3592486814011347
2024-04-05 12:59:00+00:00,2024-04-10 12:30:00+00:00,5.2359132168556854
2024-04-08 14:59:00+00:00,2024-04-10 12:30:00+00:00,0.3642349680743299
2024-04-12 11:44:00+00:00,2024-04-12 15:31:00+00:00,-1.051963451217392
2024-04-16 11:59:00+00:00,2024-04-16 15:25:00+00:00,0.3588609891314883
2024-04-17 01:59:00+00:00,2024-04-17 05:26:00+00:00,-1.072945513871084
2024-04-17 07:59:00+00:00,2024-04-17 10:40:00+00:00,0.3548207996850479
2024-04-17 10:59:00+00:00,2024-04-17 12:39:00+00:00,-1.06129135357182
2024-04-17 13:14:00+00:00,2024-04-17 16:07:00+00:00,-1.053321273185798
2024-04-17 13:59:00+00:00,2024-04-17 16:33:00+00:00,-1.0119750230093554
2024-04-18 14:14:00+00:00,2024-04-18 14:35:00+00:00,-1.034142614317908
2024-04-18 14:59:00+00:00,2024-04-19 03:18:00+00:00,0.3625784928444668
2024-04-18 14:59:00+00:00,2024-04-19 04:42:00+00:00,0.17106168590065063
2024-04-19 06:59:00+00:00,2024-04-19 08:27:00+00:00,-1.0287666975655438
2024-03-27 13:39:00+00:00,2024-04-19 11:18:00+00:00,17.272154391394213
2024-04-19 19:09:00+00:00,2024-04-21 22:00:00+00:00,-1.0275262587196117
2024-04-19 20:59:00+00:00,2024-04-21 22:01:00+00:00,-0.5769618137948412
2024-04-19 14:59:00+00:00,2024-04-22 03:14:00+00:00,-1.009418467184308
2024-05-10 02:49:00+00:00,2024-05-10 04:00:00+00:00,0.4471750746826813
2024-05-10 12:04:00+00:00,2024-05-10 12:28:00+00:00,-1.0458344362099676
2024-05-10 12:44:00+00:00,2024-05-10 12:52:00+00:00,-1.1056399285404883
2024-05-10 13:59:00+00:00,2024-05-10 14:56:00+00:00,-0.9674909617830993
2024-05-10 16:59:00+00:00,2024-05-10 20:48:00+00:00,-1.0414701304764644
2024-05-14 16:59:00+00:00,2024-05-15 04:47:00+00:00,0.3503724805161706
2024-05-15 12:59:00+00:00,2024-05-15 13:48:00+00:00,-1.0112903675670064
2024-05-14 12:44:00+00:00,2024-05-15 13:54:00+00:00,1.155382957850871
2024-05-15 14:59:00+00:00,2024-05-15 15:39:00+00:00,0.3611027638878323
2024-05-15 14:29:00+00:00,2024-05-16 13:19:00+00:00,0.5361390111959347
2024-05-16 15:59:00+00:00,2024-05-20 12:03:00+00:00,1.8818273223225628
2024-05-21 11:59:00+00:00,2024-05-21 15:23:00+00:00,0.3566386828293101
2024-05-21 19:59:00+00:00,2024-05-22 11:43:00+00:00,-1.0209563089333904
2024-05-14 12:39:00+00:00,2024-05-23 17:26:00+00:00,-1.0230569437750223
2024-06-06 18:29:00+00:00,2024-06-06 20:00:00+00:00,0.07563132065279718
2024-06-07 02:44:00+00:00,2024-06-07 04:00:00+00:00,1.3149957357271187
2024-06-07 05:24:00+00:00,2024-06-07 05:57:00+00:00,-1.0299072959487894
2024-06-07 07:14:00+00:00,2024-06-07 07:34:00+00:00,-1.080538452398788
2024-06-20 10:29:00+00:00,2024-06-20 12:00:00+00:00,0.6526954170791671
2024-06-20 12:29:00+00:00,2024-06-20 12:40:00+00:00,-1.094762323578121
2024-06-20 09:59:00+00:00,2024-06-20 12:41:00+00:00,0.32399277532263576
2024-06-20 12:19:00+00:00,2024-06-20 16:00:00+00:00,2.3391200608924434
2024-06-20 13:14:00+00:00,2024-06-20 16:00:00+00:00,2.5731846635724587
2024-06-20 22:29:00+00:00,2024-06-21 00:00:00+00:00,0.32646097783369343
2024-06-21 02:14:00+00:00,2024-06-21 04:00:00+00:00,0.07246285304099026
2024-06-21 06:14:00+00:00,2024-06-21 06:23:00+00:00,-1.1042131593325677
2024-06-21 07:44:00+00:00,2024-06-21 13:22:00+00:00,-1.130031469582775
2024-06-21 09:34:00+00:00,2024-06-21 13:22:00+00:00,-1.0403004390039097
2024-06-25 08:19:00+00:00,2024-06-25 09:18:00+00:00,-1.048443161553038
2024-06-25 12:59:00+00:00,2024-06-25 13:45:00+00:00,0.3416047352680876
2024-06-25 15:14:00+00:00,2024-06-25 16:00:00+00:00,-0.1888846612704929
2024-06-25 14:29:00+00:00,2024-06-25 16:00:00+00:00,-0.05067622469452779
2024-06-26 00:29:00+00:00,2024-06-27 10:07:00+00:00,2.817081571696933
2024-06-25 16:09:00+00:00,2024-06-28 12:30:00+00:00,-1.028502198986356
2024-06-30 23:59:00+00:00,2024-07-01 01:27:00+00:00,-1.2169688668464484
2024-07-01 03:44:00+00:00,2024-07-01 06:26:00+00:00,-1.1532824844845546
2024-07-01 07:29:00+00:00,2024-07-01 09:09:00+00:00,-1.1011003541304285
2024-07-02 08:44:00+00:00,2024-07-02 08:51:00+00:00,-1.047887238689755
2024-07-02 09:29:00+00:00,2024-07-02 13:42:00+00:00,-1.073701745349865
2024-07-02 17:34:00+00:00,2024-07-02 19:47:00+00:00,-1.0328523461299643
2024-07-02 14:14:00+00:00,2024-07-03 04:51:00+00:00,-1.0721984992037425
2024-07-08 01:14:00+00:00,2024-07-08 01:42:00+00:00,-1.0642652200521052
2024-07-08 05:14:00+00:00,2024-07-08 05:34:00+00:00,-1.0863633501527894
2024-07-08 07:59:00+00:00,2024-07-08 15:30:00+00:00,-1.033082610271084
2024-07-10 15:14:00+00:00,2024-07-10 17:21:00+00:00,-1.0832660390497904
2024-07-11 12:14:00+00:00,2024-07-11 12:29:00+00:00,-1.0894665658775355
2024-07-11 12:59:00+00:00,2024-07-11 13:28:00+00:00,0.34322322280745476
2024-07-11 12:44:00+00:00,2024-07-11 13:41:00+00:00,-1.017316531292984
2024-07-12 13:59:00+00:00,2024-07-12 14:24:00+00:00,0.35742701491409273
2024-07-15 07:59:00+00:00,2024-07-15 09:21:00+00:00,0.3363690277127622
2024-07-15 23:59:00+00:00,2024-07-16 00:40:00+00:00,-1.1634323464062901
2024-07-16 01:14:00+00:00,2024-07-17 16:23:00+00:00,12.942019362158238
2024-07-18 06:29:00+00:00,2024-07-18 09:22:00+00:00,-1.103157829518252
2024-07-18 12:14:00+00:00,2024-07-18 12:51:00+00:00,-1.1796186556454473
2024-07-18 11:59:00+00:00,2024-07-18 17:08:00+00:00,-1.0458316644626853
2024-07-10 01:19:00+00:00,2024-07-22 20:00:00+00:00,8.24093556502905
2024-08-01 00:39:00+00:00,2024-08-01 02:45:00+00:00,-1.1096058537609075
2024-08-01 16:14:00+00:00,2024-08-01 18:28:00+00:00,-1.013061815993767
2024-08-02 01:44:00+00:00,2024-08-02 14:37:00+00:00,-0.4690986295605597
2024-08-01 14:14:00+00:00,2024-08-02 14:51:00+00:00,-1.0108199486930405
2024-08-11 22:29:00+00:00,2024-08-11 23:12:00+00:00,-1.0604277864096034
2024-08-12 01:29:00+00:00,2024-08-12 01:38:00+00:00,-1.143045345126594
2024-08-11 22:59:00+00:00,2024-08-12 01:46:00+00:00,-1.0505889780164874
2024-08-12 05:59:00+00:00,2024-08-14 13:20:00+00:00,6.296085520843021
2024-08-12 12:04:00+00:00,2024-08-14 16:33:00+00:00,-1.0441953162108029
2024-08-15 17:59:00+00:00,2024-08-19 11:22:00+00:00,4.017905326551624
2024-08-19 23:44:00+00:00,2024-08-20 01:57:00+00:00,-1.197353881848014
2024-08-19 13:59:00+00:00,2024-08-20 02:12:00+00:00,0.3580993137673984
2024-08-21 03:44:00+00:00,2024-08-21 06:11:00+00:00,-1.0342685811140317
2024-08-21 06:29:00+00:00,2024-08-21 06:45:00+00:00,-1.1035604795611362
2024-08-20 17:59:00+00:00,2024-08-21 14:00:00+00:00,-1.0129205917276116
2024-08-21 23:59:00+00:00,2024-08-22 01:34:00+00:00,-1.180729757381032
2024-08-21 18:59:00+00:00,2024-08-22 02:40:00+00:00,-1.0192222614699107
2024-08-26 14:59:00+00:00,2024-08-26 17:28:00+00:00,0.3462375455449925
2024-08-23 13:59:00+00:00,2024-08-27 03:50:00+00:00,1.5536160307760893
2024-08-27 13:59:00+00:00,2024-08-27 14:34:00+00:00,0.3622685309517994
2024-08-27 14:59:00+00:00,2024-08-27 15:24:00+00:00,0.3397127185729645
2024-08-27 16:59:00+00:00,2024-08-28 01:51:00+00:00,0.35280641610783675
2024-08-29 13:59:00+00:00,2024-08-29 15:25:00+00:00,0.35233755236764075
2024-08-30 07:59:00+00:00,2024-08-30 10:12:00+00:00,0.3330086690745581
2024-08-30 11:59:00+00:00,2024-08-30 12:31:00+00:00,0.34560023066737133
2024-08-30 12:59:00+00:00,2024-08-30 14:29:00+00:00,-1.0316712074405896
2024-08-29 13:59:00+00:00,2024-08-30 14:29:00+00:00,-1.0321499416166986
2024-08-15 17:59:00+00:00,2024-09-02 22:00:00+00:00,4.972201551675097
2024-09-06 08:14:00+00:00,2024-09-06 11:42:00+00:00,-1.1086001625157658
2024-09-06 09:59:00+00:00,2024-09-06 11:50:00+00:00,-1.096049693554453
2024-09-06 12:44:00+00:00,2024-09-06 13:03:00+00:00,-1.0371032062387255
2024-09-06 12:59:00+00:00,2024-09-06 13:06:00+00:00,-1.0508529441097867
2024-09-10 23:49:00+00:00,2024-09-11 00:59:00+00:00,-1.2007503582781276
2024-09-11 01:14:00+00:00,2024-09-11 12:30:00+00:00,-1.1827106940496441
2024-09-11 01:24:00+00:00,2024-09-11 12:30:00+00:00,-1.0819271734571128
2024-09-12 08:59:00+00:00,2024-09-12 10:24:00+00:00,0.3124429827619624
2024-09-12 08:14:00+00:00,2024-09-12 10:46:00+00:00,-1.0684844859776816
2024-09-12 07:39:00+00:00,2024-09-12 10:59:00+00:00,-1.0868002162245822
2024-09-12 11:59:00+00:00,2024-09-12 12:29:00+00:00,0.3118889414950398
2024-09-12 11:44:00+00:00,2024-09-17 10:38:00+00:00,17.19582465633084
2024-09-17 11:59:00+00:00,2024-09-17 12:36:00+00:00,-1.0591212593626387
2024-09-18 18:14:00+00:00,2024-09-18 18:44:00+00:00,-1.0634694428769325
2024-09-19 14:59:00+00:00,2024-09-19 18:19:00+00:00,0.3584103751304645
2024-09-24 07:59:00+00:00,2024-09-24 11:05:00+00:00,0.3458759516123346
2024-09-24 12:59:00+00:00,2024-09-25 04:22:00+00:00,1.2321591135574474
2024-09-25 17:59:00+00:00,2024-09-26 13:11:00+00:00,0.3505961190488394
2024-09-20 01:44:00+00:00,2024-09-26 13:18:00+00:00,33.15745482604032
2024-09-26 14:59:00+00:00,2024-09-26 20:21:00+00:00,0.35773842676345635
2024-09-26 15:29:00+00:00,2024-09-27 09:20:00+00:00,-1.0296360782802512
2024-09-27 12:59:00+00:00,2024-09-27 14:48:00+00:00,-1.034892854035616
2024-10-01 18:29:00+00:00,2024-10-02 05:28:00+00:00,-1.03137166016955
2024-10-02 07:59:00+00:00,2024-10-02 14:15:00+00:00,0.34551322383366617
2024-10-03 01:59:00+00:00,2024-10-03 02:09:00+00:00,-1.1054236797744361
2024-10-03 02:29:00+00:00,2024-10-03 02:57:00+00:00,-1.220123917842612
2024-09-12 12:34:00+00:00,2024-10-04 05:15:00+00:00,15.227158733517292
2024-10-04 10:59:00+00:00,2024-10-04 12:00:00+00:00,0.33726757158300325
2024-10-03 23:59:00+00:00,2024-10-04 12:30:00+00:00,-1.1899666246832865
2024-10-04 14:59:00+00:00,2024-10-04 15:20:00+00:00,0.3587044160214586
2024-10-14 07:39:00+00:00,2024-10-14 08:00:00+00:00,-0.3453200740893205
2024-10-14 08:04:00+00:00,2024-10-14 11:18:00+00:00,-1.0577170895249235
2024-10-14 13:59:00+00:00,2024-10-15 05:05:00+00:00,-1.0388830024947795
2024-10-15 07:59:00+00:00,2024-10-15 08:52:00+00:00,0.33842966162626203
2024-10-15 12:29:00+00:00,2024-10-15 12:51:00+00:00,-1.0651185689038978
2024-10-15 14:59:00+00:00,2024-10-15 16:44:00+00:00,0.3495666520556814
2024-10-17 13:59:00+00:00,2024-10-17 15:13:00+00:00,0.34600225545201135
2024-10-15 13:29:00+00:00,2024-10-21 18:55:00+00:00,9.997134637909614
2024-10-22 10:14:00+00:00,2024-10-22 11:51:00+00:00,-1.0912123183185332
2024-10-22 12:14:00+00:00,2024-10-23 13:13:00+00:00,0.39229316074887394
2024-10-24 16:59:00+00:00,2024-10-25 03:13:00+00:00,-1.0424235320820228
2024-10-28 07:44:00+00:00,2024-10-28 08:35:00+00:00,-1.0552949096767839
2024-10-28 12:59:00+00:00,2024-10-30 13:37:00+00:00,1.708363291498802
2024-10-28 22:29:00+00:00,2024-10-31 13:01:00+00:00,11.114431124769958
2024-10-15 16:54:00+00:00,2024-11-05 04:00:00+00:00,5.903142935878503
2024-11-20 10:49:00+00:00,2024-11-20 12:42:00+00:00,-1.0642199866462525
2024-11-27 15:59:00+00:00,2024-11-28 06:45:00+00:00,0.3162812225594331
2024-11-28 15:41:00+00:00,2024-11-29 01:05:00+00:00,0.35192019533108837
2024-12-02 05:49:00+00:00,2024-12-02 09:28:00+00:00,-1.0243028848583282
2024-12-02 21:54:00+00:00,2024-12-03 00:18:00+00:00,-1.077593251440763
2024-12-03 05:34:00+00:00,2024-12-03 06:02:00+00:00,-1.1113365546368208
2024-12-03 04:44:00+00:00,2024-12-03 06:08:00+00:00,-1.0858758819348695
2024-12-04 01:24:00+00:00,2024-12-04 02:02:00+00:00,-1.1212710032799191
2024-12-02 12:59:00+00:00,2024-12-04 13:06:00+00:00,0.3588452129385585
2024-12-04 12:29:00+00:00,2024-12-04 13:30:00+00:00,-1.0929833084025882
2024-12-04 09:44:00+00:00,2024-12-04 13:53:00+00:00,-1.0429889297886754
2024-12-06 10:59:00+00:00,2024-12-06 14:17:00+00:00,0.3507979554719704
2024-12-06 14:14:00+00:00,2024-12-06 15:03:00+00:00,-1.0466711220742604
2024-12-06 15:44:00+00:00,2024-12-08 23:00:00+00:00,-1.0498691382100684
2024-12-09 00:29:00+00:00,2024-12-09 01:10:00+00:00,-1.030891835259565
2024-12-06 17:59:00+00:00,2024-12-09 09:20:00+00:00,-1.0237864158942516
2024-12-06 15:44:00+00:00,2024-12-09 09:47:00+00:00,-1.0269313780721492
2024-12-12 01:24:00+00:00,2024-12-12 01:51:00+00:00,-1.00651480932006
2024-12-12 06:44:00+00:00,2024-12-12 10:09:00+00:00,-1.0970037320910335
2024-12-12 08:04:00+00:00,2024-12-12 10:09:00+00:00,-1.0488006572504556
2024-12-16 17:29:00+00:00,2024-12-16 20:00:00+00:00,0.25038556020639324
2024-12-16 20:59:00+00:00,2024-12-17 00:00:00+00:00,0.5215993702656904
2024-12-17 00:09:00+00:00,2024-12-17 00:56:00+00:00,-1.1068960761709865
2024-12-17 03:14:00+00:00,2024-12-17 03:27:00+00:00,-1.0977682553309807
2024-12-17 03:44:00+00:00,2024-12-17 04:00:00+00:00,0.22548367580673678
2024-12-17 04:29:00+00:00,2024-12-17 08:00:00+00:00,0.3817043657730111
2024-12-17 05:34:00+00:00,2024-12-17 08:00:00+00:00,-0.2225296302753612
2024-12-17 08:24:00+00:00,2024-12-17 12:00:00+00:00,1.037179507684392
2024-12-17 13:29:00+00:00,2024-12-17 16:00:00+00:00,0.33108267019302423
2024-12-17 16:04:00+00:00,2024-12-17 20:00:00+00:00,-0.7213393327295792
2024-12-18 08:24:00+00:00,2024-12-18 10:54:00+00:00,-1.0401303391280543
2024-12-18 09:59:00+00:00,2024-12-18 13:16:00+00:00,0.3378338087364405
2024-12-18 13:59:00+00:00,2024-12-19 01:33:00+00:00,2.8906843156636395
2024-12-19 03:29:00+00:00,2024-12-19 07:25:00+00:00,-1.0234392246992308
2024-12-19 19:29:00+00:00,2024-12-20 07:03:00+00:00,-1.0639121309676465
2024-12-19 10:59:00+00:00,2024-12-20 13:47:00+00:00,0.3586749943115256
2024-12-24 07:59:00+00:00,2024-12-24 10:11:00+00:00,0.3279906654641505
2024-12-24 14:59:00+00:00,2024-12-24 16:31:00+00:00,-1.0520709939427735
2024-12-23 17:14:00+00:00,2024-12-25 23:00:00+00:00,-1.4703228724967956
2024-12-30 13:59:00+00:00,2024-12-30 17:03:00+00:00,0.3421286297474788
2024-12-27 12:29:00+00:00,2024-12-31 08:57:00+00:00,5.128981072867471
2024-12-31 10:59:00+00:00,2024-12-31 13:23:00+00:00,0.33996207153882696
2024-12-18 13:59:00+00:00,2025-01-02 15:49:00+00:00,-1.0306936767447024
2025-01-13 00:44:00+00:00,2025-01-13 01:11:00+00:00,-1.0753106722692003
2025-01-13 02:14:00+00:00,2025-01-13 05:15:00+00:00,-1.0340746637321236
2025-01-13 08:59:00+00:00,2025-01-13 12:00:00+00:00,-1.0154540633097962
2025-01-15 02:14:00+00:00,2025-01-17 09:24:00+00:00,15.711159227343204
2025-01-17 12:59:00+00:00,2025-01-17 19:01:00+00:00,0.3388941807617132
2025-01-20 11:14:00+00:00,2025-01-20 13:30:00+00:00,-1.0357036526127013
2025-01-21 07:44:00+00:00,2025-01-21 08:03:00+00:00,-1.0636521782074975
2025-01-22 07:14:00+00:00,2025-01-22 07:56:00+00:00,-1.1421181528552886
2025-01-22 12:44:00+00:00,2025-01-22 13:29:00+00:00,-1.0513144641147383
2025-01-22 13:59:00+00:00,2025-01-22 14:33:00+00:00,-1.051074042583031
2025-01-22 15:29:00+00:00,2025-01-23 09:18:00+00:00,-1.0292163936852514
2025-01-21 07:59:00+00:00,2025-01-23 13:14:00+00:00,0.3507121934696338
2025-01-24 14:44:00+00:00,2025-01-24 16:49:00+00:00,-1.0838035292064632
2025-01-23 16:59:00+00:00,2025-01-27 02:13:00+00:00,0.3537951428971153
2025-01-27 11:59:00+00:00,2025-01-27 13:40:00+00:00,-1.0197920035274715
2025-01-29 08:14:00+00:00,2025-01-29 10:27:00+00:00,-1.212249080713848
2025-01-29 11:59:00+00:00,2025-01-29 12:07:00+00:00,-1.0991516817787692
2025-01-29 13:59:00+00:00,2025-01-29 14:26:00+00:00,0.31795075114094884
2025-01-29 13:44:00+00:00,2025-01-29 15:29:00+00:00,-0.9848252159825893
2025-01-29 15:44:00+00:00,2025-01-29 19:04:00+00:00,-1.0353466261627213
2025-01-29 19:59:00+00:00,2025-01-31 17:15:00+00:00,2.1141127818517553
2025-01-29 20:29:00+00:00,2025-01-31 17:44:00+00:00,4.0312210960208885
2025-02-04 01:29:00+00:00,2025-02-04 05:01:00+00:00,-1.0647562783542812
2025-02-05 01:59:00+00:00,2025-02-06 07:47:00+00:00,-0.025967490166431656
2025-01-15 04:59:00+00:00,2025-02-06 10:03:00+00:00,64.25322326087858
2025-02-04 09:59:00+00:00,2025-02-06 15:00:00+00:00,0.5411680575865795
2025-02-07 03:44:00+00:00,2025-02-07 05:42:00+00:00,-1.111374769191001
2025-02-07 06:29:00+00:00,2025-02-07 06:51:00+00:00,-1.1681545086091494
2025-02-07 07:14:00+00:00,2025-02-07 13:17:00+00:00,-1.0777597213075931
2025-02-07 08:34:00+00:00,2025-02-07 13:31:00+00:00,-1.0533592552563908
2025-02-07 14:59:00+00:00,2025-02-07 15:53:00+00:00,0.3578499060369902
2025-02-07 14:29:00+00:00,2025-02-07 16:42:00+00:00,-1.035617697775506
2025-02-10 17:44:00+00:00,2025-02-11 07:36:00+00:00,0.5061998893643423
2025-02-11 17:59:00+00:00,2025-02-12 10:43:00+00:00,-1.0127111942011944
2025-02-13 14:59:00+00:00,2025-02-14 13:25:00+00:00,0.35965551420626957
2025-02-12 19:59:00+00:00,2025-02-14 14:09:00+00:00,1.3022169597159612
2025-02-18 10:59:00+00:00,2025-02-19 18:09:00+00:00,3.0485205386387584
2025-02-19 19:59:00+00:00,2025-02-20 01:35:00+00:00,0.35751438278282294
2025-02-20 16:59:00+00:00,2025-02-21 05:32:00+00:00,-1.0067406314496266
2025-02-21 21:29:00+00:00,2025-02-24 01:00:00+00:00,-1.036073601237005
2025-02-24 06:14:00+00:00,2025-02-25 07:52:00+00:00,-1.0585907967876533
2025-02-24 16:59:00+00:00,2025-02-25 15:17:00+00:00,-1.013852419002425
2025-02-27 01:44:00+00:00,2025-02-27 01:56:00+00:00,-1.1132725886766308
2025-02-07 16:09:00+00:00,2025-02-27 04:00:00+00:00,0.6086654179100509
2025-03-06 00:14:00+00:00,2025-03-06 04:00:00+00:00,0.2976840741475718
2025-03-06 06:14:00+00:00,2025-03-06 07:21:00+00:00,-1.0106883704701235
2025-03-07 11:09:00+00:00,2025-03-07 12:00:00+00:00,-0.3133188626381658
2025-03-07 12:14:00+00:00,2025-03-07 13:20:00+00:00,-1.071429433334813
2025-03-07 13:44:00+00:00,2025-03-07 13:55:00+00:00,-1.0184018736232447
2025-03-06 14:59:00+00:00,2025-03-07 15:36:00+00:00,0.356404631248342
2025-03-12 05:59:00+00:00,2025-03-12 06:44:00+00:00,-1.1679164799653836
2025-03-12 07:59:00+00:00,2025-03-12 09:41:00+00:00,0.33960832799551016
2025-03-17 08:59:00+00:00,2025-03-17 12:14:00+00:00,0.3335994858987248
2025-03-17 13:59:00+00:00,2025-03-19 09:05:00+00:00,1.8856550313037912
2025-03-19 15:59:00+00:00,2025-03-19 16:38:00+00:00,0.33926798691085513
2025-03-19 18:59:00+00:00,2025-03-20 00:17:00+00:00,0.3460523499195869
2025-03-13 08:14:00+00:00,2025-03-20 10:17:00+00:00,24.772600062115846
2025-03-20 12:59:00+00:00,2025-03-21 05:15:00+00:00,-1.0307846652476824
2025-03-24 12:14:00+00:00,2025-03-24 12:51:00+00:00,-1.1123025549148
2025-03-24 13:14:00+00:00,2025-03-24 13:27:00+00:00,-1.1069863419800525
2025-03-25 12:44:00+00:00,2025-03-26 04:06:00+00:00,-1.0321460200535961
2025-03-26 10:29:00+00:00,2025-03-26 13:50:00+00:00,-1.0715523928612918
2025-03-28 08:59:00+00:00,2025-03-28 10:10:00+00:00,-1.0866788963993974
2025-03-28 11:14:00+00:00,2025-03-28 12:21:00+00:00,-1.0079823324811632
2025-03-28 12:43:00+00:00,2025-03-28 13:01:00+00:00,-1.2459688241312004
2025-03-28 13:44:00+00:00,2025-03-28 14:34:00+00:00,-0.8396604001897535
2025-03-28 15:29:00+00:00,2025-04-01 15:59:00+00:00,2.574683533788764
2025-04-02 11:14:00+00:00,2025-04-02 20:14:00+00:00,-1.0358193351866838
2025-04-02 20:29:00+00:00,2025-04-02 20:42:00+00:00,-0.8988110566423368
2025-03-28 15:59:00+00:00,2025-04-02 20:42:00+00:00,1.4560016354879253
2025-04-02 22:44:00+00:00,2025-04-03 05:16:00+00:00,-0.6178757657111466
2025-03-12 13:14:00+00:00,2025-04-03 13:00:00+00:00,10.6502753000271
2025-04-14 11:59:00+00:00,2025-04-17 13:56:00+00:00,1.4555481039245448
2025-04-11 06:29:00+00:00,2025-04-17 14:02:00+00:00,5.444591194586356
2025-04-22 00:29:00+00:00,2025-04-22 12:46:00+00:00,0.5421417231784703
2025-04-17 16:59:00+00:00,2025-04-22 12:46:00+00:00,1.779266285996296
2025-04-24 05:44:00+00:00,2025-04-24 13:50:00+00:00,-1.0276052805950935
2025-04-24 16:59:00+00:00,2025-04-25 04:13:00+00:00,-1.0304192630748363
2025-04-29 22:14:00+00:00,2025-04-29 23:16:00+00:00,-1.0283850897958884
2025-04-30 00:14:00+00:00,2025-04-30 00:40:00+00:00,-1.0850642443585867
2025-04-10 17:14:00+00:00,2025-04-30 16:00:00+00:00,4.945909567207147
2025-05-06 11:59:00+00:00,2025-05-07 00:44:00+00:00,-1.041451994426615
2025-05-07 10:59:00+00:00,2025-05-08 02:48:00+00:00,0.36586069512418595
2025-05-08 03:49:00+00:00,2025-05-08 05:09:00+00:00,-0.9970650789830222
2025-05-09 14:29:00+00:00,2025-05-09 20:54:00+00:00,-1.0183918004424184
2025-05-09 14:24:00+00:00,2025-05-11 22:00:00+00:00,-2.7074104199603584
2025-05-21 09:04:00+00:00,2025-05-21 12:00:00+00:00,0.005265717992515744
2025-05-21 11:59:00+00:00,2025-05-21 12:21:00+00:00,-1.058051359979661
2025-05-21 14:29:00+00:00,2025-05-21 16:00:00+00:00,0.38689779128338686
2025-05-21 17:14:00+00:00,2025-05-21 20:00:00+00:00,0.6827319988445385
2025-05-21 17:09:00+00:00,2025-05-21 20:00:00+00:00,0.7150557137952201
2025-05-21 22:04:00+00:00,2025-05-22 00:00:00+00:00,0.1854934879183218
2025-05-22 00:34:00+00:00,2025-05-22 04:00:00+00:00,1.4037784601782057
2025-05-22 05:24:00+00:00,2025-05-22 05:47:00+00:00,-1.0220702960068364
2025-05-26 13:59:00+00:00,2025-05-27 00:40:00+00:00,0.3456143694335966
2025-05-27 02:59:00+00:00,2025-05-27 04:32:00+00:00,-1.0535009737612848
2025-05-23 08:34:00+00:00,2025-05-27 05:46:00+00:00,-1.0225122354876566
2025-05-28 10:24:00+00:00,2025-05-28 10:47:00+00:00,-1.0454890141675983
2025-05-30 01:14:00+00:00,2025-05-30 01:32:00+00:00,-1.0903268361269083
2025-05-29 14:34:00+00:00,2025-05-30 02:40:00+00:00,-1.0361942896933956
2025-06-03 11:59:00+00:00,2025-06-03 13:46:00+00:00,-1.0384189089818792
2025-06-04 08:59:00+00:00,2025-06-04 10:51:00+00:00,-1.021960118897413
2025-06-05 00:59:00+00:00,2025-06-05 01:21:00+00:00,-1.069836997939648
2025-06-05 03:44:00+00:00,2025-06-05 03:57:00+00:00,-1.092563444898055
2025-06-04 12:59:00+00:00,2025-06-05 04:16:00+00:00,0.34911304361964446
2025-06-05 07:59:00+00:00,2025-06-05 09:05:00+00:00,0.34958178829507824
2025-06-05 13:44:00+00:00,2025-06-05 14:05:00+00:00,-1.0280357558684388
2025-06-02 00:54:00+00:00,2025-06-09 00:43:00+00:00,-1.0132760388784339
2025-06-12 01:04:00+00:00,2025-06-12 07:37:00+00:00,-1.0083806197771288
2025-06-12 08:59:00+00:00,2025-06-13 06:47:00+00:00,1.4284283783340508
2025-06-12 09:59:00+00:00,2025-06-16 13:16:00+00:00,4.714456330189783
2025-06-18 18:14:00+00:00,2025-06-18 18:40:00+00:00,-1.059776532971878
2025-06-12 11:44:00+00:00,2025-06-19 05:54:00+00:00,-1.0270433522866451
2025-07-04 11:29:00+00:00,2025-07-04 12:00:00+00:00,-0.9267714937527002
2025-07-11 20:39:00+00:00,2025-07-13 22:00:00+00:00,1.074948006536069
2025-07-14 00:14:00+00:00,2025-07-14 02:01:00+00:00,-1.032409981848826
2025-07-14 06:44:00+00:00,2025-07-14 12:12:00+00:00,-1.0723200113384637
2025-07-14 09:19:00+00:00,2025-07-14 12:12:00+00:00,-1.043015614103563
2025-07-15 06:09:00+00:00,2025-07-15 08:23:00+00:00,-1.1037296660456382
2025-07-15 08:39:00+00:00,2025-07-15 11:45:00+00:00,-1.0312515880381519
2025-07-18 02:14:00+00:00,2025-07-18 02:44:00+00:00,-1.0678030102872205
2025-07-18 05:14:00+00:00,2025-07-18 05:33:00+00:00,-1.110896635501189
2025-07-18 06:29:00+00:00,2025-07-23 13:04:00+00:00,23.868618600517873
2025-07-16 16:09:00+00:00,2025-07-27 22:00:00+00:00,-0.7397291830204857
2025-08-01 00:54:00+00:00,2025-08-01 05:49:00+00:00,-1.0810760944022069
2025-08-01 03:44:00+00:00,2025-08-01 05:50:00+00:00,-1.0727912084935562
2025-08-01 06:44:00+00:00,2025-08-01 09:47:00+00:00,-1.0888308028457332
2025-08-04 20:14:00+00:00,2025-08-05 00:00:00+00:00,0.12471417928278077
2025-08-05 00:19:00+00:00,2025-08-05 03:39:00+00:00,-1.0867078836604014
2025-08-05 18:24:00+00:00,2025-08-05 20:00:00+00:00,-0.3894350199802279
2025-08-06 00:59:00+00:00,2025-08-06 01:11:00+00:00,-1.0330447249485848
2025-08-06 13:59:00+00:00,2025-08-06 15:36:00+00:00,0.33873139668927543
2025-08-06 15:59:00+00:00,2025-08-07 00:46:00+00:00,0.3397832169247565
2025-08-06 20:59:00+00:00,2025-08-07 14:08:00+00:00,1.426076732388818
2025-08-07 14:14:00+00:00,2025-08-08 01:21:00+00:00,2.720542345961522
2025-08-08 03:44:00+00:00,2025-08-08 10:56:00+00:00,-1.0358947620450016
2025-08-08 14:44:00+00:00,2025-08-08 17:59:00+00:00,-1.0175793303529748
2025-08-06 17:29:00+00:00,2025-08-11 06:31:00+00:00,-1.0496645357978818
2025-08-20 01:04:00+00:00,2025-08-20 04:18:00+00:00,-1.0784285349207603
2025-08-22 05:54:00+00:00,2025-08-22 07:19:00+00:00,-1.1065481185630839
2025-08-22 07:29:00+00:00,2025-08-22 13:40:00+00:00,-1.078052147784654
2025-08-22 07:34:00+00:00,2025-08-22 14:00:00+00:00,-1.0610854005652162
2025-08-28 00:39:00+00:00,2025-08-28 00:58:00+00:00,-1.0532292666792902
2025-08-28 02:59:00+00:00,2025-08-28 03:48:00+00:00,-1.1377862163541788
2025-08-27 07:59:00+00:00,2025-08-28 13:06:00+00:00,1.4473562947306715
2025-08-29 11:59:00+00:00,2025-08-29 12:36:00+00:00,0.3284419912898452
2025-08-28 13:14:00+00:00,2025-09-02 07:34:00+00:00,15.335314337976385
2025-08-29 12:59:00+00:00,2025-09-02 07:53:00+00:00,4.235085939179337
2025-09-03 06:44:00+00:00,2025-09-03 07:20:00+00:00,-1.0582676525612569
2025-09-03 10:29:00+00:00,2025-09-04 01:39:00+00:00,-0.3256674036997783
2025-09-04 11:59:00+00:00,2025-09-04 13:42:00+00:00,0.3685372797608039
2025-09-05 02:44:00+00:00,2025-09-05 08:56:00+00:00,-1.0500511421434728
2025-09-05 12:44:00+00:00,2025-09-05 12:47:00+00:00,-1.0196517656767423
2025-09-04 14:59:00+00:00,2025-09-09 14:37:00+00:00,1.35588607209675
2025-09-08 23:59:00+00:00,2025-09-09 15:15:00+00:00,-1.1137030590357484
2025-09-10 12:44:00+00:00,2025-09-10 12:50:00+00:00,-1.052820368788612
2025-09-10 13:29:00+00:00,2025-09-10 19:33:00+00:00,-1.0671770574349593
2025-09-10 17:59:00+00:00,2025-09-11 05:32:00+00:00,-1.0106113154234153
2025-09-11 23:29:00+00:00,2025-09-12 00:17:00+00:00,-1.1062187986041567
2025-09-12 09:59:00+00:00,2025-09-12 14:36:00+00:00,0.35607833629890884
2025-09-12 16:59:00+00:00,2025-09-15 00:03:00+00:00,-1.0160009110033743
2025-09-12 00:59:00+00:00,2025-09-15 00:45:00+00:00,-1.1336948736995152
2025-09-15 07:59:00+00:00,2025-09-16 15:05:00+00:00,1.8421083179165294
2025-09-16 03:14:00+00:00,2025-09-17 02:38:00+00:00,-1.0616046372110854
2025-09-17 14:59:00+00:00,2025-09-17 18:01:00+00:00,0.16373107818946697
2025-08-28 10:29:00+00:00,2025-09-19 05:10:00+00:00,43.82453226612211
2025-09-19 10:44:00+00:00,2025-09-19 11:25:00+00:00,-1.053804507706623
2025-09-19 13:14:00+00:00,2025-09-23 19:16:00+00:00,14.676272434030349
2025-09-24 08:59:00+00:00,2025-09-24 10:20:00+00:00,-1.0204722534860489
2025-09-24 13:14:00+00:00,2025-09-24 13:31:00+00:00,-1.0613849244680176
2025-09-24 11:59:00+00:00,2025-09-24 15:34:00+00:00,-1.0144657649952664
2025-09-25 11:29:00+00:00,2025-09-25 12:36:00+00:00,-1.0304117017985919
2025-09-26 00:14:00+00:00,2025-09-26 03:00:00+00:00,-1.0888299783780684
2025-09-26 11:29:00+00:00,2025-09-30 08:22:00+00:00,11.725716066394288
2025-10-01 06:29:00+00:00,2025-10-02 01:00:00+00:00,-1.051103768839432
2025-10-01 14:59:00+00:00,2025-10-02 13:39:00+00:00,0.3668406002879612
2025-10-03 12:59:00+00:00,2025-10-03 14:00:00+00:00,0.3615487346516163
2025-10-03 11:44:00+00:00,2025-10-08 23:42:00+00:00,21.098329573312025
2025-10-09 07:59:00+00:00,2025-10-09 13:39:00+00:00,0.3690520352624029
2025-09-22 00:14:00+00:00,2025-10-13 15:16:00+00:00,51.96399815410343
2025-10-10 18:14:00+00:00,2025-10-14 06:23:00+00:00,4.32286084906106
2025-10-13 18:24:00+00:00,2025-10-14 06:24:00+00:00,-1.0126479443067606
2025-10-14 08:14:00+00:00,2025-10-14 12:32:00+00:00,-1.0155616869532702
2025-10-14 10:54:00+00:00,2025-10-14 12:51:00+00:00,-1.0233879837257385
2025-10-14 13:59:00+00:00,2025-10-14 17:00:00+00:00,0.37001657680173516
2025-10-14 16:29:00+00:00,2025-10-17 01:43:00+00:00,7.195890836807507
2025-10-17 02:14:00+00:00,2025-10-17 11:59:00+00:00,-1.00347586502376
2025-10-17 12:59:00+00:00,2025-10-17 14:05:00+00:00,-0.9992487791590138
2025-10-14 16:24:00+00:00,2025-10-21 14:43:00+00:00,-1.0168731487782257
2025-11-10 16:49:00+00:00,2025-11-10 20:00:00+00:00,1.1623599068784431
2025-11-10 20:24:00+00:00,2025-11-11 00:00:00+00:00,0.718671228455469
2025-11-11 06:14:00+00:00,2025-11-11 07:51:00+00:00,-1.0164757721443052
2025-11-11 10:44:00+00:00,2025-11-11 14:27:00+00:00,-1.0393520277883204
2025-11-11 08:14:00+00:00,2025-11-11 14:27:00+00:00,-1.038214812227269
2025-11-12 01:14:00+00:00,2025-11-12 01:35:00+00:00,-1.004843055291925
2025-11-12 01:44:00+00:00,2025-11-12 02:41:00+00:00,-1.0164629298140073
2025-11-12 02:09:00+00:00,2025-11-12 02:51:00+00:00,-1.0401507957151057
2025-11-12 08:59:00+00:00,2025-11-13 00:12:00+00:00,1.3164743160422796
2025-11-12 13:29:00+00:00,2025-11-13 14:44:00+00:00,5.425630380931911
2025-11-12 13:04:00+00:00,2025-11-14 12:17:00+00:00,-1.0349201922805324
2025-11-25 05:09:00+00:00,2025-11-25 07:29:00+00:00,-1.0038512193177125
2025-11-25 10:14:00+00:00,2025-11-25 12:44:00+00:00,-1.0268494077096932
2025-11-25 13:14:00+00:00,2025-11-25 14:35:00+00:00,-1.0174634224457877
2025-11-26 15:59:00+00:00,2025-12-01 05:17:00+00:00,1.3922553577069088
2025-11-25 19:14:00+00:00,2025-12-02 01:05:00+00:00,4.817341053904426
2025-12-03 15:14:00+00:00,2025-12-03 16:55:00+00:00,-1.0392171031901913
2025-12-03 15:59:00+00:00,2025-12-04 03:02:00+00:00,-1.0048618065892545
2025-12-04 19:44:00+00:00,2025-12-05 01:00:00+00:00,-1.0277141371349219
2025-12-05 09:29:00+00:00,2025-12-05 16:11:00+00:00,-1.061584776644131
2025-12-05 17:59:00+00:00,2025-12-05 21:19:00+00:00,-1.005828779604043
2025-12-09 14:44:00+00:00,2025-12-09 15:00:00+00:00,-1.0437368988835534
2025-12-09 15:29:00+00:00,2025-12-10 08:59:00+00:00,-1.0318420084454347
2025-12-11 07:59:00+00:00,2025-12-12 15:25:00+00:00,2.4571297807889656
2025-12-12 05:14:00+00:00,2025-12-12 15:58:00+00:00,3.7744562307339953
2025-12-16 17:59:00+00:00,2025-12-17 02:52:00+00:00,0.3607180715205296
2025-12-17 08:59:00+00:00,2025-12-17 14:18:00+00:00,0.3651099023041532
2025-12-18 13:59:00+00:00,2025-12-18 14:41:00+00:00,-1.0136577067384722
2025-11-26 00:54:00+00:00,2025-12-18 15:48:00+00:00,26.096920856955858
2025-12-18 15:59:00+00:00,2025-12-18 17:08:00+00:00,0.36448479958244473
2025-12-16 18:44:00+00:00,2025-12-19 00:59:00+00:00,1.1965479166286728
2025-12-19 09:59:00+00:00,2025-12-19 14:45:00+00:00,0.3633516003692573
2025-12-19 14:59:00+00:00,2025-12-19 15:27:00+00:00,0.3571314338081534
2025-12-19 19:04:00+00:00,2025-12-19 20:46:00+00:00,-1.0272834473229537
2025-12-21 23:14:00+00:00,2025-12-23 14:05:00+00:00,17.991320875502645
2025-12-24 04:44:00+00:00,2025-12-24 05:11:00+00:00,-1.0295330718580376
2025-12-26 12:29:00+00:00,2025-12-29 00:19:00+00:00,-1.0405741379015718
2025-12-22 08:44:00+00:00,2025-12-29 13:51:00+00:00,-1.025195427468491
2026-01-06 06:34:00+00:00,2026-01-06 09:47:00+00:00,-1.0151658729735649
2026-01-06 06:14:00+00:00,2026-01-06 09:48:00+00:00,-1.0479088130429324
2026-01-06 11:44:00+00:00,2026-01-07 05:35:00+00:00,-1.0525674172596073
2026-01-06 13:44:00+00:00,2026-01-07 05:48:00+00:00,-1.0362475025289253
2026-01-07 08:59:00+00:00,2026-01-07 13:09:00+00:00,-0.9983919973790719
2026-01-07 16:59:00+00:00,2026-01-08 05:16:00+00:00,-1.0057273003233331
2026-01-09 13:59:00+00:00,2026-01-09 14:14:00+00:00,0.3580879329924352
2026-01-13 08:59:00+00:00,2026-01-13 15:20:00+00:00,0.3722169507204989
2026-01-09 04:59:00+00:00,2026-01-13 20:34:00+00:00,14.207525198005948
2026-01-14 13:29:00+00:00,2026-01-14 14:38:00+00:00,-0.9938667012208467
2026-01-13 18:59:00+00:00,2026-01-14 15:02:00+00:00,0.3640960116334068
2026-01-14 15:59:00+00:00,2026-01-14 20:07:00+00:00,0.3640877359626214
2026-01-14 20:59:00+00:00,2026-01-14 21:42:00+00:00,-1.0305592971870727
2026-01-15 10:59:00+00:00,2026-01-15 13:45:00+00:00,-1.013519882032107
2026-01-15 15:59:00+00:00,2026-01-16 15:27:00+00:00,-1.0037049201498014
2026-01-19 12:14:00+00:00,2026-01-21 15:23:00+00:00,19.26963435903291
2026-01-22 13:14:00+00:00,2026-01-22 13:42:00+00:00,-1.029119191960026
2026-01-22 14:14:00+00:00,2026-01-26 19:22:00+00:00,13.729511764937415
2026-01-22 13:59:00+00:00,2026-01-26 19:48:00+00:00,1.7920494630840955
2026-01-27 12:44:00+00:00,2026-01-27 13:41:00+00:00,-1.0330092400839044
2026-01-27 18:14:00+00:00,2026-01-29 01:09:00+00:00,14.060123709966563
2026-01-29 10:14:00+00:00,2026-01-29 11:04:00+00:00,-1.125227279381408
2026-01-29 13:44:00+00:00,2026-01-29 14:47:00+00:00,-0.8549105046457609
2026-01-27 15:59:00+00:00,2026-01-29 15:08:00+00:00,2.4091202207642146
2026-01-08 20:04:00+00:00,2026-02-01 23:43:00+00:00,22.255425423031223
2026-02-10 10:29:00+00:00,2026-02-10 12:44:00+00:00,-1.015437814081968
2026-02-10 07:59:00+00:00,2026-02-10 14:45:00+00:00,0.3758103372706866
2026-02-10 09:59:00+00:00,2026-02-10 15:37:00+00:00,-1.01525165802221
2026-02-10 13:14:00+00:00,2026-02-10 15:37:00+00:00,-0.988711440750292
2026-02-11 02:29:00+00:00,2026-02-11 13:30:00+00:00,-1.0065881544883937
2026-02-10 19:59:00+00:00,2026-02-11 13:30:00+00:00,0.3722941246917803
2026-02-11 16:44:00+00:00,2026-02-12 16:10:00+00:00,-1.0085667406787895
2026-02-11 02:19:00+00:00,2026-02-12 16:12:00+00:00,-1.0038333830223964
2026-02-11 15:59:00+00:00,2026-02-12 16:13:00+00:00,-0.9906862838045898
2026-02-13 16:14:00+00:00,2026-02-16 05:03:00+00:00,-0.992593020067301
2026-02-16 11:29:00+00:00,2026-02-16 12:18:00+00:00,-1.04722808900344
2026-02-13 16:14:00+00:00,2026-02-17 00:58:00+00:00,-0.9959884691656912
2026-02-23 07:14:00+00:00,2026-02-23 07:25:00+00:00,-1.0241082770308934
2026-02-23 09:14:00+00:00,2026-02-24 01:16:00+00:00,0.2953006272269956
2026-02-24 07:59:00+00:00,2026-02-24 13:48:00+00:00,-1.004645914877588
2026-02-24 17:59:00+00:00,2026-02-25 02:50:00+00:00,0.3681295078730651
2026-02-25 12:14:00+00:00,2026-02-25 14:35:00+00:00,-1.0708834343983165
2026-02-25 14:59:00+00:00,2026-02-25 15:28:00+00:00,-0.9606138973287414
2026-02-25 11:59:00+00:00,2026-02-25 20:15:00+00:00,0.3696800480339797
2026-02-25 15:44:00+00:00,2026-02-25 20:42:00+00:00,-1.0129898913745445
2026-02-26 08:14:00+00:00,2026-02-26 08:27:00+00:00,-1.0132276902444335
2026-02-26 09:59:00+00:00,2026-02-26 14:30:00+00:00,-1.0158963305694415
2026-02-26 23:29:00+00:00,2026-02-27 00:41:00+00:00,-1.0323992324412241
2026-02-27 01:44:00+00:00,2026-02-27 09:48:00+00:00,-1.0375035028314823
2026-02-26 15:59:00+00:00,2026-03-01 23:01:00+00:00,1.4966588035451096
2026-03-03 02:14:00+00:00,2026-03-03 05:52:00+00:00,-1.0514715372430126
2026-02-20 18:34:00+00:00,2026-03-03 14:50:00+00:00,-0.9983745390042882
2026-03-04 13:14:00+00:00,2026-03-04 13:59:00+00:00,-1.0243632388317794
2026-03-04 13:09:00+00:00,2026-03-04 14:48:00+00:00,-1.0251438140620959
2026-03-05 04:04:00+00:00,2026-03-05 05:51:00+00:00,-1.0146857007568206
2026-03-05 06:59:00+00:00,2026-03-05 08:13:00+00:00,-0.9888119720879154
2026-03-05 12:34:00+00:00,2026-03-05 13:09:00+00:00,-1.0451866243998438
2026-03-05 12:44:00+00:00,2026-03-05 13:09:00+00:00,-0.9756201770182413
2026-03-11 04:14:00+00:00,2026-03-11 05:30:00+00:00,-1.0350937603682213
2026-03-11 04:24:00+00:00,2026-03-11 05:30:00+00:00,-1.032299625147377
2026-03-11 06:14:00+00:00,2026-03-11 06:41:00+00:00,-1.003734897921912
2026-03-11 19:59:00+00:00,2026-03-11 22:56:00+00:00,-1.003898044126761
2026-03-12 11:44:00+00:00,2026-03-12 12:00:00+00:00,-0.19864808068602224
2026-03-12 12:44:00+00:00,2026-03-12 13:23:00+00:00,-1.0390472726287938
2026-03-23 08:19:00+00:00,2026-03-23 11:07:00+00:00,-1.0073167487288126
2026-03-24 05:59:00+00:00,2026-03-24 06:40:00+00:00,-1.018982412768654
2026-03-24 03:04:00+00:00,2026-03-24 11:01:00+00:00,-0.9971421649762382
2026-03-26 00:29:00+00:00,2026-03-27 14:56:00+00:00,0.5768013600128072
2026-03-26 04:39:00+00:00,2026-03-27 15:18:00+00:00,-1.033782842271323
2026-03-23 19:59:00+00:00,2026-03-27 15:21:00+00:00,-0.6833368466339423
2026-04-22 18:19:00+00:00,2026-04-22 18:47:00+00:00,-1.0856080783412063
2026-04-22 19:14:00+00:00,2026-04-22 20:00:00+00:00,-0.22848489614922207
2026-04-22 22:14:00+00:00,2026-04-23 00:00:00+00:00,1.1349588806976068
2026-04-23 01:29:00+00:00,2026-04-23 04:00:00+00:00,1.6441102314823013
2026-04-23 01:54:00+00:00,2026-04-23 04:00:00+00:00,0.7997794924278459
2026-04-23 05:24:00+00:00,2026-04-23 06:01:00+00:00,-1.0945321592109303
2026-04-23 06:59:00+00:00,2026-04-23 08:00:00+00:00,-0.5166243440604859
2026-04-23 08:44:00+00:00,2026-04-23 11:54:00+00:00,-1.0537587499859058
2026-04-23 11:34:00+00:00,2026-04-23 11:54:00+00:00,-0.9965817670573903
2026-04-23 15:59:00+00:00,2026-04-23 17:26:00+00:00,0.36919158655823336
2026-04-23 18:24:00+00:00,2026-04-23 20:00:00+00:00,0.30381172966371467
2026-04-23 18:44:00+00:00,2026-04-23 20:00:00+00:00,0.5763305773890837
2026-04-23 17:59:00+00:00,2026-04-23 22:00:00+00:00,0.3651041414048528
2026-04-23 22:04:00+00:00,2026-04-24 00:00:00+00:00,-0.08333159039421033
2026-04-24 00:04:00+00:00,2026-04-24 00:30:00+00:00,-0.9958113895896097
2026-04-24 00:44:00+00:00,2026-04-24 04:00:00+00:00,2.4386230063347245
2026-04-24 06:19:00+00:00,2026-04-24 07:50:00+00:00,-1.0374093922450427
2026-04-24 09:29:00+00:00,2026-04-24 11:05:00+00:00,-1.0507256916953935
2026-04-27 01:14:00+00:00,2026-04-27 01:50:00+00:00,-1.057768513808125
2026-04-27 08:59:00+00:00,2026-04-27 13:17:00+00:00,0.3593385280745692
2026-04-27 18:59:00+00:00,2026-04-27 22:08:00+00:00,-1.0609506897762189
2026-04-28 01:14:00+00:00,2026-04-30 06:54:00+00:00,19.688666653597192
2026-04-28 12:24:00+00:00,2026-04-30 08:04:00+00:00,-0.996429477110004
2026-05-01 10:34:00+00:00,2026-05-01 12:14:00+00:00,-1.0030873553772615
2026-05-05 07:59:00+00:00,2026-05-05 12:24:00+00:00,-1.012174520031256
2026-05-04 04:29:00+00:00,2026-05-05 12:24:00+00:00,2.5653987785445302
2026-05-05 19:59:00+00:00,2026-05-05 23:09:00+00:00,-1.0182666527983162
2026-05-04 03:39:00+00:00,2026-05-06 00:58:00+00:00,-1.025775206904118
2026-05-15 19:14:00+00:00,2026-05-18 07:30:00+00:00,-0.4586210926341399
2026-05-19 06:59:00+00:00,2026-05-20 14:54:00+00:00,1.2730456920436917
2026-05-19 08:59:00+00:00,2026-05-20 14:55:00+00:00,0.35747336314590833
2026-05-22 08:44:00+00:00,2026-05-22 09:50:00+00:00,-0.9938820803250822
2026-05-22 10:29:00+00:00,2026-05-22 12:19:00+00:00,-1.0716067828389373
2026-05-22 12:29:00+00:00,2026-05-22 13:10:00+00:00,-1.0119749203264374
2026-05-22 13:59:00+00:00,2026-05-22 14:41:00+00:00,0.364316674371569
2026-05-22 13:29:00+00:00,2026-05-24 22:00:00+00:00,-1.048632184118771
2026-05-22 16:59:00+00:00,2026-05-24 22:02:00+00:00,-1.0040806437169592
2026-05-26 13:59:00+00:00,2026-05-28 14:09:00+00:00,4.5323228378875715
2026-06-01 11:44:00+00:00,2026-06-02 04:58:00+00:00,-1.0346423775967615
2026-06-03 00:59:00+00:00,2026-06-04 11:27:00+00:00,-0.32935871562957925
2026-06-04 14:59:00+00:00,2026-06-05 06:47:00+00:00,0.3691821197845204
2026-06-05 12:59:00+00:00,2026-06-08 07:25:00+00:00,1.3201222749839077
2026-05-15 10:24:00+00:00,2026-06-08 19:34:00+00:00,7.009173771008106
2026-06-09 13:59:00+00:00,2026-06-09 14:25:00+00:00,0.36035074901400477
2026-06-09 14:59:00+00:00,2026-06-11 17:30:00+00:00,2.097348311402657
2026-06-10 14:29:00+00:00,2026-06-11 17:30:00+00:00,1.2655642233129036
2026-06-09 19:09:00+00:00,2026-06-14 22:04:00+00:00,-1.0171737289021767
2026-06-17 05:59:00+00:00,2026-06-17 09:30:00+00:00,-0.991737467157358
2026-06-17 09:44:00+00:00,2026-06-17 13:22:00+00:00,-1.005384276534159
2026-06-17 05:59:00+00:00,2026-06-17 13:37:00+00:00,-0.9954233451628459
2026-06-19 13:44:00+00:00,2026-06-22 00:45:00+00:00,-1.0301735713961164
2026-06-22 15:59:00+00:00,2026-06-24 13:57:00+00:00,1.7627100263869524
2026-06-23 17:59:00+00:00,2026-06-26 09:19:00+00:00,5.518455028906788
2026-06-29 12:29:00+00:00,2026-06-30 06:32:00+00:00,1.0430520922032736
2026-06-30 08:59:00+00:00,2026-07-01 11:01:00+00:00,0.3685177532125419
2026-06-18 12:29:00+00:00,2026-07-03 12:00:00+00:00,2.57793878019201
2026-07-10 12:29:00+00:00,2026-07-10 16:00:00+00:00,-0.8225772860973461
2026-07-10 12:34:00+00:00,2026-07-10 16:00:00+00:00,-0.6255724443468305
2026-07-10 16:59:00+00:00,2026-07-10 20:00:00+00:00,-0.21626269703888631
2026-07-10 19:24:00+00:00,2026-07-10 20:00:00+00:00,-0.7894830007609124
2026-07-13 09:59:00+00:00,2026-07-14 12:30:00+00:00,2.0114113019519686
2026-07-15 09:14:00+00:00,2026-07-15 11:50:00+00:00,-0.993517369621363
2026-07-15 16:59:00+00:00,2026-07-15 17:46:00+00:00,-1.0073003882327243
2026-07-16 09:29:00+00:00,2026-07-16 11:46:00+00:00,-1.0061149220699406
2026-07-16 12:59:00+00:00,2026-07-16 13:07:00+00:00,0.36248867322358536
2026-07-16 12:14:00+00:00,2026-07-20 01:11:00+00:00,1.1737130598785914
2026-07-20 22:14:00+00:00,2026-07-21 00:13:00+00:00,-1.0062382884028547
2026-07-20 19:59:00+00:00,2026-07-21 01:16:00+00:00,-0.9975426195987221
2026-07-13 00:19:00+00:00,2026-07-22 01:00:00+00:00,-1.001750762025186
2026-07-28 12:34:00+00:00,2026-07-28 15:52:00+00:00,-1.0244702525184997
2026-07-29 00:09:00+00:00,2026-07-29 02:22:00+00:00,-1.0028895141042469
2026-07-29 04:49:00+00:00,2026-07-29 05:30:00+00:00,-1.0533442940848736
2026-07-28 17:44:00+00:00,2026-07-29 06:24:00+00:00,-1.0037215159029669
2026-07-29 08:59:00+00:00,2026-07-29 11:29:00+00:00,0.3744715037916092
2026-07-29 15:34:00+00:00,2026-07-29 16:55:00+00:00,-0.935255698220336
