t,R
2012-09-04 20:00:00+00:00,-1.0773898936909176
2012-09-06 09:00:00+00:00,-1.1827375785844143
2012-09-07 15:45:00+00:00,0.05364185769474375
2012-09-13 19:45:00+00:00,0.013508629011695087
2012-09-21 09:00:00+00:00,-1.1607458184826502
2012-10-01 15:45:00+00:00,-1.0383660549016736
2012-10-02 19:00:00+00:00,-1.042029955775343
2012-10-03 13:15:00+00:00,-1.1415149064481822
2012-11-08 09:00:00+00:00,-0.11919029573536667
2012-11-08 18:30:00+00:00,-0.1302484858544953
2012-11-09 16:30:00+00:00,-1.0509817843694178
2012-11-12 09:00:00+00:00,-1.1477326192403468
2012-11-22 13:30:00+00:00,-1.3316280404185068
2012-11-23 09:00:00+00:00,8.961796757741155
2012-12-14 15:00:00+00:00,-1.4779450666246992
2012-12-20 13:30:00+00:00,-1.1651983270657122
2012-12-20 15:15:00+00:00,1.6732081071388412
2013-01-04 09:00:00+00:00,-1.0687305521390167
2013-01-07 16:00:00+00:00,-1.0564155962267376
2013-01-25 09:00:00+00:00,1.8484952680955293
2013-01-28 10:15:00+00:00,-1.1713357855428592
2013-02-08 20:00:00+00:00,19.177056532123256
2013-02-22 17:15:00+00:00,-1.046687372443224
2013-03-01 19:15:00+00:00,-1.0363365681737675
2013-03-04 09:45:00+00:00,-1.1089042648286858
2013-03-04 16:15:00+00:00,-1.0617943044012845
2013-03-05 20:00:00+00:00,-1.071103244901254
2013-03-06 10:15:00+00:00,-1.2015426744475006
2013-03-08 14:15:00+00:00,-1.1649394055399303
2013-04-01 10:30:00+00:00,0.02627028445334669
2013-04-01 17:15:00+00:00,-1.1102385437192546
2013-04-03 18:45:00+00:00,0.5396597547953298
2013-04-12 09:00:00+00:00,87.07188629039504
2013-04-17 09:00:00+00:00,-1.0308842306216788
2013-04-18 09:00:00+00:00,-1.0267899338591475
2013-05-10 16:00:00+00:00,-1.0305613719026934
2013-05-13 09:00:00+00:00,-1.060726008529749
2013-05-14 13:45:00+00:00,-1.0797482165896974
2013-05-17 09:00:00+00:00,0.8595043297159054
2013-06-10 09:00:00+00:00,-1.1542543199292241
2013-06-11 09:00:00+00:00,-1.1811095350344107
2013-06-20 09:00:00+00:00,27.66371955257877
2013-08-02 09:00:00+00:00,-0.21502997336447494
2013-08-05 16:45:00+00:00,1.7339586978141415
2013-08-23 17:00:00+00:00,1.7424343382209788
2013-09-25 15:45:00+00:00,-1.0515356901029875
2013-09-27 12:00:00+00:00,-1.1358282937670001
2013-10-03 15:15:00+00:00,-1.092904103516689
2013-10-15 09:00:00+00:00,-1.1425654657321238
2013-11-01 16:00:00+00:00,-1.075759108005087
2013-11-04 12:45:00+00:00,-1.137557357985608
2013-11-05 09:00:00+00:00,2.225955726423454
2013-11-08 14:15:00+00:00,-1.200286844059888
2013-11-12 18:00:00+00:00,-1.763371727601135
2013-11-20 09:00:00+00:00,20.775796407684116
2013-11-29 09:00:00+00:00,-1.346974798615014
2013-12-04 09:00:00+00:00,-1.2442331146711156
2013-12-06 15:15:00+00:00,-1.0811422377881255
2013-12-09 09:00:00+00:00,-1.2002729821743425
2013-12-09 13:15:00+00:00,-1.2036391198986875
2013-12-13 09:00:00+00:00,-1.1906899563770563
2013-12-16 11:15:00+00:00,-1.1144008460857109
2013-12-18 13:15:00+00:00,-1.092295372727235
2013-12-19 09:00:00+00:00,4.933278528865703
2013-12-31 15:45:00+00:00,-1.055239459221979
2014-01-23 09:00:00+00:00,-1.1260499643124722
2014-01-31 09:00:00+00:00,-1.2475965641193125
2014-01-31 19:30:00+00:00,0.12828746939372698
2014-02-03 10:30:00+00:00,-1.198322659458875
2014-02-10 09:00:00+00:00,20.175038789390914
2014-02-18 21:30:00+00:00,-1.1147910782824761
2014-02-19 20:30:00+00:00,-1.1188283424664276
2014-02-21 09:00:00+00:00,4.070079240387658
2014-03-03 09:00:00+00:00,-1.0964010090770395
2014-03-13 18:45:00+00:00,-1.0636274291123806
2014-03-14 14:00:00+00:00,-1.1249522748979728
2014-04-08 20:00:00+00:00,-0.22081079625539557
2014-04-10 09:00:00+00:00,3.507539661849001
2014-04-11 09:00:00+00:00,-1.283239524813166
2014-04-11 13:45:00+00:00,-1.1228150852803065
2014-04-14 09:00:00+00:00,-1.2221563269078681
2014-04-14 17:15:00+00:00,-1.0960986346335821
2014-04-23 09:00:00+00:00,-1.2755030601155353
2014-04-23 17:30:00+00:00,-1.1012799831368654
2014-04-24 12:15:00+00:00,-1.1679559914842859
2014-05-01 09:00:00+00:00,-1.2142202863523532
2014-05-08 20:00:00+00:00,-1.0731173135149485
2014-05-09 12:30:00+00:00,-1.180010467744228
2014-05-09 18:15:00+00:00,-1.1241785650015998
2014-05-20 09:00:00+00:00,-1.2963523882799128
2014-05-21 13:15:00+00:00,-1.233661693569785
2014-05-26 11:15:00+00:00,-1.4782289511235056
2014-05-27 09:00:00+00:00,16.153292034998476
2014-06-27 09:00:00+00:00,-1.1649310817321648
2014-06-27 16:45:00+00:00,-1.0892337602321638
2014-07-02 12:45:00+00:00,-1.2139567035780852
2014-07-11 09:00:00+00:00,-1.2221363750007734
2014-07-11 15:15:00+00:00,-1.1377080930505865
2014-08-07 09:00:00+00:00,-1.2531430484554682
2014-08-07 15:30:00+00:00,-0.4378250742060725
2014-08-07 18:00:00+00:00,1.0382721935410992
2014-08-13 16:45:00+00:00,-1.0901130759613953
2014-08-14 17:00:00+00:00,-1.0697733808407075
2014-08-22 17:15:00+00:00,-1.0891085979592068
2014-08-25 09:00:00+00:00,-1.2156587311534919
2014-08-25 17:30:00+00:00,-1.1271381146028354
2014-09-03 11:15:00+00:00,-1.1074428822511286
2014-09-03 16:15:00+00:00,-1.0885348329741769
2014-09-04 19:30:00+00:00,-0.7745961697158673
2014-09-09 15:15:00+00:00,5.506059648113881
2014-09-19 09:00:00+00:00,-0.22628448416657168
2014-09-29 09:00:00+00:00,-1.1888570510645384
2014-09-29 20:00:00+00:00,-1.0956923900928017
2014-10-27 09:00:00+00:00,-1.3539507829064934
2014-10-27 15:15:00+00:00,-0.3660669790164638
2014-10-28 13:45:00+00:00,-1.207929462571837
2014-10-29 12:45:00+00:00,3.1165277026748655
2014-11-03 17:45:00+00:00,-1.0838851087468064
2014-11-05 09:00:00+00:00,-0.7348367684273682
2014-11-28 20:00:00+00:00,1.1544755354313625
2014-12-17 09:00:00+00:00,-1.1794909246436371
2014-12-17 10:30:00+00:00,0.1624459771404168
2014-12-17 17:00:00+00:00,-1.064798168398055
2014-12-18 20:30:00+00:00,-0.33074944916605564
2014-12-19 11:30:00+00:00,-1.1096095951762024
2014-12-22 14:30:00+00:00,2.6663111331457428
2014-12-30 14:45:00+00:00,-1.1147637882929466
2015-01-13 09:00:00+00:00,-1.1297089166142982
2015-01-14 16:30:00+00:00,-1.044004666389986
2015-01-15 12:45:00+00:00,4.118182373369657
2015-01-28 15:00:00+00:00,-1.1084416155989374
2015-02-24 09:45:00+00:00,-1.2532745342151854
2015-03-03 18:15:00+00:00,5.634149432712235
2015-03-12 17:15:00+00:00,-1.0887082367539092
2015-03-13 16:30:00+00:00,-1.0696444502627558
2015-03-17 10:30:00+00:00,-1.2061887139160001
2015-03-18 09:00:00+00:00,-1.1643961066192974
2015-04-14 16:00:00+00:00,0.26339433209808133
2015-04-15 09:00:00+00:00,2.240282579078099
2015-04-21 09:00:00+00:00,-0.6369652713401828
2015-04-23 17:00:00+00:00,-1.0729750474599646
2015-04-24 14:15:00+00:00,-1.145250387439115
2015-05-01 09:00:00+00:00,-1.3018333870287688
2015-05-18 09:00:00+00:00,-1.1562168513689377
2015-06-02 09:00:00+00:00,-1.2068134876213876
2015-06-08 17:30:00+00:00,-1.1192979982962392
2015-06-24 09:00:00+00:00,-1.4119675850072702
2015-06-25 13:00:00+00:00,-1.1898335758736012
2015-06-26 15:15:00+00:00,-5.237596992787926
2015-07-01 12:15:00+00:00,1.3253756247334825
2015-07-14 09:00:00+00:00,-1.2962662655384098
2015-07-14 20:45:00+00:00,-1.1774649342849564
2015-07-15 09:00:00+00:00,-1.3503680345043356
2015-07-21 21:00:00+00:00,0.9639815349162814
2015-07-30 21:30:00+00:00,-1.0894070705874295
2015-08-05 09:00:00+00:00,-1.1854465158696508
2015-08-05 17:45:00+00:00,-1.0790865980734148
2015-09-03 20:00:00+00:00,-0.3313610627490791
2015-09-07 12:15:00+00:00,-1.1347389527192275
2015-09-09 12:45:00+00:00,8.479161279554168
2015-09-30 16:00:00+00:00,-0.08553691261080237
2015-10-01 21:45:00+00:00,-1.1766436448720343
2015-10-09 09:00:00+00:00,-1.239236721415317
2015-10-13 17:30:00+00:00,1.450312054756792
2015-10-28 16:00:00+00:00,-1.09599434123092
2015-11-09 15:45:00+00:00,-1.0967063231234493
2015-11-10 15:30:00+00:00,-1.1323058389998413
2015-11-11 12:00:00+00:00,0.010464761345218874
2015-11-18 14:15:00+00:00,-1.125711535395382
2015-11-26 10:45:00+00:00,-1.2543417818043683
2015-11-27 09:00:00+00:00,0.40629170729687286
2015-12-14 20:00:00+00:00,-1.082147983924744
2015-12-30 16:00:00+00:00,-1.1091695396019805
2016-01-26 09:00:00+00:00,-1.1649870526430735
2016-01-27 21:30:00+00:00,-1.0530439903264366
2016-02-02 16:30:00+00:00,-1.144419111395893
2016-02-02 20:30:00+00:00,-1.1086869065626523
2016-02-03 12:15:00+00:00,-1.1917056528945291
2016-02-05 20:00:00+00:00,12.274805017879213
2016-02-19 14:00:00+00:00,-1.0619330723674796
2016-02-25 09:00:00+00:00,-1.0778627678242487
2016-02-25 17:45:00+00:00,-1.0381570516225909
2016-03-07 11:30:00+00:00,-1.0898200231627542
2016-03-08 09:00:00+00:00,-1.1315007500820098
2016-03-17 20:00:00+00:00,-1.0662059386986318
2016-03-18 09:00:00+00:00,-1.1398775816554167
2016-04-08 18:00:00+00:00,-0.1439471908547193
2016-04-12 10:00:00+00:00,-1.1848772565595758
2016-04-19 20:00:00+00:00,-1.067289709618823
2016-04-20 16:30:00+00:00,-1.10107103666311
2016-04-21 09:15:00+00:00,-1.0784533305558741
2016-04-27 16:00:00+00:00,-1.1746557813304723
2016-04-28 09:00:00+00:00,5.202865970147541
2016-05-16 12:00:00+00:00,-1.105147840673203
2016-05-17 09:00:00+00:00,-1.1348939280053014
2016-05-17 18:45:00+00:00,-1.0695539784816452
2016-06-09 09:00:00+00:00,-1.1441299068186348
2016-06-09 17:00:00+00:00,6.806225398257093
2016-06-24 09:00:00+00:00,1.1698704512900566
2016-07-11 09:00:00+00:00,-1.102315550152109
2016-07-28 12:00:00+00:00,-1.1762207373257685
2016-07-29 16:15:00+00:00,0.8676220806862863
2016-08-10 16:00:00+00:00,-1.112557191017081
2016-08-11 17:15:00+00:00,-1.0772630368275882
2016-08-16 20:00:00+00:00,-0.9588675358915095
2016-08-18 09:00:00+00:00,-1.1913619539905937
2016-08-18 20:15:00+00:00,-1.1078842279405978
2016-09-06 16:00:00+00:00,5.812359482386221
2016-09-07 15:30:00+00:00,-1.163572102952624
2016-09-08 09:15:00+00:00,-1.162237773395265
2016-09-22 09:00:00+00:00,-0.3120099634089742
2016-09-23 13:45:00+00:00,-1.2289879132988644
2016-09-26 15:45:00+00:00,-1.2310874048064706
2016-10-05 09:00:00+00:00,-1.142217618718946
2016-10-07 18:30:00+00:00,-1.037750349754455
2016-10-11 09:00:00+00:00,-1.250147858700617
2016-10-11 11:30:00+00:00,-1.1209013421561271
2016-10-17 11:45:00+00:00,-1.171609726721835
2016-11-10 20:00:00+00:00,0.5061111624281278
2016-11-14 15:45:00+00:00,-1.0378117205359392
2016-11-15 21:45:00+00:00,-1.074090352812995
2016-11-16 13:45:00+00:00,-1.0851822707274192
2016-11-17 09:00:00+00:00,-1.1540873967592293
2016-11-17 19:00:00+00:00,6.16308688818315
2016-11-30 11:15:00+00:00,0.061760310546998036
2016-12-06 19:30:00+00:00,-1.088035880863813
2016-12-09 13:15:00+00:00,-1.230122860543114
2016-12-13 12:00:00+00:00,-1.118011953733047
2016-12-20 09:00:00+00:00,-1.1232302916977317
2016-12-21 18:45:00+00:00,-1.1436792816117376
2016-12-22 19:00:00+00:00,-1.1435872832878644
2017-01-26 20:00:00+00:00,0.16247298531886914
2017-02-03 17:45:00+00:00,1.9040530272598988
2017-02-17 11:30:00+00:00,-1.2124294076283928
2017-02-20 16:30:00+00:00,-1.2974288240030514
2017-02-23 09:00:00+00:00,12.107688307263437
2017-03-17 09:00:00+00:00,-1.3930664568561753
2017-03-20 17:45:00+00:00,-0.056032316450973785
2017-03-21 15:00:00+00:00,6.999334959391102
2017-04-06 09:00:00+00:00,-1.2116949663761605
2017-04-07 09:00:00+00:00,-1.0785935642217006
2017-04-13 19:45:00+00:00,-1.1096043773335684
2017-04-18 18:45:00+00:00,-1.0666322270292221
2017-05-22 10:15:00+00:00,-1.2502149514210636
2017-05-25 09:00:00+00:00,-1.2273220635078508
2017-05-26 09:00:00+00:00,1.2053787006040377
2017-06-06 09:00:00+00:00,-1.2865838094640563
2017-06-30 09:15:00+00:00,12.127218026604746
2017-07-31 09:00:00+00:00,-1.2479470871920002
2017-07-31 17:15:00+00:00,-1.148930326842796
2017-08-01 17:30:00+00:00,-1.0791218574783559
2017-08-02 18:15:00+00:00,-1.0879704583970677
2017-08-21 16:00:00+00:00,-1.1566643520823991
2017-09-01 15:00:00+00:00,-1.2060002667770289
2017-09-05 09:00:00+00:00,-1.1843519702637222
2017-09-05 18:30:00+00:00,0.7552973800999808
2017-10-11 12:45:00+00:00,0.9679481916402158
2017-10-12 09:00:00+00:00,-1.2945257857762962
2017-10-13 09:00:00+00:00,-1.3811256097981994
2017-10-13 15:45:00+00:00,-1.0738255684728144
2017-10-23 09:00:00+00:00,-1.190132603459892
2017-10-24 14:00:00+00:00,-1.2336730413702648
2017-11-14 16:00:00+00:00,-1.114647146837839
2017-11-29 09:00:00+00:00,-1.4118311406695678
2017-12-01 09:00:00+00:00,-1.3582016691074696
2017-12-01 15:30:00+00:00,-1.1482670151487726
2017-12-04 09:00:00+00:00,-1.3257935287289575
2017-12-05 15:00:00+00:00,17.681570275687555
2018-01-03 14:15:00+00:00,-1.16667366375379
2018-01-04 15:15:00+00:00,-0.681439523431137
2018-01-11 12:30:00+00:00,5.041606627726333
2018-01-23 09:00:00+00:00,-1.1918166791326907
2018-01-23 17:45:00+00:00,3.352040954661132
2018-02-15 09:00:00+00:00,-1.1043582106381145
2018-02-15 15:30:00+00:00,-1.0731121821579896
2018-02-15 21:45:00+00:00,-1.0845206645994234
2018-03-07 09:00:00+00:00,-0.20314036117094772
2018-03-15 09:00:00+00:00,-1.3323331503742035
2018-03-22 09:00:00+00:00,-1.1714491808048344
2018-03-23 09:00:00+00:00,-1.1456080882714417
2018-03-26 12:45:00+00:00,-1.1745107433512667
2018-04-04 10:45:00+00:00,-1.2209376620495678
2018-04-10 12:00:00+00:00,4.021212807053481
2018-04-16 11:45:00+00:00,-1.129742192077738
2018-04-16 16:15:00+00:00,-1.0904587972031865
2018-04-18 12:30:00+00:00,-1.1369731068434572
2018-05-02 17:00:00+00:00,-1.1244080020867848
2018-05-09 09:00:00+00:00,-1.180433057544151
2018-05-15 12:00:00+00:00,12.113533637168647
2018-06-01 20:00:00+00:00,-1.1013525897840055
2018-06-13 09:00:00+00:00,-1.5193047480527366
2018-06-15 20:00:00+00:00,-1.0597161846583094
2018-06-19 13:00:00+00:00,14.591805810211326
2018-07-11 09:00:00+00:00,12.24413780135096
2018-07-30 09:00:00+00:00,-1.251004185724498
2018-07-31 09:00:00+00:00,-1.2216928867338792
2018-08-01 09:00:00+00:00,-1.298105088575319
2018-08-01 16:00:00+00:00,1.856907653428711
2018-08-06 12:30:00+00:00,-1.1860125769712184
2018-08-13 09:00:00+00:00,16.657885318434094
2018-08-17 09:00:00+00:00,-1.1341636913095323
2018-09-04 20:00:00+00:00,0.266545092371398
2018-09-05 09:45:00+00:00,-1.1980899004952275
2018-09-11 09:00:00+00:00,-1.3455066201066865
2018-09-11 12:30:00+00:00,-1.2188040550379486
2018-09-12 09:00:00+00:00,-1.24417364188212
2018-09-12 15:30:00+00:00,-1.107417628592187
2018-09-25 09:00:00+00:00,-1.4121226428108224
2018-09-25 10:15:00+00:00,-1.2989333579773061
2018-09-27 10:00:00+00:00,1.2774160848122296
2018-10-01 11:15:00+00:00,-1.2017592786787559
2018-10-08 20:00:00+00:00,-1.091264129784204
2018-10-09 12:15:00+00:00,-1.1873250602755239
2018-10-10 11:45:00+00:00,-1.1886794566035337
2018-10-22 09:00:00+00:00,-1.3005246503800387
2018-10-24 09:00:00+00:00,-1.2094494529225523
2018-10-25 09:00:00+00:00,-1.1922114158022747
2018-10-26 10:00:00+00:00,-1.1918285164681408
2018-11-02 09:00:00+00:00,-1.1364977637242453
2018-11-06 11:00:00+00:00,-1.2104262636725078
2018-11-19 12:45:00+00:00,-1.172310831153537
2018-11-19 16:45:00+00:00,0.6562361694635463
2018-11-20 09:00:00+00:00,-1.3539301625179274
2018-11-21 11:00:00+00:00,-0.18098691764954922
2018-12-03 09:00:00+00:00,-1.1922501175882094
2018-12-05 15:45:00+00:00,-1.3194383862292953
2018-12-06 16:30:00+00:00,-1.1069323439569934
2018-12-07 09:00:00+00:00,2.0472080981465055
2018-12-18 18:15:00+00:00,-0.5955309928905499
2018-12-21 15:45:00+00:00,-1.1153363812054993
2018-12-24 09:00:00+00:00,-1.252753539329231
2018-12-27 11:45:00+00:00,4.484795836192806
2019-01-11 09:00:00+00:00,-1.2182019364783672
2019-01-14 09:00:00+00:00,-1.2676272057521243
2019-01-15 17:30:00+00:00,-1.1065928856532126
2019-01-17 10:45:00+00:00,-1.217398078489351
2019-01-28 09:00:00+00:00,-1.2740651260327818
2019-01-28 17:15:00+00:00,4.038479171538157
2019-02-13 09:00:00+00:00,-1.3671889976538536
2019-02-13 17:00:00+00:00,-1.0815240954093819
2019-02-19 10:15:00+00:00,2.9631248031287236
2019-03-13 20:00:00+00:00,0.33216433428983116
2019-03-18 09:45:00+00:00,0.6237823892492481
2019-03-19 09:00:00+00:00,-1.300851322203886
2019-03-20 20:45:00+00:00,-1.0521642186125184
2019-03-22 12:30:00+00:00,-0.23585284205930132
2019-04-09 16:00:00+00:00,-0.30206851202356283
2019-04-10 10:00:00+00:00,-1.2459420318026055
2019-04-10 16:15:00+00:00,1.6994333702459605
2019-04-11 09:00:00+00:00,-1.4047288298090002
2019-04-16 09:00:00+00:00,-1.3425481575126397
2019-04-17 12:30:00+00:00,-1.1766387623354462
2019-04-18 20:15:00+00:00,-1.1481875782599449
2019-05-02 09:00:00+00:00,-1.2151831548469874
2019-05-20 09:00:00+00:00,-1.3189291257212785
2019-05-21 09:00:00+00:00,-1.469650655585602
2019-05-22 09:00:00+00:00,-1.4698133764321788
2019-05-23 09:00:00+00:00,-1.5633124025589709
2019-05-30 09:00:00+00:00,-1.394093640038495
2019-06-04 09:00:00+00:00,-1.1547205222892563
2019-06-04 21:30:00+00:00,0.7892604891316363
2019-06-13 09:00:00+00:00,-1.2031443971126672
2019-06-19 20:45:00+00:00,14.96319553453969
2019-06-21 15:45:00+00:00,1.2795622967701286
2019-06-28 09:00:00+00:00,-1.0800245845194039
2019-07-05 09:00:00+00:00,-1.092932091435631
2019-07-11 09:00:00+00:00,-1.1038711464365156
2019-07-12 21:00:00+00:00,-1.0934387264411154
2019-07-15 09:30:00+00:00,-1.139545629369701
2019-07-16 09:00:00+00:00,-1.1883868505155317
2019-07-18 18:15:00+00:00,0.26441977459859006
2019-07-31 09:00:00+00:00,-1.3134861860947462
2019-08-02 09:00:00+00:00,15.576878667646213
2019-08-15 13:00:00+00:00,-1.049757526074378
2019-08-15 18:30:00+00:00,-1.04402289051534
2019-08-27 10:00:00+00:00,-1.1249284285402177
2019-08-28 10:45:00+00:00,-1.0939502634375426
2019-08-28 21:45:00+00:00,-1.088242436373308
2019-08-29 09:00:00+00:00,-1.137235628583918
2019-09-04 17:15:00+00:00,-1.0606918169486645
2019-09-23 09:00:00+00:00,-1.157033547876598
2019-09-24 10:30:00+00:00,-1.1671274862624583
2019-09-24 13:15:00+00:00,-1.1767634888947038
2019-09-24 18:00:00+00:00,-1.0677952910522093
2019-10-09 16:45:00+00:00,-0.7675755069067065
2019-10-24 20:00:00+00:00,0.33307875764627026
2019-10-28 09:30:00+00:00,-1.261630971832721
2019-11-04 09:00:00+00:00,-1.2477210927035538
2019-11-04 14:30:00+00:00,-1.1732211722686696
2019-11-12 09:00:00+00:00,-1.1048017634591816
2019-11-22 18:45:00+00:00,0.3758825510826056
2019-12-11 09:00:00+00:00,-1.4095475774858797
2019-12-27 09:00:00+00:00,23.22311306308589
2020-01-07 14:00:00+00:00,2.8426221176506936
2020-01-16 13:00:00+00:00,-1.188885016729402
2020-01-17 09:00:00+00:00,-1.1846847111735235
2020-01-24 17:00:00+00:00,0.08002447944704692
2020-01-31 13:15:00+00:00,-1.12988370859548
2020-02-10 16:00:00+00:00,-1.121584995834777
2020-02-13 09:00:00+00:00,-1.1744659289672226
2020-02-14 11:30:00+00:00,54.71206667930641
2020-03-04 12:00:00+00:00,1.1991599074714958
2020-03-26 13:30:00+00:00,1.119518661102827
2020-03-27 18:45:00+00:00,-1.0388140862576762
2020-04-09 09:45:00+00:00,18.194701908577745
2020-04-24 10:45:00+00:00,-1.09719416040415
2020-05-08 09:00:00+00:00,-1.1077836278757884
2020-06-01 09:00:00+00:00,-1.1197056654528195
2020-06-01 19:00:00+00:00,-1.0391900571983674
2020-06-11 09:00:00+00:00,1.789089666779227
2020-06-11 16:15:00+00:00,-1.0478145094422286
2020-06-12 11:30:00+00:00,-1.1010959746683624
2020-06-16 20:15:00+00:00,-1.044476276982663
2020-06-22 15:15:00+00:00,0.5291157765917749
2020-06-29 16:15:00+00:00,-1.080353287104143
2020-06-30 17:45:00+00:00,-1.041190238725786
2020-07-03 10:00:00+00:00,-1.145963638169978
2020-07-06 11:00:00+00:00,-1.1689033183589599
2020-07-07 17:30:00+00:00,0.5108876883523683
2020-07-10 14:45:00+00:00,-1.1420032168335077
2020-07-15 18:45:00+00:00,-1.0588937682345867
2020-07-28 18:30:00+00:00,4.671114768935481
2020-08-18 16:00:00+00:00,-1.0281272466287055
2020-08-31 09:00:00+00:00,-1.0545480578493558
2020-08-31 16:45:00+00:00,0.2948664904249582
2020-09-11 17:00:00+00:00,-1.059513765670413
2020-09-14 09:00:00+00:00,-1.125684862235726
2020-09-14 15:30:00+00:00,0.8211052080556064
2020-09-16 09:30:00+00:00,-1.1392470884879589
2020-10-02 16:00:00+00:00,-0.3129663880653262
2020-10-05 16:00:00+00:00,2.0642241214791834
2020-10-06 12:45:00+00:00,0.9706139491891702
2020-10-12 09:00:00+00:00,-1.0837246880964846
2020-10-15 12:00:00+00:00,-0.5064786479232388
2020-10-27 12:15:00+00:00,-1.1027962815670633
2020-10-29 10:30:00+00:00,-1.092933431758535
2020-11-09 09:00:00+00:00,-1.0677717632184032
2020-11-10 16:00:00+00:00,-0.1424764131745871
2020-11-10 21:00:00+00:00,0.4050734646224144
2020-11-11 10:00:00+00:00,-1.0758290117393854
2020-11-18 19:45:00+00:00,-0.6887182942469424
2020-11-25 21:00:00+00:00,-1.0587269696000983
2020-11-26 19:15:00+00:00,-1.1057803103309265
2020-12-14 20:00:00+00:00,0.02772033727735348
2021-01-05 09:00:00+00:00,-1.0761754997320332
2021-01-15 16:00:00+00:00,-0.5975995123121928
2021-02-03 09:00:00+00:00,-1.1292404689771773
2021-02-12 09:00:00+00:00,-1.1607136840239
2021-02-15 09:30:00+00:00,-1.1104503416847775
2021-02-16 14:30:00+00:00,5.98621178124948
2021-03-01 14:30:00+00:00,3.5776924252791025
2021-03-26 09:00:00+00:00,-1.139169415495036
2021-03-26 12:45:00+00:00,-1.0263854185044705
2021-03-29 09:00:00+00:00,8.926022008234126
2021-05-04 17:00:00+00:00,-1.0546189151055434
2021-05-11 13:15:00+00:00,-1.0920488793740177
2021-05-12 15:45:00+00:00,-1.0455926231326593
2021-05-17 16:30:00+00:00,6.511355156552471
2021-05-31 16:45:00+00:00,-1.140229595006358
2021-06-08 09:00:00+00:00,-1.1304356723793898
2021-06-08 15:15:00+00:00,-1.1012450675365184
2021-06-11 09:00:00+00:00,-1.1594585289973853
2021-06-29 09:00:00+00:00,0.7007490267730654
2021-07-22 09:00:00+00:00,-1.1767475508260372
2021-07-23 13:30:00+00:00,-1.072919627505855
2021-07-28 14:45:00+00:00,-1.1432934115066784
2021-08-06 09:00:00+00:00,0.7715007721137571
2021-08-10 12:00:00+00:00,-1.072817978601162
2021-09-06 09:00:00+00:00,-1.2102565823976608
2021-09-10 18:45:00+00:00,-1.0508985808290092
2021-09-17 16:00:00+00:00,-1.0512508220546377
2021-09-24 15:30:00+00:00,-1.0689246684135378
2021-09-27 13:45:00+00:00,-1.079676888541437
2021-09-28 09:00:00+00:00,0.45460876200689654
2021-11-05 16:00:00+00:00,5.627396099123098
2021-11-18 09:45:00+00:00,-1.0909037353876485
2021-12-10 09:00:00+00:00,-1.1515513124012304
2022-01-03 13:00:00+00:00,-1.1431085719695249
2022-01-12 09:00:00+00:00,-1.2573151470220079
2022-01-12 15:30:00+00:00,-1.0820921769578895
2022-01-14 09:00:00+00:00,-1.1644920767426559
2022-01-20 14:45:00+00:00,-1.1059568101168753
2022-01-21 09:00:00+00:00,-1.1668256216811452
2022-01-24 09:00:00+00:00,-1.1550083104966964
2022-01-24 20:45:00+00:00,-1.0551945376766612
2022-01-25 16:45:00+00:00,-1.0505589487511409
2022-02-08 09:00:00+00:00,-1.2185418574552147
2022-02-08 16:00:00+00:00,1.286384020061445
2022-02-10 17:30:00+00:00,-1.0399554313295623
2022-02-18 15:30:00+00:00,-1.0555899858494284
2022-02-21 15:00:00+00:00,-1.0760326448570399
2022-02-23 17:30:00+00:00,4.429396674262423
2022-03-03 12:00:00+00:00,-1.0445637838260113
2022-03-03 19:30:00+00:00,3.898312132306559
2023-03-08 07:14:00+00:00,-1.175459708390819
2023-03-09 07:14:00+00:00,-1.1496724911062004
2023-03-17 07:14:00+00:00,7.410861698540811
2023-03-24 10:14:00+00:00,-1.0304233773424498
2023-03-31 10:44:00+00:00,-1.0978852282790657
2023-04-04 09:29:00+00:00,-1.0857290955310972
2023-04-12 12:44:00+00:00,-1.0554106527968858
2023-04-12 18:59:00+00:00,0.43214138383393347
2023-05-03 07:14:00+00:00,-1.1527269712005481
2023-05-04 11:29:00+00:00,-1.0389793642745377
2023-05-04 13:59:00+00:00,-1.0357946304423977
2023-05-10 12:44:00+00:00,-1.0456048227938468
2023-05-11 12:59:00+00:00,-1.052983887450054
2023-05-26 15:14:00+00:00,-1.0400339073733376
2023-05-29 17:13:00+00:00,-1.1992310382763012
2023-06-05 07:14:00+00:00,-1.082515208344399
2023-06-15 07:14:00+00:00,-1.062704678300363
2023-06-20 12:59:00+00:00,2.9236316294077658
2023-06-29 07:14:00+00:00,-1.1513612262115087
2023-06-29 12:59:00+00:00,-1.0653954947318283
2023-06-30 07:14:00+00:00,-1.146551407405263
2023-07-06 12:59:00+00:00,-1.0264943786833718
2023-07-28 07:14:00+00:00,0.589763294416251
2023-07-31 07:59:00+00:00,-1.1238258351993728
2023-08-02 13:14:00+00:00,-0.48482214670352675
2023-08-08 07:14:00+00:00,-1.197361949313594
2023-08-09 10:29:00+00:00,-1.1799389904374766
2023-08-10 15:29:00+00:00,2.3806599118398664
2023-09-06 16:14:00+00:00,-0.07249854323185774
2023-09-07 17:14:00+00:00,-0.40062213178594375
2023-09-08 16:44:00+00:00,-1.053152532032932
2023-09-13 16:29:00+00:00,-0.6401681393221083
2023-09-25 07:14:00+00:00,23.4245240307134
2023-09-29 14:59:00+00:00,3.4593209789176127
2023-10-23 11:44:00+00:00,-1.0595992969703938
2023-10-24 07:14:00+00:00,-1.0667256476606308
2023-10-27 07:14:00+00:00,-1.0667888112632569
2023-10-27 18:14:00+00:00,-1.044448211931618
2023-10-30 15:44:00+00:00,-1.0428410599942888
2023-10-31 11:29:00+00:00,-1.1663726394107226
2023-11-17 07:14:00+00:00,1.5667531587462689
2023-11-21 07:14:00+00:00,-1.0993423778626499
2023-11-22 07:14:00+00:00,-1.0508805418479725
2023-11-27 18:44:00+00:00,16.171818012488536
2023-12-15 07:14:00+00:00,0.3017552633229945
2023-12-21 13:59:00+00:00,3.8288336623158794
2024-01-15 16:59:00+00:00,0.6996715876616684
2024-02-02 07:14:00+00:00,-1.1491495374257077
2024-02-06 09:59:00+00:00,-1.1747132415762602
2024-02-09 09:59:00+00:00,-1.2419237633228801
2024-02-13 14:29:00+00:00,-0.46519244927279313
2024-03-04 07:14:00+00:00,-1.1437383255305313
2024-03-06 07:44:00+00:00,-1.1225463143281345
2024-03-06 11:44:00+00:00,7.055375277740468
2024-03-27 09:59:00+00:00,5.686349253922589
2024-04-02 07:14:00+00:00,11.889386357786767
2024-04-16 15:44:00+00:00,-1.0190733604418971
2024-04-19 07:14:00+00:00,-1.0151888560409872
2024-04-19 15:14:00+00:00,-1.0179061221400658
2024-05-10 07:14:00+00:00,-0.48573315788287863
2024-05-17 07:59:00+00:00,7.975101690658222
2024-05-20 18:44:00+00:00,-1.0231612546245148
2024-05-21 14:44:00+00:00,-1.0041747506286742
2024-05-21 19:29:00+00:00,-1.05100700363294
2024-06-06 16:14:00+00:00,-0.4090557459152186
2024-06-20 07:14:00+00:00,-1.088888416863577
2024-06-25 08:14:00+00:00,-1.088603436790589
2024-06-25 13:29:00+00:00,-0.12926821793364812
2024-07-11 07:14:00+00:00,4.695611511251297
2024-07-12 15:59:00+00:00,-1.037525552444516
2024-07-15 10:29:00+00:00,7.625186959964258
2024-08-01 07:14:00+00:00,-1.0343401910359613
2024-08-01 12:59:00+00:00,-1.0043061963536781
2024-08-02 07:14:00+00:00,-1.0241629182781353
2024-08-12 07:14:00+00:00,1.2460168497982564
2024-08-19 15:59:00+00:00,-0.9791428097432032
2024-08-26 17:14:00+00:00,-1.0315266569460253
2024-08-27 17:44:00+00:00,-1.0318760602563901
2024-08-30 08:29:00+00:00,-1.0832740002538592
2024-09-06 08:14:00+00:00,-1.0814501218869057
2024-09-11 07:14:00+00:00,-1.1220151251623454
2024-09-12 07:14:00+00:00,17.645105442875494
2024-09-23 11:59:00+00:00,4.2505768570370615
2024-10-14 07:14:00+00:00,-0.41663481752918874
2024-10-15 10:29:00+00:00,-1.0844852915147432
2024-10-17 07:14:00+00:00,-1.0433430974340792
2024-10-22 07:14:00+00:00,-1.1009398014917002
2024-10-23 07:14:00+00:00,-1.1272733629384786
2024-10-28 07:14:00+00:00,-1.0606246570447226
2024-10-28 13:59:00+00:00,2.3698749698344987
2024-11-28 07:08:00+00:00,-1.233111407512505
2024-12-02 07:14:00+00:00,-1.0354074187029918
2024-12-06 14:14:00+00:00,-1.0350033415556767
2024-12-06 19:14:00+00:00,-1.0386305875103927
2024-12-12 07:14:00+00:00,-1.0536811668040402
2024-12-16 16:44:00+00:00,-0.04164480902811646
2024-12-18 07:44:00+00:00,-1.1429490805718663
2024-12-18 13:59:00+00:00,3.88789641483004
2024-12-19 13:29:00+00:00,-1.0352421210977016
2024-12-24 10:59:00+00:00,-1.1109037776371788
2024-12-30 07:14:00+00:00,-1.0684493929180294
2025-01-17 15:59:00+00:00,-1.0236029802429567
2025-01-20 07:14:00+00:00,-1.0972273958438081
2025-01-21 07:14:00+00:00,-1.0520236124996012
2025-01-21 14:59:00+00:00,-1.0232799326149182
2025-01-24 07:14:00+00:00,-1.0621377750153613
2025-01-29 13:14:00+00:00,-1.0389275302290297
2025-01-30 07:14:00+00:00,5.315427782128182
2025-02-03 13:29:00+00:00,-1.0419684958098063
2025-02-04 13:44:00+00:00,-0.5923206064120243
2025-02-07 07:14:00+00:00,-1.0583197909807074
2025-02-10 07:14:00+00:00,0.6632420236738527
2025-02-20 07:14:00+00:00,-1.0893451763395503
2025-03-06 07:14:00+00:00,-1.0903441359525534
2025-03-12 08:59:00+00:00,-1.1040571662355017
2025-03-12 12:59:00+00:00,-1.0340728272857722
2025-03-12 14:44:00+00:00,10.807614182026974
2025-03-27 07:14:00+00:00,12.925859036734687
2025-04-10 16:14:00+00:00,8.89649691961844
2025-05-06 08:14:00+00:00,-1.0245465999550991
2025-05-21 08:14:00+00:00,0.5136039050225757
2025-05-23 07:14:00+00:00,-1.0256011986583669
2025-06-04 09:14:00+00:00,-1.0459754825081065
2025-06-04 14:44:00+00:00,-1.009267588938365
2025-06-05 09:14:00+00:00,-1.0239685088332766
2025-06-12 07:14:00+00:00,-1.0649313174332997
2025-07-11 16:14:00+00:00,0.08335125762682392
2025-07-15 07:14:00+00:00,-1.0953385244879048
2025-07-21 07:14:00+00:00,-1.0836516485265495
2025-07-22 12:44:00+00:00,-1.0764471422026156
2025-08-01 07:14:00+00:00,-1.0716718382562094
2025-08-05 15:14:00+00:00,0.2609452051394055
2025-08-06 16:44:00+00:00,3.779961736717693
2025-08-08 13:59:00+00:00,-1.0099240815196708
2025-08-22 07:14:00+00:00,-1.0602014664458443
2025-08-27 15:29:00+00:00,17.426448389283408
2025-09-04 16:44:00+00:00,2.4678620715390434
2025-09-10 08:14:00+00:00,-1.0347707934443044
2025-09-12 07:14:00+00:00,-1.0423617084300765
2025-09-15 13:29:00+00:00,0.200056830486301
2025-09-24 07:14:00+00:00,-1.0042089472579836
2025-09-24 13:14:00+00:00,-1.0460386933510126
2025-09-30 16:44:00+00:00,-0.8375155140277906
2025-10-07 12:14:00+00:00,0.8325901551293029
2025-10-14 15:44:00+00:00,3.8652550670319266
2025-11-10 12:14:00+00:00,-1.0215427958193355
2025-11-12 12:29:00+00:00,-1.0265215212200014
2025-11-25 07:14:00+00:00,-1.0819583744941548
2025-11-25 16:59:00+00:00,2.4797669338858643
2025-12-05 07:14:00+00:00,-1.0736308050624257
2025-12-11 14:14:00+00:00,3.415827316482233
2025-12-15 07:14:00+00:00,-1.02964595772942
2025-12-18 16:14:00+00:00,-1.0133828289111482
2025-12-19 15:14:00+00:00,6.209960109878683
2025-12-23 19:44:00+00:00,-1.0231696774746786
2025-12-26 07:14:00+00:00,-1.0308402450558347
2026-01-06 07:14:00+00:00,-1.03993785363352
2026-01-13 13:59:00+00:00,-1.0193474536280132
2026-01-14 07:14:00+00:00,-1.0284572304816242
2026-01-14 19:44:00+00:00,-1.0125185408891602
2026-01-15 19:14:00+00:00,-1.010842183015737
2026-01-19 07:14:00+00:00,7.201333449774529
2026-01-22 10:44:00+00:00,-1.0247487054430273
2026-01-23 14:14:00+00:00,16.573693063551524
2026-02-10 09:44:00+00:00,-1.0110659602648455
2026-02-11 07:14:00+00:00,-1.0167738713034848
2026-02-20 16:14:00+00:00,1.1728287024241062
2026-02-25 07:14:00+00:00,-1.0022515285499103
2026-02-26 07:14:00+00:00,-1.0239659349639572
2026-02-27 07:14:00+00:00,-1.0539882802930536
2026-02-27 13:14:00+00:00,3.7700932552378275
2026-03-11 07:14:00+00:00,-1.0591341431154524
2026-03-23 07:14:00+00:00,-0.9930204043191985
2026-03-24 07:14:00+00:00,-1.0388091003473643
2026-03-27 11:59:00+00:00,-1.012883715411278
2026-03-27 13:29:00+00:00,-0.9813075074664199
2026-04-22 16:14:00+00:00,-1.0363455521945673
2026-04-23 18:14:00+00:00,0.47255567997620473
2026-04-27 13:14:00+00:00,7.505836447340734
2026-05-15 08:14:00+00:00,-0.08885429814134765
2026-06-05 07:14:00+00:00,16.6090433078187
2026-06-23 07:14:00+00:00,-1.0049834058209104
2026-07-01 07:14:00+00:00,-1.0475102039037767
2026-07-13 07:14:00+00:00,-1.0017971520372109
2026-07-15 07:14:00+00:00,-1.0484558266677564
2026-07-16 07:14:00+00:00,-1.0644303342395298
2026-07-17 12:44:00+00:00,-1.0431636103099993
2026-07-20 19:59:00+00:00,-0.9945626491210691
2026-07-28 12:14:00+00:00,-1.003673501399071
2026-07-29 12:29:00+00:00,-1.082784446792101
2012-09-13 19:45:00+00:00,1.2173291002600544
2012-11-08 09:45:00+00:00,-0.06961408860506668
2012-11-19 17:45:00+00:00,-1.0236104391711818
2012-12-13 09:45:00+00:00,2.0579402748135682
2012-12-27 12:45:00+00:00,-1.0375138604811687
2012-12-28 20:45:00+00:00,-1.0347651137363612
2013-01-04 09:45:00+00:00,-1.0126911058429882
2013-01-25 09:45:00+00:00,0.2021946187256883
2013-02-01 09:45:00+00:00,-1.0347259596632332
2013-02-04 13:45:00+00:00,-1.027864686688831
2013-02-08 20:45:00+00:00,5.939271325653736
2013-02-28 18:45:00+00:00,-0.5861836810112175
2013-04-01 09:45:00+00:00,-0.1097817307293443
2013-04-02 14:45:00+00:00,2.0478741866994983
2013-04-11 09:45:00+00:00,9.652957207537515
2013-05-10 16:45:00+00:00,0.752994302908485
2013-06-10 09:45:00+00:00,8.8318074749243
2013-07-05 12:45:00+00:00,-1.022040003732609
2013-08-02 09:45:00+00:00,-0.05061191293925941
2013-08-05 14:45:00+00:00,0.006674628432295241
2013-08-22 16:45:00+00:00,-0.12756877508066244
2013-09-20 12:45:00+00:00,-0.18621146052576165
2013-09-25 09:45:00+00:00,-1.029423505569304
2013-09-27 09:45:00+00:00,-1.0306195678309398
2013-10-01 15:45:00+00:00,-1.011001154740234
2013-10-09 16:45:00+00:00,2.3747937953262124
2013-11-01 16:45:00+00:00,-0.33395497907532773
2013-11-07 16:45:00+00:00,2.0644051397440983
2013-11-27 09:45:00+00:00,-1.0462827111008806
2013-11-27 20:45:00+00:00,-1.0211370882751605
2013-12-13 09:45:00+00:00,-1.0195719169447715
2013-12-17 18:45:00+00:00,-0.0438423741664042
2014-01-23 09:45:00+00:00,-1.0448241601712907
2014-01-31 09:45:00+00:00,-0.12519878315083657
2014-02-10 09:45:00+00:00,4.373185740737447
2014-02-21 09:45:00+00:00,2.1331345860127073
2014-03-06 18:45:00+00:00,-1.0246945096758893
2014-03-11 10:45:00+00:00,2.520021689673594
2014-04-08 20:45:00+00:00,-0.13149167875921078
2014-04-23 09:45:00+00:00,-1.051533402122729
2014-04-30 11:45:00+00:00,-1.0485853548929323
2014-05-08 20:45:00+00:00,-0.1779236166989616
2014-05-19 09:45:00+00:00,-1.0459959228487414
2014-05-20 09:45:00+00:00,-1.0643953541753732
2014-05-23 15:45:00+00:00,4.86919913054752
2014-06-26 09:45:00+00:00,-1.045022230201767
2014-06-27 09:45:00+00:00,-1.033727200213321
2014-06-30 20:45:00+00:00,-1.0285939234563224
2014-07-09 09:45:00+00:00,-1.042946671249116
2014-08-07 09:45:00+00:00,-0.40342268866008724
2014-08-12 13:45:00+00:00,-1.0499099395771327
2014-08-13 15:45:00+00:00,-1.0305812343487615
2014-08-22 09:45:00+00:00,-1.0450784732111602
2014-09-02 09:45:00+00:00,2.4449682526878385
2014-09-16 16:45:00+00:00,2.7907675919678527
2014-10-27 09:45:00+00:00,-0.5025420333933593
2014-11-11 10:45:00+00:00,-1.0149894108744417
2014-11-14 10:45:00+00:00,-1.0243500678316266
2014-11-28 20:30:00+00:00,0.27431438494217536
2014-12-17 09:45:00+00:00,0.20353173973696861
2014-12-18 17:45:00+00:00,-0.006506401240499191
2014-12-30 14:45:00+00:00,-1.0367663056853547
2015-01-02 15:45:00+00:00,-1.0173982466483174
2015-01-05 13:45:00+00:00,-0.5394046420925708
2015-01-13 09:45:00+00:00,-1.0254249144611292
2015-01-15 11:45:00+00:00,2.301283269247308
2015-01-28 09:45:00+00:00,-1.0228314408451555
2015-02-03 11:45:00+00:00,-1.0298163203390807
2015-02-24 09:45:00+00:00,-1.0414205072430602
2015-03-03 12:45:00+00:00,3.1875240068730823
2015-04-14 16:45:00+00:00,0.04311120878098307
2015-04-21 09:45:00+00:00,-0.24005055947649492
2015-04-22 17:45:00+00:00,-0.09820168639131902
2015-05-01 09:45:00+00:00,-1.0403552248887686
2015-05-07 10:45:00+00:00,-1.0402325703012227
2015-05-11 18:45:00+00:00,-1.022791318704322
2015-05-18 09:45:00+00:00,-1.034520937478685
2015-06-01 12:45:00+00:00,-1.0546527726735393
2015-06-02 09:45:00+00:00,0.19463997729492521
2015-06-17 09:45:00+00:00,-1.062374304896436
2015-06-24 09:45:00+00:00,0.3479179807443834
2015-06-30 13:45:00+00:00,6.384990481402992
2015-07-30 09:45:00+00:00,-1.0324643124310817
2015-08-04 09:45:00+00:00,-1.0294665448095892
2015-08-28 09:45:00+00:00,0.1379290873133398
2015-09-03 20:45:00+00:00,-0.093362222259377
2015-09-09 11:45:00+00:00,2.4298029147647284
2015-09-30 16:45:00+00:00,0.02375872203009182
2015-10-08 09:45:00+00:00,2.3743166158122984
2015-10-21 09:45:00+00:00,-1.0341253230923653
2015-10-28 16:45:00+00:00,-1.0318182138879577
2015-11-09 09:45:00+00:00,2.0347914160987566
2015-11-23 09:45:00+00:00,-1.0411602660046657
2015-12-14 20:45:00+00:00,-0.7944715183636941
2015-12-30 16:45:00+00:00,-1.0440814476988276
2016-01-15 09:45:00+00:00,0.050819005447120404
2016-01-26 09:45:00+00:00,3.7573694542131935
2016-02-18 20:45:00+00:00,-1.015859769481261
2016-02-23 18:45:00+00:00,0.19704879401214256
2016-03-17 20:45:00+00:00,-0.02310444697236009
2016-04-08 09:45:00+00:00,-0.12914475052469104
2016-04-19 20:45:00+00:00,-1.0204959198717456
2016-04-27 16:45:00+00:00,-1.0370925337652845
2016-05-06 18:45:00+00:00,-1.01811981497435
2016-05-16 12:45:00+00:00,-1.0477766068834589
2016-06-02 19:45:00+00:00,-1.0380370069679985
2016-06-09 09:45:00+00:00,2.103305704207873
2016-06-24 09:45:00+00:00,0.03856022802731623
2016-07-28 12:45:00+00:00,0.2804177727470278
2016-08-04 18:45:00+00:00,-1.0363836035354277
2016-08-10 16:45:00+00:00,-0.4156154072913939
2016-08-16 20:45:00+00:00,-0.29689648821731346
2016-09-06 16:45:00+00:00,1.5638978296095705
2016-09-22 09:45:00+00:00,-0.09563639624896826
2016-10-05 09:45:00+00:00,0.10505342181837402
2016-11-10 20:45:00+00:00,0.19415725593298128
2016-11-17 15:45:00+00:00,2.391350948622166
2016-11-28 14:45:00+00:00,2.8265175066137638
2016-12-20 09:45:00+00:00,-1.0306176451604603
2017-01-26 20:45:00+00:00,0.02010468528913074
2017-02-03 09:45:00+00:00,3.949020929651236
2017-03-17 09:45:00+00:00,0.46697739010270656
2017-04-04 09:45:00+00:00,-1.0631724729012997
2017-04-06 09:45:00+00:00,2.947180857920949
2017-04-18 18:45:00+00:00,-1.0223391346499264
2017-05-22 09:45:00+00:00,2.8763159685252604
2017-06-30 09:45:00+00:00,2.5126148168266993
2017-07-31 09:45:00+00:00,-1.0544909351819072
2017-08-04 09:45:00+00:00,-1.0595992430625
2017-08-09 11:45:00+00:00,2.1005755829654618
2017-08-23 20:45:00+00:00,-1.0436365907523748
2017-08-25 19:45:00+00:00,2.3012199652145773
2017-10-11 09:45:00+00:00,0.16406706358098216
2017-10-23 09:45:00+00:00,-1.0420173553133065
2017-10-24 11:45:00+00:00,-0.05428446093270342
2017-11-14 16:45:00+00:00,-1.0490713571649872
2017-11-29 09:45:00+00:00,-1.0675643773145105
2017-12-01 09:45:00+00:00,-0.25700824657867716
2018-01-03 09:45:00+00:00,4.0823034027713145
2018-02-02 09:45:00+00:00,-1.030408707210744
2018-02-15 09:45:00+00:00,-1.0190853531827153
2018-03-07 09:45:00+00:00,0.053904689509595774
2018-03-15 09:45:00+00:00,-0.38968261087980105
2018-03-22 09:45:00+00:00,-0.24803358402025533
2018-04-03 09:45:00+00:00,-1.0460377678822341
2018-04-04 10:45:00+00:00,-1.0529622102222849
2018-04-10 12:45:00+00:00,2.036705051335767
2018-04-16 09:45:00+00:00,-0.7743504292170749
2018-05-02 09:45:00+00:00,-1.0564588107165844
2018-05-08 16:45:00+00:00,-1.070795129248114
2018-05-09 09:45:00+00:00,-1.0360093272159832
2018-05-15 12:45:00+00:00,2.9209431359694054
2018-06-01 20:45:00+00:00,-0.39646731981376476
2018-06-13 09:45:00+00:00,-1.0844401564043482
2018-06-15 20:45:00+00:00,0.9073888768625081
2018-07-11 09:45:00+00:00,2.8190623709559093
2018-07-24 09:45:00+00:00,-1.0300024503639293
2018-07-27 09:45:00+00:00,1.9111362885848622
2018-08-08 15:45:00+00:00,3.364295453493205
2018-08-24 09:45:00+00:00,-1.035805419000995
2018-09-04 20:45:00+00:00,-0.005969771954491712
2018-09-10 09:45:00+00:00,-1.0390822357127028
2018-09-25 09:45:00+00:00,0.008380815579222394
2018-09-26 13:45:00+00:00,0.5238802568388484
2018-10-08 20:45:00+00:00,-1.0276181212693218
2018-10-22 09:45:00+00:00,-1.05341291782877
2018-10-23 11:45:00+00:00,-1.045260617231926
2018-11-02 09:45:00+00:00,-1.0358518266043186
2018-11-07 14:45:00+00:00,-0.7911224948203115
2018-11-19 12:45:00+00:00,-0.36623166590261813
2018-11-26 14:45:00+00:00,-1.06951099177789
2018-11-29 12:45:00+00:00,-1.0520416019089398
2018-12-03 09:45:00+00:00,2.5489176493518992
2018-12-20 11:45:00+00:00,2.0447593920690785
2019-01-07 09:45:00+00:00,-0.7204371822413072
2019-01-28 09:45:00+00:00,0.42852458537003413
2019-02-15 09:45:00+00:00,2.725815974798958
2019-03-13 20:45:00+00:00,-0.21715000631889597
2019-03-15 16:45:00+00:00,-0.12885512790746437
2019-03-18 09:45:00+00:00,0.14537665434793018
2019-03-20 20:45:00+00:00,-1.0190330456899244
2019-04-09 16:45:00+00:00,-0.007834049969860068
2019-04-16 09:45:00+00:00,2.0369554306330926
2019-04-22 19:45:00+00:00,-1.0581447212291084
2019-05-02 09:45:00+00:00,-1.0352217715284946
2019-05-20 09:45:00+00:00,0.07362619023664012
2019-05-29 09:45:00+00:00,-0.8086986280936738
2019-06-04 09:45:00+00:00,7.705003650077211
2019-06-28 09:45:00+00:00,-1.0162594055648906
2019-07-03 09:45:00+00:00,-1.0110465076478345
2019-07-11 09:45:00+00:00,-1.0199799685625572
2019-07-12 20:45:00+00:00,0.4234573859183619
2019-07-30 09:45:00+00:00,-1.044766009725057
2019-08-02 09:45:00+00:00,2.589915654573818
2019-08-14 17:45:00+00:00,-0.6537156856813424
2019-08-23 19:45:00+00:00,-1.0181988321930142
2019-09-23 09:45:00+00:00,0.5995167169937461
2019-10-04 20:45:00+00:00,0.1520488444791633
2019-10-09 09:45:00+00:00,-0.33154051733570905
2019-10-24 20:45:00+00:00,0.07858731469433053
2019-10-31 10:45:00+00:00,-1.037352217478555
2019-11-12 09:45:00+00:00,-1.0267888332123385
2019-11-18 13:45:00+00:00,-1.0386827837604753
2019-11-22 09:45:00+00:00,-1.0441258187107596
2019-12-10 09:45:00+00:00,-0.5115196823819653
2019-12-27 09:45:00+00:00,5.280403777533556
2020-01-16 09:45:00+00:00,2.228288245000574
2020-01-30 09:45:00+00:00,-1.0283958621953055
2020-02-10 16:45:00+00:00,-0.581038078423275
2020-02-13 09:45:00+00:00,7.328075491809885
2020-02-27 14:45:00+00:00,-1.0186279556936304
2020-03-04 12:45:00+00:00,-1.009611050238508
2020-03-26 09:45:00+00:00,0.10281568385824158
2020-04-03 09:45:00+00:00,1.9532324047203882
2020-04-22 19:45:00+00:00,-0.7912948718176075
2020-05-08 09:45:00+00:00,-1.010358388979486
2020-05-13 15:45:00+00:00,2.8557346584194883
2020-05-20 09:45:00+00:00,-1.0254982020353003
2020-06-01 09:45:00+00:00,-1.0306130538019584
2020-06-11 09:45:00+00:00,-0.027814727838769412
2020-06-16 13:45:00+00:00,-1.0204287488450343
2020-06-18 09:45:00+00:00,2.0151989938406216
2020-06-29 09:45:00+00:00,1.97791091973653
2020-07-13 09:45:00+00:00,-1.0357923103741409
2020-07-14 20:45:00+00:00,6.516853894270814
2020-08-18 16:45:00+00:00,0.04161596877772483
2020-08-31 09:45:00+00:00,-0.21888554415123812
2020-09-11 16:45:00+00:00,-0.5023007020812784
2020-09-14 09:45:00+00:00,0.06712912134220023
2020-10-02 16:45:00+00:00,-0.07599497792652865
2020-10-05 14:45:00+00:00,0.28020207198552805
2020-10-08 09:45:00+00:00,-1.0133115535155535
2020-10-12 09:45:00+00:00,-1.021213233663723
2020-10-15 12:45:00+00:00,0.05266204738136379
2020-10-16 15:45:00+00:00,-1.019380084608535
2020-10-27 11:45:00+00:00,-0.5882422331455129
2020-10-29 09:45:00+00:00,-1.0321050382822476
2020-11-09 09:45:00+00:00,-1.013214453048819
2020-11-10 16:45:00+00:00,-0.010028852596525738
2020-11-18 09:45:00+00:00,6.3677425975107
2020-12-14 20:45:00+00:00,-0.04044998157987079
2021-01-05 09:45:00+00:00,-1.0190527747489122
2021-01-15 09:45:00+00:00,-1.0165469203111894
2021-01-26 11:45:00+00:00,-1.0229862088543045
2021-02-02 17:45:00+00:00,-0.2663907428229904
2021-02-12 09:45:00+00:00,-1.028396264346406
2021-02-25 13:45:00+00:00,2.411119119605279
2021-03-26 09:45:00+00:00,-0.2632891014958443
2021-05-03 09:45:00+00:00,0.3106810604354045
2021-05-04 09:45:00+00:00,-1.0368759717577876
2021-05-06 09:45:00+00:00,2.898059299167644
2021-05-14 13:45:00+00:00,2.0115958803717793
2021-05-28 20:45:00+00:00,-1.0221847909021602
2021-06-08 09:45:00+00:00,-0.49450624904517615
2021-06-11 09:45:00+00:00,-1.0339820682155925
2021-06-25 09:45:00+00:00,-1.0281152309201282
2021-07-22 09:45:00+00:00,0.4160326622636506
2021-07-26 19:45:00+00:00,-1.0205509112373818
2021-08-06 09:45:00+00:00,-0.005106253239574356
2021-09-06 09:45:00+00:00,-1.0409553404071912
2021-09-10 09:45:00+00:00,0.07067710474659969
2021-09-10 16:45:00+00:00,2.161039577112694
2021-10-29 09:45:00+00:00,-1.0231108449891282
2021-11-05 16:45:00+00:00,2.045843733922062
2021-11-17 18:45:00+00:00,-1.0212691116139934
2021-12-09 19:45:00+00:00,-1.0184184233630125
2021-12-30 21:45:00+00:00,-1.0340016036613295
2022-01-05 09:45:00+00:00,-1.0356963501361534
2022-01-12 09:45:00+00:00,-1.0347211841657
2022-01-19 18:45:00+00:00,-1.0186723371718898
2022-02-08 09:45:00+00:00,0.25578902119290464
2022-02-11 18:45:00+00:00,4.437829139693251
2022-03-01 13:45:00+00:00,1.5896476151623684
2023-03-08 07:59:00+00:00,-1.0458487627654947
2023-03-17 07:59:00+00:00,2.1367414534462794
2023-03-23 07:59:00+00:00,0.11163203584795889
2023-05-03 07:59:00+00:00,0.05549413760688385
2023-05-09 17:59:00+00:00,-1.0241927739744663
2023-05-11 12:59:00+00:00,-1.01953422115934
2023-05-26 07:59:00+00:00,-1.0301957700670759
2023-06-05 07:59:00+00:00,-1.0310682587402034
2023-06-07 16:59:00+00:00,-1.0127915774397354
2023-06-12 17:59:00+00:00,-1.0215227917664758
2023-06-13 14:59:00+00:00,0.9594960303554385
2023-07-06 09:59:00+00:00,-1.0390396523542975
2023-07-06 12:59:00+00:00,-1.0100300060979301
2023-07-28 07:59:00+00:00,-0.3403873756377108
2023-08-01 11:59:00+00:00,0.9896166352364911
2023-08-07 07:59:00+00:00,2.270155237768131
2023-09-06 16:59:00+00:00,0.18769050012921995
2023-09-12 07:59:00+00:00,-1.0503827725197876
2023-09-25 07:59:00+00:00,10.213430729792698
2023-10-23 07:59:00+00:00,-0.4813290425916269
2023-11-17 07:59:00+00:00,0.0968791491708771
2023-11-21 07:59:00+00:00,6.0681949473710874
2023-12-15 07:59:00+00:00,0.2021137935960433
2023-12-19 13:59:00+00:00,2.1748138900487723
2024-01-15 16:59:00+00:00,0.14647804883191506
2024-02-02 07:59:00+00:00,-1.0202482771704642
2024-02-06 07:59:00+00:00,-1.0285511548563457
2024-02-08 11:59:00+00:00,2.329870656846838
2024-03-04 07:59:00+00:00,3.733756898023362
2024-03-14 07:59:00+00:00,-1.0194305769128635
2024-03-21 07:59:00+00:00,-1.0094709219939486
2024-03-26 10:59:00+00:00,-1.0139069358705408
2024-04-11 17:59:00+00:00,-1.0077417870228196
2024-05-10 07:59:00+00:00,0.2272811175203782
2024-05-14 16:59:00+00:00,2.5882249140292206
2024-06-06 16:59:00+00:00,-0.02202113655508948
2024-06-20 07:59:00+00:00,0.03511150698450052
2024-06-25 08:59:00+00:00,-0.07479515330243275
2024-07-08 07:59:00+00:00,-1.0165413051355452
2024-07-10 09:59:00+00:00,2.030113832464662
2024-08-01 07:59:00+00:00,-1.0110135975880525
2024-08-12 07:59:00+00:00,2.2569319009234228
2024-08-26 07:59:00+00:00,-1.0259895939893293
2024-08-29 09:59:00+00:00,-1.0262305079678338
2024-09-06 08:59:00+00:00,-1.0292764672090438
2024-09-11 07:59:00+00:00,-1.02510062038832
2024-09-19 10:59:00+00:00,0.4556153760036886
2024-10-14 07:59:00+00:00,2.494225017568741
2024-10-25 18:59:00+00:00,-0.4646648563259383
2024-11-25 07:59:00+00:00,-1.0022711909523536
2024-11-27 07:59:00+00:00,-0.13410409815705712
2024-12-02 07:59:00+00:00,-0.5679146554565017
2024-12-06 07:59:00+00:00,-1.0135609908390926
2024-12-12 07:59:00+00:00,-1.0128461399053839
2024-12-16 16:59:00+00:00,-0.005677230078867546
2024-12-24 07:59:00+00:00,-1.019452138428642
2024-12-30 07:59:00+00:00,-1.0285663174269277
2025-01-13 07:59:00+00:00,-1.007845828163872
2025-01-15 10:59:00+00:00,2.400814456141
2025-01-27 11:59:00+00:00,-1.0098960017637275
2025-01-29 07:59:00+00:00,3.9113046117022146
2025-02-03 12:59:00+00:00,2.138537422373644
2025-03-06 07:59:00+00:00,-0.10093168846482134
2025-03-07 08:59:00+00:00,-0.14214512108886773
2025-03-12 07:59:00+00:00,0.0395553981226809
2025-03-27 07:59:00+00:00,3.668503691327924
2025-04-10 16:59:00+00:00,2.2315185583835784
2025-05-06 08:59:00+00:00,-1.0067964875897226
2025-05-21 08:59:00+00:00,0.05668513122577137
2025-06-02 07:59:00+00:00,-1.008348081664801
2025-06-12 07:59:00+00:00,-0.0743125218854119
2025-07-03 12:59:00+00:00,0.07164374645491126
2025-07-11 16:59:00+00:00,0.09447932528886697
2025-07-18 13:59:00+00:00,2.7650131720849633
2025-08-01 07:59:00+00:00,-1.015482225825808
2025-08-05 07:59:00+00:00,-1.016395516719535
2025-08-20 07:59:00+00:00,-1.0287561676088621
2025-08-22 07:59:00+00:00,-1.0208877589905865
2025-08-27 07:59:00+00:00,13.536171331944498
2025-09-22 07:59:00+00:00,2.3864861781533633
2025-10-03 12:59:00+00:00,2.341113608794925
2025-10-13 07:59:00+00:00,0.1604342551339508
2025-11-10 12:59:00+00:00,-0.31014972525751455
2025-11-25 07:59:00+00:00,2.616929746376576
2025-12-16 15:59:00+00:00,2.0647139279450273
2026-01-06 07:59:00+00:00,11.274447909195352
2026-02-10 07:59:00+00:00,-0.9968937071290417
2026-02-20 16:59:00+00:00,2.179531882313479
2026-03-11 07:59:00+00:00,-0.19707971501784535
2026-03-23 07:59:00+00:00,-0.9987430435612028
2026-03-26 10:59:00+00:00,-1.0002486309611012
2026-04-22 16:59:00+00:00,-0.2208175012388908
2026-05-01 10:59:00+00:00,-1.0087008994265252
2026-05-04 08:59:00+00:00,-0.9989618351136841
2026-05-15 08:59:00+00:00,2.4454939352377187
2026-06-18 14:59:00+00:00,0.6690740784116501
2026-07-09 07:59:00+00:00,-0.015677783337476037
2026-07-10 17:59:00+00:00,-0.142781577216481
2026-07-13 07:59:00+00:00,-1.0049101876906361
2026-07-28 12:59:00+00:00,-1.0089854373764637
