s,t_in,t_out,R,risk,usd,atr4,mfe
ROB-RUN15,2023-03-08 07:14:00+00:00,2023-03-08 11:06:00+00:00,-1.175459708390819,1.9377668133522838,-2.277766813352482,7.7978452550658295,0.6708753556114229
ROB-1H   ,2023-03-08 07:59:00+00:00,2023-03-08 15:26:00+00:00,-1.0458487627654947,9.59676932288951,-10.03676932288985,7.64799916541829,0.2188236404714541
ROB-RUN15,2023-03-09 07:14:00+00:00,2023-03-09 07:27:00+00:00,-1.1496724911062004,1.603501072418341,-1.8435010724186578,7.323668810104506,0.4365447657260115
ROB-1H   ,2023-03-17 07:59:00+00:00,2023-03-20 10:06:00+00:00,2.1367414534462794,24.359521792423976,52.050000000000324,12.147607355083842,3.308767745394233
ROB-RUN15,2023-03-17 07:14:00+00:00,2023-03-21 08:06:00+00:00,7.410861698540811,4.692527809164056,34.77567461027152,12.52050022855185,17.368037721766576
ROB-RUN15,2023-03-24 10:14:00+00:00,2023-03-24 11:04:00+00:00,-1.0304233773424498,7.888670521303304,-8.128670521303174,13.180828759237311,0.15211688671236562
ROB-RUN15,2023-03-31 10:44:00+00:00,2023-03-31 13:08:00+00:00,-1.0978852282790657,4.495060263289891,-4.935060263290179,9.155313554491167,1.6017582809290767
ROB-RUN15,2023-04-04 09:29:00+00:00,2023-04-04 11:25:00+00:00,-1.0857290955310972,3.9659814196529757,-4.305981419652962,10.226686644975839,0.42864547765545724
ROB-RUN15,2023-04-12 12:44:00+00:00,2023-04-12 13:32:00+00:00,-1.0554106527968858,7.940711357665375,-8.380711357665259,9.350846947256839,0.23927327344117244
ROB-RUN15,2023-04-12 18:59:00+00:00,2023-04-14 12:45:00+00:00,0.43214138383393347,7.975084396283444,3.4463640072023374,10.697215022452799,4.12534819259495
ROB-1H   ,2023-03-23 07:59:00+00:00,2023-04-17 15:01:00+00:00,0.11163203584795889,35.47368790615972,3.9599999999997273,14.09823457951471,1.9197327376885136
ROB-RUN15,2023-05-03 07:14:00+00:00,2023-05-03 07:26:00+00:00,-1.1527269712005481,2.226194871325977,-2.5661948713257874,9.698439478818834,0.2695181844716649
ROB-1H   ,2023-05-03 07:59:00+00:00,2023-05-03 12:00:00+00:00,0.05549413760688385,13.695140293631457,0.7600000000003637,9.534265230331782,0.20445208592001382
ROB-RUN15,2023-05-04 11:29:00+00:00,2023-05-04 12:30:00+00:00,-1.0389793642745377,6.157104007896649,-6.397104007896669,13.625356691587971,0.08120700890528026
ROB-RUN15,2023-05-04 13:59:00+00:00,2023-05-05 11:50:00+00:00,-1.0357946304423977,9.498631381236102,-9.83863138123601,13.630688356474531,1.631814034874455
ROB-RUN15,2023-05-10 12:44:00+00:00,2023-05-10 13:08:00+00:00,-1.0456048227938468,7.4553518503297935,-7.795351850329862,9.026071737132309,0.24143729714387088
ROB-1H   ,2023-05-09 17:59:00+00:00,2023-05-10 15:12:00+00:00,-1.0241927739744663,14.053783181662647,-14.393783181662767,10.161004936671159,0.917902306677962
ROB-RUN15,2023-05-11 12:59:00+00:00,2023-05-11 13:19:00+00:00,-1.052983887450054,8.304411419687986,-8.744411419687676,10.233579518769249,0.07225075561374972
ROB-1H   ,2023-05-11 12:59:00+00:00,2023-05-11 13:51:00+00:00,-1.01953422115934,22.524573486228856,-22.964573486228655,10.233579518769249,0.02663757430819895
ROB-RUN15,2023-05-26 15:14:00+00:00,2023-05-29 12:50:00+00:00,-1.0400339073733376,8.492800785828798,-8.832800785828876,9.386362765383485,0.11774678639214209
ROB-RUN15,2023-05-29 17:13:00+00:00,2023-05-30 02:02:00+00:00,-1.1992310382763012,1.6177032932606068,-1.9399999999999091,7.793602804352139,1.545400822521079
ROB-1H   ,2023-05-26 07:59:00+00:00,2023-06-01 13:44:00+00:00,-1.0301957700670759,17.8832995085194,-18.423299508519303,9.693006055028361,1.397952317920431
ROB-RUN15,2023-06-05 07:14:00+00:00,2023-06-05 13:20:00+00:00,-1.082515208344399,2.9085547357326713,-3.148554735732741,8.603914321898309,1.8909735245585941
ROB-1H   ,2023-06-05 07:59:00+00:00,2023-06-05 14:00:00+00:00,-1.0310682587402034,14.16236435002769,-14.602364350027383,8.639349013191312,0.12709742211911548
ROB-1H   ,2023-06-07 16:59:00+00:00,2023-06-08 14:09:00+00:00,-1.0127915774397354,26.57998996619071,-26.919989966190627,9.33835650797432,0.09029348780992204
ROB-1H   ,2023-06-12 17:59:00+00:00,2023-06-13 12:30:00+00:00,-1.0215227917664758,15.7972071508724,-16.13720715087251,7.787498943563991,0.0063302328725138805
ROB-RUN15,2023-06-15 07:14:00+00:00,2023-06-15 09:18:00+00:00,-1.062704678300363,5.422242952453842,-5.762242952453871,9.331047804361402,0.05532765732379473
ROB-RUN15,2023-06-20 12:59:00+00:00,2023-06-23 13:06:00+00:00,2.9236316294077658,5.06986898691475,14.82242932709747,7.711406896799661,7.238845835015141
ROB-RUN15,2023-06-29 07:14:00+00:00,2023-06-29 07:36:00+00:00,-1.1513612262115087,2.9069531941107303,-3.3469531941107924,7.2155143032723625,0.10320083605334941
ROB-RUN15,2023-06-29 12:59:00+00:00,2023-06-29 14:09:00+00:00,-1.0653954947318283,6.728292244055445,-7.168292244055774,7.0664383533318,0.47560359804927765
ROB-RUN15,2023-06-30 07:14:00+00:00,2023-06-30 12:30:00+00:00,-1.146551407405263,2.3200050140753654,-2.6600050140753773,7.038688197873571,2.54309795203226
ROB-1H   ,2023-06-13 14:59:00+00:00,2023-07-05 13:29:00+00:00,0.9594960303554385,26.84742738378693,25.759999999999454,7.069471137867993,2.4359875925949788
ROB-1H   ,2023-07-06 09:59:00+00:00,2023-07-06 11:11:00+00:00,-1.0390396523542975,8.70909394669972,-9.049093946699795,6.135310621956267,0.0
ROB-RUN15,2023-07-06 12:59:00+00:00,2023-07-07 06:41:00+00:00,-1.0264943786833718,9.058525314684559,-9.29852531468472,6.561359863245066,0.3863763557989106
ROB-1H   ,2023-07-06 12:59:00+00:00,2023-07-07 12:30:00+00:00,-1.0100300060979301,23.92820080632885,-24.168200806328827,6.561359863245066,0.1462709222614963
ROB-RUN15,2023-07-28 07:14:00+00:00,2023-07-28 08:00:00+00:00,0.589763294416251,3.832045875688681,2.260000000000364,9.127262782465738,1.0699245606665726
ROB-1H   ,2023-07-28 07:59:00+00:00,2023-07-28 12:00:00+00:00,-0.3403873756377108,21.5636669434306,-7.34,9.032458298003913,0.0834737433443851
ROB-RUN15,2023-07-31 07:59:00+00:00,2023-07-31 10:13:00+00:00,-1.1238258351993728,2.7457920994635066,-3.0857920994634145,7.451580864479103,2.2215811609306573
ROB-1H   ,2023-08-01 11:59:00+00:00,2023-08-01 16:00:00+00:00,0.9896166352364911,9.66030648597122,9.560000000000091,7.564572146768231,1.325009720818739
ROB-RUN15,2023-08-02 13:14:00+00:00,2023-08-04 13:36:00+00:00,-0.48482214670352675,6.097083098228052,-2.956000916312714,7.550272449613127,4.41194577253143
ROB-RUN15,2023-08-08 07:14:00+00:00,2023-08-08 09:00:00+00:00,-1.197361949313594,2.229406435892826,-2.669406435892906,6.646571839783302,1.4353596313714536
ROB-RUN15,2023-08-09 10:29:00+00:00,2023-08-10 12:30:00+00:00,-1.1799389904374766,1.88952932976437,-2.2295293297641727,6.164348132098533,6.668327292687021
ROB-1H   ,2023-08-07 07:59:00+00:00,2023-08-15 14:47:00+00:00,2.270155237768131,12.419855493106871,28.194999999999855,7.007224356935398,3.5346627039553704
ROB-RUN15,2023-08-10 15:29:00+00:00,2023-08-22 07:47:00+00:00,2.3806599118398664,7.743251651132955,18.434048793140082,5.834432246563966,4.558808313408651
ROB-RUN15,2023-09-06 16:14:00+00:00,2023-09-06 20:00:00+00:00,-0.07249854323185774,6.0690874655611236,-0.439999999999909,5.378969107350202,0.11533859150529703
ROB-1H   ,2023-09-06 16:59:00+00:00,2023-09-06 20:00:00+00:00,0.18769050012921995,15.770643681815784,2.9599999999997273,5.378969107350202,0.25997670626008634
ROB-RUN15,2023-09-07 17:14:00+00:00,2023-09-07 20:00:00+00:00,-0.40062213178594375,3.844021280438533,-1.5399999999998182,5.131956709959295,0.07804327242588974
ROB-RUN15,2023-09-08 16:44:00+00:00,2023-09-11 01:40:00+00:00,-1.053152532032932,4.515307000831283,-4.75530700083149,5.250678014587059,0.48723154363474974
ROB-RUN15,2023-09-13 16:29:00+00:00,2023-09-15 02:00:00+00:00,-0.6401681393221083,5.893728181073017,-3.772977003347787,5.3736813751559405,2.019095491749259
ROB-1H   ,2023-09-12 07:59:00+00:00,2023-09-15 13:39:00+00:00,-1.0503827725197876,6.748338429899656,-7.088338429899831,5.019852272164379,2.9785109636683176
ROB-RUN15,2023-09-25 07:14:00+00:00,2023-09-29 13:10:00+00:00,23.4245240307134,2.2497598236375334,52.69955305213094,4.850689055934398,31.95896701708731
ROB-RUN15,2023-09-29 14:59:00+00:00,2023-10-06 15:28:00+00:00,3.4593209789176127,8.411151131375982,29.096871565615547,6.621284922091636,6.372492797098448
ROB-1H   ,2023-09-25 07:59:00+00:00,2023-10-08 22:01:00+00:00,10.213430729792698,7.565528375749651,77.27000000000012,4.982782694796246,15.782109863300725
ROB-RUN15,2023-10-23 11:44:00+00:00,2023-10-23 13:43:00+00:00,-1.0595992969703938,5.704765278842275,-6.0447652788423865,11.61818810274334,0.5083469447473248
ROB-RUN15,2023-10-24 07:14:00+00:00,2023-10-24 08:13:00+00:00,-1.0667256476606308,3.5968178416309877,-3.836817841631128,10.405289119176338,0.19461647234334253
ROB-RUN15,2023-10-27 07:14:00+00:00,2023-10-27 10:50:00+00:00,-1.0667888112632569,3.593416254318612,-3.833416254318617,9.417706112637292,0.8626888121503572
ROB-RUN15,2023-10-27 18:14:00+00:00,2023-10-30 06:56:00+00:00,-1.044448211931618,9.89916086336408,-10.339160863364066,9.061844143390715,0.5050933174047669
ROB-RUN15,2023-10-30 15:44:00+00:00,2023-10-31 03:58:00+00:00,-1.0428410599942888,7.936311567582657,-8.276311567582834,9.507329876358348,0.18900467644529348
ROB-RUN15,2023-10-31 11:29:00+00:00,2023-10-31 13:01:00+00:00,-1.1663726394107226,3.245725991440305,-3.785725991440213,8.553618157208891,1.0783411813659785
ROB-1H   ,2023-10-23 07:59:00+00:00,2023-11-07 08:00:00+00:00,-0.4813290425916269,32.285606362599744,-15.540000000000273,11.61818810274334,0.8920383800925663
ROB-RUN15,2023-11-17 07:14:00+00:00,2023-11-17 08:00:00+00:00,1.5667531587462689,2.080736191148702,3.259999999999909,7.981300888462569,1.730156862419197
ROB-1H   ,2023-11-17 07:59:00+00:00,2023-11-17 12:00:00+00:00,0.0968791491708771,10.94146685919428,1.0600000000000909,7.782636539286659,0.5666516272258613
ROB-RUN15,2023-11-21 07:14:00+00:00,2023-11-21 08:47:00+00:00,-1.0993423778626499,3.4225071647662655,-3.7625071647661024,8.098384946212823,0.7596770071853076
ROB-RUN15,2023-11-22 07:14:00+00:00,2023-11-22 08:39:00+00:00,-1.0508805418479725,2.751543024401755,-2.8915430244013254,8.225677922762342,1.4900730112667573
ROB-RUN15,2023-11-27 18:44:00+00:00,2023-12-04 00:49:00+00:00,16.171818012488536,4.834084499848885,78.17593478854783,6.733827915488747,24.740982497045437
ROB-1H   ,2023-11-21 07:59:00+00:00,2023-12-04 01:38:00+00:00,6.0681949473710874,14.800941759280512,89.81499999999974,7.869928878626167,9.371025320941616
ROB-RUN15,2023-12-15 07:14:00+00:00,2023-12-15 08:00:00+00:00,0.3017552633229945,2.84999171358044,0.859999999999818,10.898456003193997,0.9122833542324702
ROB-1H   ,2023-12-15 07:59:00+00:00,2023-12-15 12:00:00+00:00,0.2021137935960433,18.603381457058415,3.760000000000364,10.47713771725157,0.3709003127161123
ROB-1H   ,2023-12-19 13:59:00+00:00,2023-12-22 16:44:00+00:00,2.1748138900487723,11.58949743485169,25.205000000000073,8.689147501850233,3.3910012251107675
ROB-RUN15,2023-12-21 13:59:00+00:00,2023-12-28 19:40:00+00:00,3.8288336623158794,5.88755090873526,22.54245310796401,7.779957053952101,7.6602310025185165
ROB-RUN15,2024-01-15 16:59:00+00:00,2024-01-15 23:00:00+00:00,0.6996715876616684,2.658390068712766,1.8600000000002725,8.911345320157265,0.902802048595603
ROB-1H   ,2024-01-15 16:59:00+00:00,2024-01-15 23:00:00+00:00,0.14647804883191506,12.698148390375135,1.8600000000002725,8.911345320157265,0.18900393397664406
ROB-RUN15,2024-02-02 07:14:00+00:00,2024-02-02 08:54:00+00:00,-1.1491495374257077,2.279591381027851,-2.619591381027785,9.947550062967426,0.2632050660453776
ROB-1H   ,2024-02-02 07:59:00+00:00,2024-02-02 13:36:00+00:00,-1.0202482771704642,16.791552048486633,-17.131552048486665,9.451296487041182,0.15483976659764684
ROB-RUN15,2024-02-06 09:59:00+00:00,2024-02-06 10:17:00+00:00,-1.1747132415762602,2.5184124341696466,-2.9584124341693854,8.65109458512721,0.0
ROB-1H   ,2024-02-06 07:59:00+00:00,2024-02-06 15:48:00+00:00,-1.0285511548563457,11.908449998288502,-12.248449998288686,8.65109458512721,0.2855115485633477
ROB-RUN15,2024-02-09 09:59:00+00:00,2024-02-09 13:31:00+00:00,-1.2419237633228801,1.818754776119173,-2.2587547761193854,6.8745145771257965,3.4089257559115635
ROB-1H   ,2024-02-08 11:59:00+00:00,2024-02-15 13:30:00+00:00,2.329870656846838,13.133776293578881,30.60000000000006,7.3554406571847615,3.6242432439839565
ROB-RUN15,2024-02-13 14:29:00+00:00,2024-02-15 14:32:00+00:00,-0.46519244927279313,9.140291365886748,-4.25199452756382,6.742573605567622,1.958362078785118
ROB-RUN15,2024-03-04 07:14:00+00:00,2024-03-04 10:30:00+00:00,-1.1437383255305313,2.365409494963735,-2.705409494963842,8.330459450616859,1.4373832553048993
ROB-RUN15,2024-03-06 07:44:00+00:00,2024-03-06 07:57:00+00:00,-1.1225463143281345,2.7744612464599423,-3.1144612464598502,9.519167982865744,0.03604303362589889
ROB-RUN15,2024-03-06 11:44:00+00:00,2024-03-12 12:17:00+00:00,7.055375277740468,5.002667112043429,35.295693865076515,9.317798841232463,12.853143845051024
ROB-1H   ,2024-03-04 07:59:00+00:00,2024-03-12 13:05:00+00:00,3.733756898023362,18.5362898255748,69.21000000000018,8.313998061287077,5.7724604549703615
ROB-1H   ,2024-03-14 07:59:00+00:00,2024-03-14 15:35:00+00:00,-1.0194305769128635,12.3516661947667,-12.591666194766132,9.033075399359856,0.2914586536936737
ROB-1H   ,2024-03-21 07:59:00+00:00,2024-03-21 15:02:00+00:00,-1.0094709219939486,35.89935596737992,-36.239355967379964,11.953834363611033,0.15042052578622359
ROB-1H   ,2024-03-26 10:59:00+00:00,2024-03-26 15:37:00+00:00,-1.0139069358705408,24.448232390288194,-24.78823239028801,9.716666060906581,0.05317357832855592
ROB-RUN15,2024-03-27 09:59:00+00:00,2024-04-01 14:41:00+00:00,5.686349253922589,7.101700076291565,40.38274693040253,10.46989265909329,10.98328557416787
ROB-RUN15,2024-04-02 07:14:00+00:00,2024-04-10 13:31:00+00:00,11.889386357786767,5.370379036984514,63.85051125846772,13.12897746224919,20.240656991137676
ROB-RUN15,2024-04-16 15:44:00+00:00,2024-04-17 16:43:00+00:00,-1.0190733604418971,17.825909652145967,-18.16590965214604,20.644794612012987,0.8134227247277909
ROB-RUN15,2024-04-19 07:14:00+00:00,2024-04-19 11:04:00+00:00,-1.0151888560409872,15.801058312229035,-16.041058312228724,17.996617931803648,0.044300830119620306
ROB-RUN15,2024-04-19 15:14:00+00:00,2024-04-22 01:00:00+00:00,-1.0179061221400658,13.403237067350654,-13.643237067350892,17.579736890177635,0.6341751591267012
ROB-1H   ,2024-04-11 17:59:00+00:00,2024-04-23 01:38:00+00:00,-1.0077417870228196,43.91750883843321,-44.257508838433154,15.32188032461612,1.7031931450205802
ROB-RUN15,2024-05-10 07:14:00+00:00,2024-05-10 08:00:00+00:00,-0.48573315788287863,5.846831648015244,-2.84,12.077754778171142,0.051309840621461954
ROB-1H   ,2024-05-10 07:59:00+00:00,2024-05-10 12:00:00+00:00,0.2272811175203782,22.26317810825797,5.060000000000091,12.586486579730334,0.5300231594348727
ROB-1H   ,2024-05-14 16:59:00+00:00,2024-05-20 12:21:00+00:00,2.5882249140292206,23.550889905123388,60.95499999999962,11.547564692336886,4.004094978147098
ROB-RUN15,2024-05-17 07:59:00+00:00,2024-05-20 12:42:00+00:00,7.975101690658222,3.2384111148512975,25.82665795709696,11.065066886350529,20.473002854995485
ROB-RUN15,2024-05-20 18:44:00+00:00,2024-05-20 20:07:00+00:00,-1.0231612546245148,10.362132962615632,-10.602132962615851,14.553800689201646,0.06755365932142243
ROB-RUN15,2024-05-21 14:44:00+00:00,2024-05-21 16:03:00+00:00,-1.0041747506286742,9.581410617818115,-9.621410617818437,14.752995625512739,0.6053388411528601
ROB-RUN15,2024-05-21 19:29:00+00:00,2024-05-22 02:48:00+00:00,-1.05100700363294,6.6657512847961184,-7.005751284795989,14.727781652261802,0.3150432577329714
ROB-1H   ,2024-06-06 16:59:00+00:00,2024-06-06 20:00:00+00:00,-0.02202113655508948,29.062986753618148,-0.640000000000182,12.477301748810055,0.09290166984175108
ROB-RUN15,2024-06-06 16:14:00+00:00,2024-06-06 20:00:00+00:00,-0.4090557459152186,10.609800848267545,-4.34,12.477301748810055,0.06597673321215776
ROB-RUN15,2024-06-20 07:14:00+00:00,2024-06-20 07:59:00+00:00,-1.088888416863577,3.825020311949419,-4.165020311949629,8.828885015434746,0.7058786045043941
ROB-1H   ,2024-06-20 07:59:00+00:00,2024-06-20 12:00:00+00:00,0.03511150698450052,13.101118109320753,0.46000000000018193,9.041107514332246,0.20608928012635544
ROB-RUN15,2024-06-25 08:14:00+00:00,2024-06-25 08:58:00+00:00,-1.088603436790589,3.8373229336879318,-4.177322933688028,10.103205283758257,0.5733163557037201
ROB-1H   ,2024-06-25 08:59:00+00:00,2024-06-25 12:00:00+00:00,-0.07479515330243275,15.241629299029034,-1.1399999999997272,10.103205283758257,0.12465858883742371
ROB-RUN15,2024-06-25 13:29:00+00:00,2024-06-25 16:00:00+00:00,-0.12926821793364812,6.498116965077698,-0.84,10.424404906346945,1.3696275471541428
ROB-1H   ,2024-07-08 07:59:00+00:00,2024-07-08 15:46:00+00:00,-1.0165413051355452,20.554605408343242,-20.894605408343374,9.702287666465201,0.07784143593194248
ROB-1H   ,2024-07-10 09:59:00+00:00,2024-07-11 13:41:00+00:00,2.030113832464662,12.703721135030776,25.789999999999655,9.976246905786667,3.1644271448266825
ROB-RUN15,2024-07-11 07:14:00+00:00,2024-07-12 12:31:00+00:00,4.695611511251297,2.6954411402675946,12.65674444614084,9.46624442641132,16.880353764832314
ROB-RUN15,2024-07-12 15:59:00+00:00,2024-07-15 06:38:00+00:00,-1.037525552444516,9.060492860233937,-9.400492860233808,11.689102909527797,0.6953264129427352
ROB-RUN15,2024-07-15 10:29:00+00:00,2024-07-18 19:06:00+00:00,7.625186959964258,4.159524077825667,31.71714875789363,10.511646536017922,17.02117806636424
ROB-RUN15,2024-08-01 07:14:00+00:00,2024-08-01 08:28:00+00:00,-1.0343401910359613,6.9888953078010285,-7.22889530780125,13.506461910764664,0.35771032329093433
ROB-RUN15,2024-08-01 12:59:00+00:00,2024-08-01 17:00:00+00:00,-1.0043061963536781,9.288940102722728,-9.328940102722607,13.193326851628727,1.2487969425704204
ROB-RUN15,2024-08-02 07:14:00+00:00,2024-08-02 14:33:00+00:00,-1.0241629182781353,9.932575082101993,-10.172575082102266,14.061937947974014,1.4497750966864753
ROB-1H   ,2024-08-01 07:59:00+00:00,2024-08-02 15:15:00+00:00,-1.0110135975880525,30.87092998283706,-31.210929982836973,13.177428917138622,1.2341707885438473
ROB-RUN15,2024-08-12 07:14:00+00:00,2024-08-14 15:45:00+00:00,1.2460168497982564,4.201719665168255,5.235413500928335,12.513514947457782,10.186305467926982
ROB-1H   ,2024-08-12 07:59:00+00:00,2024-08-19 11:20:00+00:00,2.2569319009234228,19.663863132885044,44.38000000000025,12.719692451210806,3.4988038482093513
ROB-RUN15,2024-08-19 15:59:00+00:00,2024-08-21 14:00:00+00:00,-0.9791428097432032,10.659548823293155,-10.437220585434115,13.742711348441178,2.6079903062362133
ROB-RUN15,2024-08-26 17:14:00+00:00,2024-08-27 00:13:00+00:00,-1.0315266569460253,7.6126054345306455,-7.852605434530541,11.75585666828566,0.039408321182572675
ROB-1H   ,2024-08-26 07:59:00+00:00,2024-08-27 07:59:00+00:00,-1.0259895939893293,16.92985277802022,-17.369852778020086,11.740520159668597,0.36621700621337877
ROB-RUN15,2024-08-27 17:44:00+00:00,2024-08-28 04:36:00+00:00,-1.0318760602563901,7.529161322622797,-7.769161322622804,11.678125434182267,1.2219156431616258
ROB-1H   ,2024-08-29 09:59:00+00:00,2024-08-29 12:41:00+00:00,-1.0262305079678338,16.774360623872877,-17.21436062387269,11.217025134671804,0.08346070717042078
ROB-RUN15,2024-08-30 08:29:00+00:00,2024-08-30 10:20:00+00:00,-1.0832740002538592,5.283762022465258,-5.723762022465362,11.122858231006528,0.2271109097831645
ROB-RUN15,2024-09-06 08:14:00+00:00,2024-09-06 11:50:00+00:00,-1.0814501218869057,2.9465885923827457,-3.1865885923828863,10.317688936146713,0.746626117296291
ROB-1H   ,2024-09-06 08:59:00+00:00,2024-09-06 13:36:00+00:00,-1.0292764672090438,11.613423080469044,-11.953423080469149,10.317688936146713,1.0332870779659344
ROB-RUN15,2024-09-11 07:14:00+00:00,2024-09-11 07:56:00+00:00,-1.1220151251623454,3.6061103032454516,-4.046110303245168,9.311685387024145,0.6655370463405189
ROB-1H   ,2024-09-11 07:59:00+00:00,2024-09-11 12:36:00+00:00,-1.02510062038832,13.545481933916037,-13.88548193391611,9.410850716522408,0.41342198286635146
ROB-RUN15,2024-09-12 07:14:00+00:00,2024-09-17 15:41:00+00:00,17.645105442875494,2.586219724945952,45.63411974511578,9.513789260222216,28.806523777308573
ROB-RUN15,2024-09-23 11:59:00+00:00,2024-09-27 15:03:00+00:00,4.2505768570370615,5.132221368570866,21.814901374438396,12.95722960114601,11.651874637794865
ROB-1H   ,2024-09-19 10:59:00+00:00,2024-10-08 16:00:00+00:00,0.4556153760036886,38.98024723348258,17.75999999999991,14.623107354754728,2.432000993533208
ROB-RUN15,2024-10-14 07:14:00+00:00,2024-10-14 08:00:00+00:00,-0.41663481752918874,5.856447654735352,-2.439999999999909,12.493392427573387,0.2732031590355283
ROB-RUN15,2024-10-15 10:29:00+00:00,2024-10-15 11:29:00+00:00,-1.0844852915147432,5.208007123025915,-5.648007123025618,12.100012495830331,0.1344084183190526
ROB-RUN15,2024-10-17 07:14:00+00:00,2024-10-17 09:24:00+00:00,-1.0433430974340792,5.537213863529172,-5.777213863529451,11.250398502543302,0.27089435896268005
ROB-RUN15,2024-10-22 07:14:00+00:00,2024-10-22 11:51:00+00:00,-1.1009398014917002,4.359033735927166,-4.799033735927278,11.197085655204786,1.1699840627443872
ROB-RUN15,2024-10-23 07:14:00+00:00,2024-10-23 12:09:00+00:00,-1.1272733629384786,4.242835951940857,-4.782835951940651,10.427903620397464,1.5084250422344172
ROB-1H   ,2024-10-14 07:59:00+00:00,2024-10-23 14:14:00+00:00,2.494225017568741,24.672994443775785,61.540000000000106,12.465292968460997,3.8584696404378174
ROB-RUN15,2024-10-28 07:14:00+00:00,2024-10-28 08:33:00+00:00,-1.0606246570447226,7.257773015951316,-7.697773015951807,12.108386963466737,0.027556662292999943
ROB-RUN15,2024-10-28 13:59:00+00:00,2024-10-31 13:49:00+00:00,2.3698749698344987,7.462353658448596,17.68484515121023,12.40519080013203,6.539491725207992
ROB-1H   ,2024-10-25 18:59:00+00:00,2024-11-05 04:00:00+00:00,-0.4646648563259383,23.759059566700447,-11.040000000000273,12.149479835738838,1.9781927760252318
ROB-1H   ,2024-11-25 07:59:00+00:00,2024-11-25 23:43:00+00:00,-1.0022711909523536,61.64166859449,-61.78166859448979,18.132082687528015,0.34230092210525337
ROB-1H   ,2024-11-27 07:59:00+00:00,2024-11-27 12:00:00+00:00,-0.13410409815705712,32.36291850616804,-4.34,19.31683648599804,0.1452279404005081
ROB-RUN15,2024-11-28 07:08:00+00:00,2024-11-28 08:54:00+00:00,-1.233111407512505,5.384752715405275,-6.640000000000182,17.383868085834216,0.1671385943917675
ROB-RUN15,2024-12-02 07:14:00+00:00,2024-12-02 11:12:00+00:00,-1.0354074187029918,9.60250739688746,-9.942507396887631,15.201205232622328,0.3124184003203595
ROB-1H   ,2024-12-02 07:59:00+00:00,2024-12-05 08:00:00+00:00,-0.5679146554565017,37.75215130302632,-21.439999999999912,14.958262001720747,0.08211452574232132
ROB-RUN15,2024-12-06 14:14:00+00:00,2024-12-06 15:12:00+00:00,-1.0350033415556767,12.57022845376107,-13.010228453760956,13.820797689959521,0.1909273175764757
ROB-RUN15,2024-12-06 19:14:00+00:00,2024-12-08 23:00:00+00:00,-1.0386305875103927,8.801315794340674,-9.141315794340553,14.24788356924814,0.4090297501101758
ROB-1H   ,2024-12-06 07:59:00+00:00,2024-12-09 14:41:00+00:00,-1.0135609908390926,32.44600672775564,-32.88600672775587,13.791628281494848,0.49929102634814154
ROB-RUN15,2024-12-12 07:14:00+00:00,2024-12-12 07:55:00+00:00,-1.0536811668040402,4.470841717658896,-4.7108417176590045,15.377534086123156,0.08946861134004679
ROB-1H   ,2024-12-12 07:59:00+00:00,2024-12-12 14:10:00+00:00,-1.0128461399053839,26.467094590595657,-26.807094590595476,14.879138794257223,0.23803141589401017
ROB-1H   ,2024-12-16 16:59:00+00:00,2024-12-16 20:00:00+00:00,-0.005677230078867546,24.65991303070601,-0.14000000000018192,13.995718688496599,0.060827465130644666
ROB-RUN15,2024-12-16 16:44:00+00:00,2024-12-16 20:00:00+00:00,-0.04164480902811646,8.164282846643607,-0.34,13.995718688496599,0.15923015216634992
ROB-RUN15,2024-12-18 07:44:00+00:00,2024-12-18 08:21:00+00:00,-1.1429490805718663,3.0780190977086823,-3.518019097708784,12.067285229668226,0.48732641104034075
ROB-RUN15,2024-12-18 13:59:00+00:00,2024-12-19 10:48:00+00:00,3.88789641483004,4.9430696109118415,19.21814261851947,11.474853080683287,12.78557758128392
ROB-RUN15,2024-12-19 13:29:00+00:00,2024-12-20 13:47:00+00:00,-1.0352421210977016,9.64754644186637,-9.987546441866325,15.750651198628953,1.6169914386006319
ROB-RUN15,2024-12-24 10:59:00+00:00,2024-12-24 17:20:00+00:00,-1.1109037776371788,3.065720638591675,-3.405720638591756,12.280195316093199,2.0223630039716918
ROB-1H   ,2024-12-24 07:59:00+00:00,2024-12-26 01:22:00+00:00,-1.019452138428642,12.337975121893903,-12.577975121894124,12.280195316093199,0.6240894412517106
ROB-RUN15,2024-12-30 07:14:00+00:00,2024-12-30 12:51:00+00:00,-1.0684493929180294,3.5062400084038345,-3.7462400084039835,9.699302976897542,2.7379757167194527
ROB-1H   ,2024-12-30 07:59:00+00:00,2025-01-02 01:06:00+00:00,-1.0285663174269277,15.402755399795328,-15.842755399795207,9.885067049976303,1.3244383534306574
ROB-1H   ,2025-01-13 07:59:00+00:00,2025-01-13 18:28:00+00:00,-1.007845828163872,30.589505019351595,-30.829505019351327,12.65044825009371,0.23864393998471178
ROB-RUN15,2025-01-17 15:59:00+00:00,2025-01-17 20:01:00+00:00,-1.0236029802429567,10.168207469134634,-10.408207469134904,12.273273963238273,0.9244500595147301
ROB-RUN15,2025-01-20 07:14:00+00:00,2025-01-20 13:33:00+00:00,-1.0972273958438081,4.525473465385614,-4.965473465385312,12.155432050813417,0.9722739584387704
ROB-RUN15,2025-01-21 07:14:00+00:00,2025-01-21 09:02:00+00:00,-1.0520236124996012,6.535493858726649,-6.875493858726567,13.598311744808022,1.101676499991791
ROB-1H   ,2025-01-15 10:59:00+00:00,2025-01-23 09:24:00+00:00,2.400814456141,16.969241373814736,40.740000000000386,11.754092375735748,3.72438570515735
ROB-RUN15,2025-01-21 14:59:00+00:00,2025-01-23 13:26:00+00:00,-1.0232799326149182,10.309308191316896,-10.549308191317179,13.6271157391457,1.998194216111459
ROB-RUN15,2025-01-24 07:14:00+00:00,2025-01-26 23:00:00+00:00,-1.0621377750153613,5.471711851866799,-5.811711851866985,12.880107995539744,2.997233853680518
ROB-1H   ,2025-01-27 11:59:00+00:00,2025-01-27 16:12:00+00:00,-1.0098960017637275,34.35730996392033,-34.69730996392022,13.25880039272813,0.014552943770192294
ROB-RUN15,2025-01-29 13:14:00+00:00,2025-01-29 13:17:00+00:00,-1.0389275302290297,3.596426466730511,-3.7364264667306455,11.963109630954182,0.027805378734969226
ROB-1H   ,2025-01-29 07:59:00+00:00,2025-01-31 17:15:00+00:00,3.9113046117022146,11.496164186616841,44.96500000000029,12.098733448719903,6.0628918366650435
ROB-RUN15,2025-01-30 07:14:00+00:00,2025-02-02 23:38:00+00:00,5.315427782128182,3.042277982182571,16.171008907450105,11.415248182259539,18.144298556307156
ROB-RUN15,2025-02-03 13:29:00+00:00,2025-02-04 07:00:00+00:00,-1.0419684958098063,10.484054563066877,-10.924054563066731,16.87504722320387,1.9839652564642514
ROB-RUN15,2025-02-04 13:44:00+00:00,2025-02-06 15:00:00+00:00,-0.5923206064120243,10.096769879843844,-5.980524858031767,16.479618626218834,4.060704610278203
ROB-RUN15,2025-02-07 07:14:00+00:00,2025-02-07 13:17:00+00:00,-1.0583197909807074,4.115241086506807,-4.355241086507103,15.493598191153307,2.6243905941285277
ROB-RUN15,2025-02-10 07:14:00+00:00,2025-02-11 12:56:00+00:00,0.6632420236738527,5.590698742022301,3.7079863474097334,15.798783563714492,9.855655355893637
ROB-RUN15,2025-02-20 07:14:00+00:00,2025-02-20 12:23:00+00:00,-1.0893451763395503,4.924720259407186,-5.3647202594068775,13.516428051301236,1.5026234202571471
ROB-1H   ,2025-02-03 12:59:00+00:00,2025-02-25 07:39:00+00:00,2.138537422373644,48.752946246915904,104.26000000000036,16.87504722320387,2.590612664931812
ROB-RUN15,2025-03-06 07:14:00+00:00,2025-03-06 07:23:00+00:00,-1.0903441359525534,4.870266291891859,-5.310266291891676,16.576868509749,0.1026637908552172
ROB-1H   ,2025-03-06 07:59:00+00:00,2025-03-06 12:00:00+00:00,-0.10093168846482134,36.063995910148776,-3.639999999999727,16.414235044766944,0.052684123099775854
ROB-1H   ,2025-03-07 08:59:00+00:00,2025-03-07 12:00:00+00:00,-0.14214512108886773,29.828670639696664,-4.239999999999636,15.762446801794491,0.016762396354820748
ROB-RUN15,2025-03-12 08:59:00+00:00,2025-03-12 09:41:00+00:00,-1.1040571662355017,5.189455176761271,-5.729455176761204,13.844675025689119,0.732254132768472
ROB-1H   ,2025-03-12 07:59:00+00:00,2025-03-12 12:00:00+00:00,0.0395553981226809,19.213559616900504,0.7600000000003637,13.844675025689119,0.6141496024308137
ROB-RUN15,2025-03-12 12:59:00+00:00,2025-03-12 13:18:00+00:00,-1.0340728272857722,7.043735994879606,-7.283735994879716,13.798626809568455,0.2839402273813053
ROB-RUN15,2025-03-12 14:44:00+00:00,2025-03-21 05:42:00+00:00,10.807614182026974,9.331228396878029,100.8483163578318,13.798626809568455,14.939083480867216
ROB-1H   ,2025-03-27 07:59:00+00:00,2025-04-01 16:06:00+00:00,3.668503691327924,18.03323795376995,66.15499999999989,12.594205266280051,5.672858100262206
ROB-RUN15,2025-03-27 07:14:00+00:00,2025-04-03 06:30:00+00:00,12.925859036734687,5.501706122502587,71.11427780100863,12.578374902147733,24.065262129954373
ROB-RUN15,2025-04-10 16:14:00+00:00,2025-04-22 16:16:00+00:00,8.89649691961844,26.806803484747103,238.48664462686943,37.92685730664096,12.437141197744912
ROB-1H   ,2025-04-10 16:59:00+00:00,2025-04-22 16:31:00+00:00,2.2315185583835784,97.2521600524804,217.0200000000001,37.92685730664096,3.438484037984833
ROB-RUN15,2025-05-06 08:14:00+00:00,2025-05-07 00:49:00+00:00,-1.0245465999550991,17.92508945454644,-18.36508945454656,28.940400970047893,3.49231172088362
ROB-1H   ,2025-05-06 08:59:00+00:00,2025-05-08 16:14:00+00:00,-1.0067964875897226,64.73932221485624,-65.17932221485657,28.940400970047893,0.9715887940755344
ROB-1H   ,2025-05-21 08:59:00+00:00,2025-05-21 12:00:00+00:00,0.05668513122577137,45.161754848971945,2.560000000000091,27.0543063817519,0.22142629385066154
ROB-RUN15,2025-05-21 08:14:00+00:00,2025-05-21 12:00:00+00:00,0.5136039050225757,11.798975710151039,6.060000000000092,27.0543063817519,1.144167115149285
ROB-RUN15,2025-05-23 07:14:00+00:00,2025-05-27 05:46:00+00:00,-1.0256011986583669,9.374561058748077,-9.614561058748077,25.122499313557316,3.9468514598315663
ROB-RUN15,2025-06-04 09:14:00+00:00,2025-06-04 10:42:00+00:00,-1.0459754825081065,7.395245932219589,-7.735245932219496,20.73634614516436,0.48679922655654195
ROB-RUN15,2025-06-04 14:44:00+00:00,2025-06-05 02:17:00+00:00,-1.009267588938365,15.106410192686361,-15.246410192686508,20.83374999193833,0.05957735746086242
ROB-RUN15,2025-06-05 09:14:00+00:00,2025-06-05 13:02:00+00:00,-1.0239685088332766,5.840997492743316,-5.980997492743281,19.81512285758306,4.39993340725257
ROB-1H   ,2025-06-02 07:59:00+00:00,2025-06-06 18:13:00+00:00,-1.008348081664801,40.727919736751716,-41.06791973675158,23.271032226908513,1.239935659037116
ROB-RUN15,2025-06-12 07:14:00+00:00,2025-06-12 07:32:00+00:00,-1.0649313174332997,6.776391075882274,-7.216391075882566,21.666333651558205,0.3246565871662568
ROB-1H   ,2025-06-12 07:59:00+00:00,2025-06-20 08:00:00+00:00,-0.0743125218854119,48.982323673700286,-3.640000000000182,22.833024105018335,2.2355003149593946
ROB-1H   ,2025-07-03 12:59:00+00:00,2025-07-03 16:00:00+00:00,0.07164374645491126,41.3155389893387,2.960000000000182,16.787350919409473,0.32675357335852784
ROB-RUN15,2025-07-11 16:14:00+00:00,2025-07-11 20:00:00+00:00,0.08335125762682392,11.517522678515434,0.9599999999997271,15.934678785220976,0.3212496387701261
ROB-1H   ,2025-07-11 16:59:00+00:00,2025-07-11 20:00:00+00:00,0.09447932528886697,32.388038236342204,3.0599999999996363,15.934678785220976,0.1790784596978653
ROB-RUN15,2025-07-15 07:14:00+00:00,2025-07-15 11:45:00+00:00,-1.0953385244879048,4.615133309053162,-5.0551333090532715,15.052709416175812,1.408410020843696
ROB-RUN15,2025-07-21 07:14:00+00:00,2025-07-21 09:40:00+00:00,-1.0836516485265495,5.25990829530064,-5.699908295301012,13.187582852521679,0.07604695320582075
ROB-1H   ,2025-07-18 13:59:00+00:00,2025-07-23 13:23:00+00:00,2.7650131720849633,20.963733766335448,57.96499999999983,15.305196866287902,4.278817933857007
ROB-RUN15,2025-07-22 12:44:00+00:00,2025-07-23 15:57:00+00:00,-1.0764471422026156,5.755610835443215,-6.195610835443258,13.324301169593914,6.254766180213398
ROB-RUN15,2025-08-01 07:14:00+00:00,2025-08-01 10:51:00+00:00,-1.0716718382562094,6.1390918763287425,-6.579091876328985,16.277323931777513,1.254257169482943
ROB-1H   ,2025-08-01 07:59:00+00:00,2025-08-01 12:30:00+00:00,-1.015482225825808,28.419686222794997,-28.859686222794917,16.25751507950769,0.05278031531526456
ROB-1H   ,2025-08-05 07:59:00+00:00,2025-08-05 10:57:00+00:00,-1.016395516719535,20.73737630939739,-21.07737630939741,16.04923379735221,0.043399897198749794
ROB-RUN15,2025-08-05 15:14:00+00:00,2025-08-05 16:00:00+00:00,0.2609452051394055,12.109822053682974,3.1600000000000006,16.75285995468417,0.33856814590871476
ROB-RUN15,2025-08-06 16:44:00+00:00,2025-08-08 11:26:00+00:00,3.779961736717693,8.689162827252794,32.84470301112529,17.075488041504773,11.347468330406894
ROB-RUN15,2025-08-08 13:59:00+00:00,2025-08-08 17:59:00+00:00,-1.0099240815196708,24.183598202438713,-24.42359820243868,22.950547556433133,0.05375544156487983
ROB-1H   ,2025-08-20 07:59:00+00:00,2025-08-20 12:31:00+00:00,-1.0287561676088621,15.301065357003376,-15.741065357003519,12.216518518125701,0.267955198173395
ROB-RUN15,2025-08-22 07:14:00+00:00,2025-08-22 14:00:00+00:00,-1.0602014664458443,3.9866138512748277,-4.226613851274887,10.937827164564862,3.2859967101681615
ROB-1H   ,2025-08-22 07:59:00+00:00,2025-08-22 14:00:00+00:00,-1.0208877589905865,16.277476207629242,-16.617476207629206,10.913696652810255,0.41161172128511747
ROB-RUN15,2025-08-27 15:29:00+00:00,2025-09-04 02:54:00+00:00,17.426448389283408,8.440923446109407,147.09531679151783,13.188964822999168,24.037654327207626
ROB-RUN15,2025-09-04 16:44:00+00:00,2025-09-09 22:00:00+00:00,2.4678620715390434,16.880297112235652,41.658244999596405,20.453784162132614,6.202497462210438
ROB-RUN15,2025-09-10 08:14:00+00:00,2025-09-11 02:30:00+00:00,-1.0347707934443044,9.778321583159569,-10.118321583159593,20.57021314527384,1.4521919614972938
ROB-RUN15,2025-09-12 07:14:00+00:00,2025-09-12 08:11:00+00:00,-1.0423617084300765,5.665493883376812,-5.905493883376803,18.691144811082587,0.15885640661272904
ROB-RUN15,2025-09-15 13:29:00+00:00,2025-09-17 18:01:00+00:00,0.200056830486301,9.185008534493509,1.8375236954003957,15.591285875894641,5.30211810006617
ROB-1H   ,2025-08-27 07:59:00+00:00,2025-09-18 02:41:00+00:00,13.536171331944498,19.685034524583124,266.45999999999975,13.303500578614468,15.935963922656272
ROB-RUN15,2025-09-24 07:14:00+00:00,2025-09-24 09:41:00+00:00,-1.0042089472579836,9.50356408582428,-9.543564085824382,20.181859930081647,0.652386824985783
ROB-RUN15,2025-09-24 13:14:00+00:00,2025-09-24 13:37:00+00:00,-1.0460386933510126,9.557178277089436,-9.997178277089317,19.892522082570395,0.14648675157145336
ROB-1H   ,2025-09-22 07:59:00+00:00,2025-09-30 08:31:00+00:00,2.3864861781533633,41.20283658046839,98.3299999999996,18.972034693925142,3.684212364931164
ROB-RUN15,2025-09-30 16:44:00+00:00,2025-10-02 14:47:00+00:00,-0.8375155140277906,22.319368297436796,-18.69281721240335,26.268061388058605,2.2446871852441252
ROB-1H   ,2025-10-03 12:59:00+00:00,2025-10-09 16:34:00+00:00,2.341113608794925,50.55286490813235,118.35000000000005,25.095912474827244,3.6120603714909416
ROB-RUN15,2025-10-07 12:14:00+00:00,2025-10-09 16:36:00+00:00,0.8325901551293029,14.087273653934211,11.728925356878026,25.333744679468673,6.225477133079435
ROB-RUN15,2025-10-14 15:44:00+00:00,2025-10-17 13:35:00+00:00,3.8652550670319266,30.310636139478785,117.1583399230814,36.68815863599278,7.815738307499386
ROB-1H   ,2025-10-13 07:59:00+00:00,2025-10-23 04:00:00+00:00,0.1604342551339508,104.46646812432293,16.760000000000364,35.709479856358406,2.9521434536580813
ROB-RUN15,2025-11-10 12:14:00+00:00,2025-11-10 14:33:00+00:00,-1.0215427958193355,11.14061526704509,-11.380615267044815,27.48438764377196,1.5259480372046847
ROB-1H   ,2025-11-10 12:59:00+00:00,2025-11-10 16:00:00+00:00,-0.31014972525751455,48.49270779624983,-15.03999999999982,27.48438764377196,0.18765708110661763
ROB-RUN15,2025-11-12 12:29:00+00:00,2025-11-12 13:10:00+00:00,-1.0265215212200014,12.819777462227485,-13.159777462227646,27.48038763076573,0.25741476478218717
ROB-RUN15,2025-11-25 07:14:00+00:00,2025-11-25 07:59:00+00:00,-1.0819583744941548,10.24910517301409,-11.089105173013959,34.6517111815555,0.3512501764036112
ROB-RUN15,2025-11-25 16:59:00+00:00,2025-12-02 01:09:00+00:00,2.4797669338858643,20.03756077845914,49.68848065415128,34.111410155203146,6.632543824539324
ROB-RUN15,2025-12-05 07:14:00+00:00,2025-12-05 09:00:00+00:00,-1.0736308050624257,7.333886945031185,-7.8738869450306455,25.757574153449674,0.46360136520840356
ROB-1H   ,2025-11-25 07:59:00+00:00,2025-12-12 16:02:00+00:00,2.616929746376576,55.4084419731819,145.00000000000014,33.869446097158665,4.035486146826226
ROB-RUN15,2025-12-11 14:14:00+00:00,2025-12-12 16:39:00+00:00,3.415827316482233,11.36655193494029,38.82617859358302,23.351032041445496,11.67460464347906
ROB-RUN15,2025-12-15 07:14:00+00:00,2025-12-15 07:41:00+00:00,-1.02964595772942,8.095538764219398,-8.335538764220328,30.14917892882025,0.37057447161631507
ROB-RUN15,2025-12-18 16:14:00+00:00,2025-12-18 17:08:00+00:00,-1.0133828289111482,25.405689802738628,-25.74568980273838,25.691361221035663,0.4959518949429248
ROB-1H   ,2025-12-16 15:59:00+00:00,2025-12-23 15:02:00+00:00,2.0647139279450273,56.09251646559498,115.81499999999974,30.352012296108548,3.1858082193478983
ROB-RUN15,2025-12-19 15:14:00+00:00,2025-12-23 15:03:00+00:00,6.209960109878683,13.471747904280198,83.65901709592177,25.290395151279867,11.639172668171902
ROB-RUN15,2025-12-23 19:44:00+00:00,2025-12-24 03:00:00+00:00,-1.0231696774746786,18.99033771537052,-19.43033771537088,27.64792327983375,1.8061816758655236
ROB-RUN15,2025-12-26 07:14:00+00:00,2025-12-29 00:20:00+00:00,-1.0308402450558347,14.267072106688738,-14.707072106688283,31.8602470426627,2.775622055028022
ROB-RUN15,2026-01-06 07:14:00+00:00,2026-01-06 09:11:00+00:00,-1.03993785363352,13.521007036473982,-14.061007036474473,37.60680145854528,0.547296512755119
ROB-RUN15,2026-01-13 13:59:00+00:00,2026-01-13 16:28:00+00:00,-1.0193474536280132,17.573372007327137,-17.913372007326725,30.991724390183784,1.394154746726174
ROB-RUN15,2026-01-14 07:14:00+00:00,2026-01-14 14:39:00+00:00,-1.0284572304816242,15.461799780015738,-15.901799780016372,33.28695440202104,0.6467552382177996
ROB-RUN15,2026-01-14 19:44:00+00:00,2026-01-14 21:25:00+00:00,-1.0125185408891602,19.171563373478946,-19.411563373478966,32.43270365205558,0.10432117407632532
ROB-RUN15,2026-01-15 19:14:00+00:00,2026-01-15 20:09:00+00:00,-1.010842183015737,12.912528758800748,-13.052528758799633,33.95139853001226,0.13939949591774284
ROB-RUN15,2026-01-19 07:14:00+00:00,2026-01-21 19:36:00+00:00,7.201333449774529,15.35958321534312,110.60948038324582,36.6928954620456,14.0759027747597
ROB-RUN15,2026-01-22 10:44:00+00:00,2026-01-22 13:42:00+00:00,-1.0247487054430273,17.778707699017705,-18.218707699018378,43.819867267646245,0.4780999915122985
ROB-1H   ,2026-01-06 07:59:00+00:00,2026-01-28 02:30:00+00:00,11.274447909195352,66.1903807628005,746.2600000000003,36.706315640077754,11.364189045770559
ROB-RUN15,2026-01-23 14:14:00+00:00,2026-01-29 15:14:00+00:00,16.573693063551524,25.60391667213141,424.3514561486556,43.37530520170964,25.023515277151713
ROB-RUN15,2026-02-10 09:44:00+00:00,2026-02-10 15:37:00+00:00,-1.0110659602648455,30.72485277935581,-31.06485277935539,88.02218012836572,1.025228671597249
ROB-RUN15,2026-02-11 07:14:00+00:00,2026-02-11 13:30:00+00:00,-1.0167738713034848,20.269620163920862,-20.609620163920994,74.33945496370801,3.0192968346261093
ROB-1H   ,2026-02-10 07:59:00+00:00,2026-02-12 16:27:00+00:00,-0.9968937071290417,148.08648736906122,-147.62648736906144,88.02218012836572,0.6077529530138828
ROB-RUN15,2026-02-20 16:14:00+00:00,2026-02-24 14:13:00+00:00,1.1728287024241062,42.20466728878189,49.498845172543184,49.66114465399785,4.60612563700204
ROB-RUN15,2026-02-25 07:14:00+00:00,2026-02-25 10:33:00+00:00,-1.0022515285499103,17.76570854576821,-17.805708545768393,50.88141349981761,0.5009651023527866
ROB-RUN15,2026-02-26 07:14:00+00:00,2026-02-26 08:33:00+00:00,-1.0239659349639572,14.186803081584285,-14.526803081584001,48.42480350896002,0.26080576284326823
ROB-RUN15,2026-02-27 07:14:00+00:00,2026-02-27 10:12:00+00:00,-1.0539882802930536,11.854424636727027,-12.494424636727524,44.012553535872584,0.29524840785240675
ROB-1H   ,2026-02-20 16:59:00+00:00,2026-03-02 16:00:00+00:00,2.179531882313479,103.35935061472053,225.2750000000007,49.66114465399785,3.3581867333304056
ROB-RUN15,2026-02-27 13:14:00+00:00,2026-03-02 16:02:00+00:00,3.7700932552378275,12.717910827093508,47.947709829941374,40.958273201849295,15.938152323586062
ROB-RUN15,2026-03-11 07:14:00+00:00,2026-03-11 07:40:00+00:00,-1.0591341431154524,14.204991494669649,-15.044991494669228,59.057175035438334,0.06335801048091202
ROB-1H   ,2026-03-11 07:59:00+00:00,2026-03-11 12:00:00+00:00,-0.19707971501784535,75.80688859148981,-14.940000000000364,56.71737681862126,0.04485080529187324
ROB-RUN15,2026-03-23 07:14:00+00:00,2026-03-23 08:06:00+00:00,-0.9930204043191985,108.88882891759793,-108.12882891759713,82.10601943734957,0.29387771287554326
ROB-RUN15,2026-03-24 07:14:00+00:00,2026-03-24 23:16:00+00:00,-1.0388091003473643,68.02528212121015,-70.66528212120997,113.874598271975,1.0848907597104913
ROB-1H   ,2026-03-23 07:59:00+00:00,2026-03-25 00:45:00+00:00,-0.9987430435612028,365.96335863538246,-365.50335863538186,96.59844662039603,0.007924290592405923
ROB-RUN15,2026-03-27 11:59:00+00:00,2026-03-27 12:49:00+00:00,-1.012883715411278,18.628166824445216,-18.86816682444518,77.54609632663325,0.2523060934708906
ROB-RUN15,2026-03-27 13:29:00+00:00,2026-03-27 14:03:00+00:00,-0.9813075074664199,24.608810150580037,-24.14881015058003,77.54609632663325,0.36572268000482205
ROB-1H   ,2026-03-26 10:59:00+00:00,2026-03-31 01:41:00+00:00,-1.0002486309611012,160.8810094403377,-160.92100944033777,89.9621841008917,0.5737159427398384
ROB-RUN15,2026-04-22 16:14:00+00:00,2026-04-22 18:48:00+00:00,-1.0363455521945673,14.857388797087273,-15.397388797086787,40.190841642736615,0.4442234157117404
ROB-1H   ,2026-04-22 16:59:00+00:00,2026-04-22 20:00:00+00:00,-0.2208175012388908,55.88325169321613,-12.34,40.190841642736615,0.003578889809379092
ROB-RUN15,2026-04-23 18:14:00+00:00,2026-04-23 20:00:00+00:00,0.47255567997620473,36.10156585327402,17.059999999999636,38.726084775839574,0.6758709608100509
ROB-RUN15,2026-04-27 13:14:00+00:00,2026-04-30 08:04:00+00:00,7.505836447340734,10.427997871392423,78.27084649588883,36.015270819114484,18.09551577658725
ROB-1H   ,2026-05-01 10:59:00+00:00,2026-05-01 13:54:00+00:00,-1.0087008994265252,50.569484651029235,-51.00948465102905,37.28032268259281,0.09491890283486383
ROB-1H   ,2026-05-04 08:59:00+00:00,2026-05-06 02:17:00+00:00,-0.9989618351136841,57.79428758446668,-57.73428758446684,36.581317452592806,1.3461538025932775
ROB-RUN15,2026-05-15 08:14:00+00:00,2026-05-21 01:41:00+00:00,-0.08885429814134765,27.87826144627787,-2.477103354210012,38.48082915132194,4.10714277217912
ROB-1H   ,2026-05-15 08:59:00+00:00,2026-06-08 18:09:00+00:00,2.4454939352377187,91.70335561605056,224.25999999999942,38.48082915132194,3.2681464924228383
ROB-RUN15,2026-06-05 07:14:00+00:00,2026-06-11 17:42:00+00:00,16.6090433078187,17.73169786645021,294.506537785028,34.464890664931154,24.75228279354085
ROB-RUN15,2026-06-23 07:14:00+00:00,2026-06-23 14:09:00+00:00,-1.0049834058209104,28.093236840777173,-28.233236840777717,40.40452740982721,0.9076917745194422
ROB-RUN15,2026-07-01 07:14:00+00:00,2026-07-01 07:57:00+00:00,-1.0475102039037767,15.575601432876022,-16.31560143287592,38.97994349531136,0.07062327607318564
ROB-1H   ,2026-06-18 14:59:00+00:00,2026-07-03 12:00:00+00:00,0.6690740784116501,116.96761618053557,78.25999999999945,45.31314001548997,2.705877150744805
ROB-1H   ,2026-07-09 07:59:00+00:00,2026-07-09 12:00:00+00:00,-0.015677783337476037,72.71436117344062,-1.140000000000182,39.58830219679205,0.20766186701389636
ROB-1H   ,2026-07-10 17:59:00+00:00,2026-07-10 20:00:00+00:00,-0.142781577216481,48.605710451546855,-6.939999999999454,32.83763225111966,0.07200800003713584
ROB-RUN15,2026-07-13 07:14:00+00:00,2026-07-13 08:15:00+00:00,-1.0017971520372109,22.257437975165995,-22.297437975166158,32.561513815187084,0.0
ROB-RUN15,2026-07-15 07:14:00+00:00,2026-07-15 12:30:00+00:00,-1.0484558266677564,13.207905921995401,-13.847905921995643,33.0390967187372,0.9236891958537427
ROB-RUN15,2026-07-16 07:14:00+00:00,2026-07-16 08:47:00+00:00,-1.0644303342395298,9.93320937340941,-10.573209373409409,32.44259488152669,0.34228615064746615
ROB-RUN15,2026-07-17 12:44:00+00:00,2026-07-17 13:38:00+00:00,-1.0431636103099993,14.827304653240896,-15.467304653241024,31.5582748964488,0.6744314110936028
ROB-RUN15,2026-07-20 19:59:00+00:00,2026-07-21 00:24:00+00:00,-0.9945626491210691,11.03478538285774,-10.974785382857444,30.36340422168099,0.7068556142575124
ROB-1H   ,2026-07-13 07:59:00+00:00,2026-07-22 03:07:00+00:00,-1.0049101876906361,69.24378891838383,-69.58378891838389,32.2999771141023,1.58570178950518
ROB-RUN15,2026-07-28 12:14:00+00:00,2026-07-28 15:20:00+00:00,-1.003673501399071,10.888794001772224,-10.92879400177193,28.42163189209806,1.5061355736301818
ROB-RUN15,2026-07-29 12:29:00+00:00,2026-07-29 12:39:00+00:00,-1.082784446792101,7.730920780411274,-8.37092078041118,27.44485855588791,0.504467722639452
ROB-1H   ,2026-07-28 12:59:00+00:00,2026-07-29 18:00:00+00:00,-1.0089854373764637,37.83900390766206,-38.17900390766213,28.42163189209806,0.9408281488295527
