Date,dxy
2023-01-03,104.59415081259067
2023-01-04,104.08590782394452
2023-01-05,105.16720025306743
2023-01-06,104.11885772551338
2023-01-09,102.94981594617042
2023-01-10,103.28558626020036
2023-01-11,103.37376354389093
2023-01-12,102.51364242622256
2023-01-13,102.36456573486689
2023-01-17,102.37289659818617
2023-01-18,102.07965296946385
2023-01-19,102.25136053017243
2023-01-20,102.2398973568347
2023-01-23,102.08926002630515
2023-01-24,102.00180244446791
2023-01-25,101.78287882216517
2023-01-26,102.0448223171276
2023-01-27,102.02436881278821
2023-01-30,102.0720429693037
2023-01-31,102.15780633959888
2023-02-01,101.72930147671022
2023-02-02,101.62903196469634
2023-02-03,102.77413248849804
2023-02-06,103.68838525302527
2023-02-07,103.5903571932278
2023-02-08,103.30415716611503
2023-02-09,102.95066467915676
2023-02-10,103.64089430696875
2023-02-13,103.3668535148658
2023-02-14,103.38145691129199
2023-02-15,103.90181387290518
2023-02-16,103.91847663894539
2023-02-17,104.03223881145118
2023-02-21,104.09021028611241
2023-02-22,104.37402950094575
2023-02-23,104.70655815159094
2023-02-24,105.23369649455974
2023-02-27,104.76309115369659
2023-02-28,104.69613802232601
2023-03-01,104.3131852344227
2023-03-02,105.01820147467366
2023-03-03,104.73833926582974
2023-03-06,104.17481718339256
2023-03-07,105.40390057192785
2023-03-08,105.62528496157327
2023-03-09,105.26805003211574
2023-03-10,104.47992771816445
2023-03-13,103.58739231634806
2023-03-14,103.74880381719905
2023-03-15,104.95179983348308
2023-03-16,104.3378814563884
2023-03-17,104.04443597520633
2023-03-20,103.36409998618997
2023-03-21,103.24356800660492
2023-03-22,103.11419756048991
2023-03-23,102.19668513513399
2023-03-24,103.1112389837822
2023-03-27,102.9263936944654
2023-03-28,102.4517132505475
2023-03-29,102.75773050342526
2023-03-30,102.24048950142266
2023-03-31,102.3712959770037
2023-04-03,102.14619384648248
2023-04-04,101.60299822553186
2023-04-05,101.78564959907516
2023-04-06,101.83465942340065
2023-04-07,102.01698974345172
2023-04-10,102.74581031843466
2023-04-11,102.22013397217775
2023-04-12,101.58643985871561
2023-04-13,100.93419314443919
2023-04-14,101.6657762912213
2023-04-17,102.2051091487405
2023-04-18,101.83700002811254
2023-04-19,101.96476281033318
2023-04-20,101.77136331135702
2023-04-21,101.84356235003438
2023-04-24,101.51259324438227
2023-04-25,101.9235508952089
2023-04-26,101.33938825075148
2023-04-27,101.60123272964108
2023-04-28,101.4858917232761
2023-05-01,102.12920035596294
2023-05-02,101.94829618945563
2023-05-03,101.42820485766909
2023-05-04,101.41807124814933
2023-05-05,101.24892530250641
2023-05-08,101.23697855176111
2023-05-09,101.70539481229116
2023-05-10,101.56994463237268
2023-05-11,102.07988436345978
2023-05-12,102.62096061875783
2023-05-15,102.44688949857233
2023-05-16,102.5934620717693
2023-05-17,102.95063321680959
2023-05-18,103.48035473791319
2023-05-19,103.07346854234454
2023-05-22,103.30334420065765
2023-05-23,103.5305777827478
2023-05-24,103.8217992453281
2023-05-25,104.19766868970554
2023-05-26,104.30273491277828
2023-05-30,104.12645379370451
2023-05-31,104.5426764895148
2023-06-01,103.59853295419529
2023-06-02,103.90935161457374
2023-06-05,103.94182110775523
2023-06-06,104.1313451544661
2023-06-07,104.06178890385789
2023-06-08,103.35915871503363
2023-06-09,103.5432949684646
2023-06-12,103.73625545996248
2023-06-13,103.27734371954212
2023-06-14,102.69249066056393
2023-06-15,102.2736092992621
2023-06-16,102.38779101871333
2023-06-20,102.69419192578876
2023-06-21,102.3627050389991
2023-06-22,102.41385949433925
2023-06-23,102.94833372070022
2023-06-26,102.71867815648712
2023-06-27,102.47551412096757
2023-06-28,103.024006798594
2023-06-29,103.2357789693265
2023-06-30,102.86112925323519
2023-07-03,102.90665374832524
2023-07-05,103.23300372589185
2023-07-06,103.2285380790703
2023-07-07,102.3090555323031
2023-07-10,102.07487420021062
2023-07-11,101.81369891497769
2023-07-12,100.59295461065315
2023-07-13,99.97641928836902
2023-07-14,99.87135854564893
2023-07-17,99.90738577848444
2023-07-18,99.97492782365103
2023-07-19,100.36653808211702
2023-07-20,100.86182778396359
2023-07-21,101.10507079093749
2023-07-24,101.23195851339138
2023-07-25,101.33239339722196
2023-07-26,101.12529601771755
2023-07-27,101.68769263234303
2023-07-28,101.48250227757856
2023-07-31,101.682762355415
2023-08-01,102.33074372039135
2023-08-02,102.61653220896261
2023-08-03,102.47289225922303
2023-08-04,101.79473988402451
2023-08-07,102.11205697550598
2023-08-08,102.60155694313306
2023-08-09,102.5111449171271
2023-08-10,102.29184417920163
2023-08-11,102.80929969007911
2023-08-14,103.03663082678517
2023-08-15,102.98729507334029
2023-08-16,103.20806230378363
2023-08-17,103.41710581977534
2023-08-18,103.38466225043017
2023-08-21,103.42066064907276
2023-08-22,103.59197429065026
2023-08-23,103.38648240884105
2023-08-24,103.83444923477767
2023-08-25,104.26014748647628
2023-08-28,104.0587533029091
2023-08-29,103.72139407566027
2023-08-30,103.087180649029
2023-08-31,103.6979333510361
2023-09-01,104.17963504607461
2023-09-05,104.71390983131299
2023-09-06,104.93976014148167
2023-09-07,104.9744799763611
2023-09-08,104.96328507484192
2023-09-11,104.54607872786796
2023-09-12,104.75500595680079
2023-09-13,104.71410732364652
2023-09-14,105.21415256320762
2023-09-15,105.21220867335559
2023-09-18,105.04484438082144
2023-09-19,105.103156520686
2023-09-20,104.87658376511051
2023-09-21,105.34028378234008
2023-09-22,105.4674586658853
2023-09-25,105.95318492714334
2023-09-26,106.14883543942507
2023-09-27,106.64016039440091
2023-09-28,106.02403469369129
2023-09-29,106.0511347154974
2023-10-02,106.8265320903167
2023-10-03,107.20921752841025
2023-10-04,106.66049891933928
2023-10-05,106.53103052476261
2023-10-06,105.99180099460983
2023-10-10,105.6776393032558
2023-10-11,105.73802325190644
2023-10-12,106.34243954865259
2023-10-13,106.71116493036237
2023-10-16,106.31698496954914
2023-10-17,106.03375008128872
2023-10-18,106.56721072674765
2023-10-19,106.33599520039968
2023-10-20,106.15578382691834
2023-10-23,105.75006830089275
2023-10-24,106.21960830159898
2023-10-25,106.35756287193017
2023-10-26,106.82568918221065
2023-10-27,106.36702028098823
2023-10-30,106.11759259285822
2023-10-31,106.76633277635277
2023-11-01,106.91609056066432
2023-11-02,106.24108829574453
2023-11-03,105.06718126732498
2023-11-06,104.98913696120772
2023-11-07,105.60297019638695
2023-11-08,105.45534365520665
2023-11-09,105.50266755726177
2023-11-13,105.63368191104931
2023-11-14,104.24935847871852
2023-11-15,104.29371165462037
2023-11-16,104.38647512186321
2023-11-17,104.09817218486027
2023-11-20,103.44851400362829
2023-11-21,103.46832119890963
2023-11-22,104.06189513750995
2023-11-24,103.44956820372653
2023-11-27,103.36610306582904
2023-11-28,102.63174643863483
2023-11-29,102.89663813939771
2023-11-30,103.33386021237705
2023-12-01,103.27398884954896
2023-12-04,103.70531901837138
2023-12-05,104.01860023157056
2023-12-06,103.96905096243005
2023-12-07,103.65151602562855
2023-12-08,104.10073267846273
2023-12-11,104.21289492156822
2023-12-12,103.87568524163915
2023-12-13,103.8197790445329
2023-12-14,101.85446606286547
2023-12-15,102.44623370265606
2023-12-18,102.56664427294689
2023-12-19,102.10981457836652
2023-12-20,102.302798932497
2023-12-21,101.90321015534433
2023-12-22,101.73321982809338
2023-12-26,101.55386289008688
2023-12-27,100.91079198640813
2023-12-28,101.09138833232112
2023-12-29,101.16985937860333
2024-01-02,102.10185744813502
2024-01-03,102.60930033325198
2024-01-04,102.35230096910414
2024-01-05,102.2868054987496
2024-01-08,102.10303611853038
2024-01-09,102.46061926199215
2024-01-10,102.43229473616381
2024-01-11,102.66315032876375
2024-01-12,102.38206469738151
2024-01-16,103.23340145737913
2024-01-17,103.57731855952
2024-01-18,103.50852774704238
2024-01-19,103.35784686175734
2024-01-22,103.21987857797744
2024-01-23,103.75906857147397
2024-01-24,103.07864285514489
2024-01-25,103.56184401903467
2024-01-26,103.35569722645668
2024-01-29,103.69948563728693
2024-01-30,103.44750794343483
2024-01-31,103.13734288978031
2024-02-01,103.09419878626657
2024-02-02,103.98469041252928
2024-02-05,104.50503769030149
2024-02-06,104.22766078892028
2024-02-07,104.05883031575937
2024-02-08,104.1578607824621
2024-02-09,104.13083040119767
2024-02-12,104.12479257159409
2024-02-13,104.77254111480023
2024-02-14,104.67839146717657
2024-02-15,104.4038825213518
2024-02-16,104.35250733128221
2024-02-20,103.98043582177203
2024-02-21,104.01636714146564
2024-02-22,104.02458818595136
2024-02-23,103.89014921233819
2024-02-26,103.77166973552849
2024-02-27,103.72945335677841
2024-02-28,103.89791424329569
2024-02-29,104.08725303483823
2024-03-01,103.93683222711985
2024-03-04,103.75913045719221
2024-03-05,103.74652678012568
2024-03-06,103.22455456292212
2024-03-07,102.87416065078183
2024-03-08,102.72265051454477
2024-03-11,102.83774707940847
2024-03-12,102.99460588228823
2024-03-13,102.82214801349521
2024-03-14,103.31442246327407
2024-03-15,103.43668586034185
2024-03-18,103.49763926914764
2024-03-19,103.85916906682132
2024-03-20,103.97596377292875
2024-03-21,103.99748909696002
2024-03-22,104.36049823290334
2024-03-25,104.20813459343884
2024-03-26,104.29533203904873
2024-03-27,104.35562317140118
2024-03-28,104.43515470388733
2024-03-29,104.48711944881117
2024-04-01,105.05162386479802
2024-04-02,104.7598645062364
2024-04-03,104.3093799515707
2024-04-04,104.02301775567254
2024-04-05,104.24744136160272
2024-04-08,104.17294419869619
2024-04-09,104.1226928938553
2024-04-10,105.21047789115013
2024-04-11,105.34869357673763
2024-04-12,105.93401391424091
2024-04-15,106.05309895012368
2024-04-16,106.27701888884371
2024-04-17,106.18753823150108
2024-04-18,106.01117166527703
2024-04-19,106.07767123232864
2024-04-22,106.15402179603478
2024-04-23,105.76231110641928
2024-04-24,105.90090976702109
2024-04-25,105.66784313284393
2024-04-26,106.09495549679853
2024-04-29,105.71403635588315
2024-04-30,106.13889282959829
2024-05-01,106.20661884724242
2024-05-02,105.57707870347811
2024-05-03,105.00456072136801
2024-05-06,105.00192818858869
2024-05-07,105.24414038821592
2024-05-08,105.45050459371384
2024-05-09,105.35135175073059
2024-05-10,105.29070317943834
2024-05-13,105.17495771437996
2024-05-14,105.03192781038418
2024-05-15,104.50167147339822
2024-05-16,104.40976687590694
2024-05-17,104.48054368453944
2024-05-20,104.56655217153806
2024-05-21,104.62609252650914
2024-05-22,104.78012389697265
2024-05-23,104.92518130538797
2024-05-24,104.69629655149915
2024-05-28,104.41635677759895
2024-05-29,105.04728568726463
2024-05-30,104.69433059929463
2024-05-31,104.6562421895827
2024-06-03,104.15198196746466
2024-06-04,104.15961008951977
2024-06-05,104.38142510449823
2024-06-06,104.21919687044199
2024-06-07,104.86319045144458
2024-06-10,105.19602786993975
2024-06-11,105.3640342818377
2024-06-12,104.3378156813481
2024-06-13,105.09555779639281
2024-06-14,105.54870536459867
2024-06-17,105.46393500037838
2024-06-18,105.28265128356186
2024-06-20,105.6002343840854
2024-06-21,105.79277834313687
2024-06-24,105.54037679261083
2024-06-25,105.68658071165297
2024-06-26,106.03215223443398
2024-06-27,105.87479483784135
2024-06-28,105.87594865520856
2024-07-01,105.90119443202799
2024-07-02,105.78638463648599
2024-07-03,105.22210959763035
2024-07-05,104.94518597676893
2024-07-08,104.91819439283795
2024-07-09,105.14233715786695
2024-07-10,105.04943673424499
2024-07-11,104.39153490272776
2024-07-12,104.1153579124643
2024-07-15,104.10381054556214
2024-07-16,104.37765822070037
2024-07-17,103.81063894039505
2024-07-18,104.00740103152059
2024-07-19,104.30692462164437
2024-07-22,104.38710179865564
2024-07-23,104.44729304261953
2024-07-24,104.19009349333761
2024-07-25,104.25811863645643
2024-07-26,104.31026888650513
2024-07-29,104.58701563594876
2024-07-30,104.62466822048475
2024-07-31,104.13873147850654
2024-08-01,104.36456042343214
2024-08-02,103.24406769937876
2024-08-05,102.6974643033297
2024-08-06,103.00662398863558
2024-08-07,103.19065608397821
2024-08-08,103.24403217211582
2024-08-09,103.06976931869283
2024-08-12,103.1801537199259
2024-08-13,102.90374280989322
2024-08-14,102.44769651421028
2024-08-15,102.89126863691043
2024-08-16,102.70867911204994
2024-08-19,101.95576993840817
2024-08-20,101.578957928518
2024-08-21,101.21294418573821
2024-08-22,101.46214688158959
2024-08-23,100.84062854156927
2024-08-26,100.86307560549977
2024-08-27,100.77040094087548
2024-08-28,100.98795766430038
2024-08-29,101.29762724656523
2024-08-30,101.63506497110556
2024-09-03,101.79444786366994
2024-09-04,101.36763123279172
2024-09-05,101.16332730257007
2024-09-06,101.14966106047208
2024-09-09,101.56224065561605
2024-09-10,101.63770286962202
2024-09-11,101.70031882783047
2024-09-12,101.5297632818596
2024-09-13,101.01181675726625
2024-09-16,100.76541996621667
2024-09-17,100.92253650736681
2024-09-18,100.92778482231319
2024-09-19,100.74786774896164
2024-09-20,100.77543255337395
2024-09-23,100.80666564903512
2024-09-24,100.64523566341114
2024-09-25,100.80438236095564
2024-09-26,100.48998480016398
2024-09-27,100.46274202440893
2024-09-30,100.62801251907764
2024-10-01,101.22842043235701
2024-10-02,101.55848681053116
2024-10-03,102.03985278234897
2024-10-04,102.5899078738859
2024-10-07,102.4787585122197
2024-10-08,102.5540273769564
2024-10-09,102.79356595201051
2024-10-10,102.93992305513325
2024-10-11,102.88276762584718
2024-10-15,103.16740770459552
2024-10-16,103.46736566355823
2024-10-17,103.72822415754679
2024-10-18,103.58069424934736
2024-10-21,103.93369320310157
2024-10-22,104.06732634949715
2024-10-23,104.42494092582604
2024-10-24,104.1779138205546
2024-10-25,104.16422954797928
2024-10-28,104.26444339615102
2024-10-29,104.40553488560718
2024-10-30,104.0018679508635
2024-10-31,104.14798574120184
2024-11-01,104.17019875756039
2024-11-04,103.84747589857305
2024-11-05,103.54377450299239
2024-11-06,105.10889596219197
2024-11-07,104.43413701085402
2024-11-08,105.02729428076015
2024-11-12,106.1302907546501
2024-11-13,106.43112709212946
2024-11-14,106.55996440923558
2024-11-15,106.60676891876035
2024-11-18,106.32957919207462
2024-11-19,106.2930504198842
2024-11-20,106.81254822919293
2024-11-21,107.06693809723023
2024-11-22,107.63858989968344
2024-11-25,107.04561046118953
2024-11-26,106.99768075330171
2024-11-27,105.96105414802071
2024-11-29,106.08053054049068
2024-12-02,106.48762933827855
2024-12-03,106.23051957924764
2024-12-04,106.2051885458667
2024-12-05,105.85257200144186
2024-12-06,105.95811878013902
2024-12-09,105.99226501277548
2024-12-10,106.5102258884074
2024-12-11,106.53007137835189
2024-12-12,106.5720641294081
2024-12-13,106.98080244064309
2024-12-16,106.8363644314487
2024-12-17,106.83859523205805
2024-12-18,107.17107913527694
2024-12-19,108.43333439950517
2024-12-20,107.73597384063429
2024-12-23,108.07213842283788
2024-12-24,108.25485753978464
2024-12-26,108.09933163572094
2024-12-27,108.03076917572974
2024-12-30,108.25480501635228
2024-12-31,108.51352944310084
2025-01-02,109.31028605372168
2025-01-03,109.03016430231952
2025-01-06,108.19077117517446
2025-01-07,108.43964652845276
2025-01-08,109.02449099045883
2025-01-09,109.17839381078761
2025-01-10,109.68995981802448
2025-01-13,109.92254139507972
2025-01-14,109.3331768128804
2025-01-15,109.20517327332522
2025-01-16,108.94041574706341
2025-01-17,109.24838202737827
2025-01-21,108.02051075290758
2025-01-22,108.1771141768393
2025-01-23,108.09392153837352
2025-01-24,107.26865940885189
2025-01-27,107.32961716277258
2025-01-28,107.94463199644876
2025-01-29,108.00957479647751
2025-01-30,107.88239731842725
2025-01-31,108.10151154446608
2025-02-03,109.0455557051219
2025-02-04,108.01178008749164
2025-02-05,107.45082109042475
2025-02-06,107.86185091637368
2025-02-07,108.0925082496507
2025-02-10,108.24554846619566
2025-02-11,108.05334548512765
2025-02-12,107.95794432049993
2025-02-13,107.40585662629842
2025-02-14,106.71855043423209
2025-02-18,106.94375982964655
2025-02-19,107.34189318390128
2025-02-20,106.57481121882539
2025-02-21,106.66297106288384
2025-02-24,106.55528196440811
2025-02-25,106.39685080004607
2025-02-26,106.29645520350964
2025-02-27,107.13690662956793
2025-02-28,107.35260651708698
2025-03-03,106.50041765564401
2025-03-04,106.1870284876183
2025-03-05,104.50347303766867
2025-03-06,103.98326271817207
2025-03-07,103.6595870768058
2025-03-10,103.86770513149861
2025-03-11,103.33781482291819
2025-03-12,103.38427706950515
2025-03-13,103.78429213425864
2025-03-14,103.7824987598025
2025-03-17,103.34976032546258
2025-03-18,103.39282530673755
2025-03-19,103.79360902207448
2025-03-20,103.84712577556228
2025-03-21,104.18964252078685
2025-03-24,104.35471640810428
2025-03-25,104.14119855273697
2025-03-26,104.389616992385
2025-03-27,104.25844327858749
2025-03-28,104.03367969525465
2025-03-31,104.31736588987467
2025-04-01,104.14315105545606
2025-04-02,103.72454469312852
2025-04-03,101.90145336728197
2025-04-04,102.43274988881689
2025-04-07,103.4540417596843
2025-04-08,103.26434857641132
2025-04-09,102.32552741299091
2025-04-10,101.03697655643234
2025-04-11,100.0370140916097
2025-04-14,99.66986709313737
2025-04-15,100.08699998671901
2025-04-16,99.43453906584162
2025-04-17,99.45251348722356
2025-04-18,99.27638152982105
2025-04-21,98.35751507824806
2025-04-22,98.57145664464093
2025-04-23,99.61974321337465
2025-04-24,99.48028621285394
2025-04-25,99.49221012459707
2025-04-28,99.26639435818909
2025-04-29,99.17057595796935
2025-04-30,99.4662602120566
2025-05-01,100.27183270919684
2025-05-02,99.78523987394156
2025-05-05,99.83315686755772
2025-05-06,99.42642700021534
2025-05-07,99.49988675498994
2025-05-08,100.41576237536314
2025-05-09,100.25829030673157
2025-05-12,101.65271604068496
2025-05-13,101.10630915601641
2025-05-14,100.81151812016313
2025-05-15,100.82276458954985
2025-05-16,101.19008015931477
2025-05-19,100.40795920949661
2025-05-20,100.26035028305967
2025-05-21,99.48150377767188
2025-05-22,99.90290101308524
2025-05-23,99.22143476147055
2025-05-27,99.59405973821447
2025-05-28,99.94015892025912
2025-05-29,99.32695978014088
2025-05-30,99.44853370797887
2025-06-02,98.73600035335754
2025-06-03,99.24846843593332
2025-06-04,98.77423969019586
2025-06-05,98.78145980129237
2025-06-06,99.18040103837245
2025-06-09,98.9335138078467
2025-06-10,99.05393503925696
2025-06-11,98.59425882244035
2025-06-12,97.94682609674918
2025-06-13,98.07687530665591
2025-06-16,97.93946241209105
2025-06-17,98.36305064559645
2025-06-18,98.55094487347048
2025-06-20,98.75974586886878
2025-06-23,98.68665125755166
2025-06-24,97.96813814492526
2025-06-25,97.98357473379667
2025-06-26,97.17488144949289
2025-06-27,97.22791323439526
2025-06-30,96.90376728651827
2025-07-01,96.84399814539293
2025-07-02,96.87511054182596
2025-07-03,97.0927798074076
2025-07-07,97.33829154066484
2025-07-08,97.64115457822967
2025-07-09,97.60884854621803
2025-07-10,97.70733873105429
2025-07-11,97.80190135615317
2025-07-14,98.06137944106786
2025-07-15,98.51395684905441
2025-07-16,98.37932963121669
2025-07-17,98.64275741880968
2025-07-18,98.30142066006078
2025-07-21,97.77954074830842
2025-07-22,97.3766918724353
2025-07-23,97.35819594079852
2025-07-24,97.38268692911892
2025-07-25,97.76295430135988
2025-07-28,98.49940981515147
2025-07-29,99.01068120141791
2025-07-30,99.50973153621015
2025-07-31,99.93001336431051
2025-08-01,98.93634614426466
2025-08-04,98.76373501124
2025-08-05,98.7184151035792
2025-08-06,98.26894693193591
2025-08-07,98.24324724200763
2025-08-08,98.1688562196434
2025-08-11,98.55032753263066
2025-08-12,98.06275193613916
2025-08-13,97.73608023940322
2025-08-14,98.21892017089777
2025-08-15,97.79015731155611
2025-08-18,98.10583646896713
2025-08-19,98.20094725774976
2025-08-20,98.24524769437798
2025-08-21,98.646403078708
2025-08-22,97.77164210112907
2025-08-25,98.09470042444751
2025-08-26,98.13681706422946
2025-08-27,98.4200449573703
2025-08-28,97.9251451662506
2025-08-29,97.77815161129367
2025-09-02,98.2454931170354
2025-09-03,98.05582773146838
2025-09-04,98.3187665812901
2025-09-05,97.43007885731227
2025-09-08,97.52088307066639
2025-09-09,97.66611586014233
2025-09-10,97.70559576982795
2025-09-11,97.56024490744421
2025-09-12,97.76379972251519
2025-09-15,97.28955068093143
2025-09-16,96.75460353714594
2025-09-17,96.76623798320838
2025-09-18,97.40255777860975
2025-09-19,97.58415385006516
2025-09-22,97.4820280257756
2025-09-23,97.34117456646129
2025-09-24,97.8238264620378
2025-09-25,98.41042417985571
2025-09-26,98.23461975775238
2025-09-29,97.90371227441346
2025-09-30,97.83587680957123
2025-10-01,97.79899715592929
2025-10-02,98.0312394170376
2025-10-03,97.66209118671618
2025-10-06,98.11390698045109
2025-10-07,98.41966483452134
2025-10-08,98.97997747513543
2025-10-09,99.40728502314526
2025-10-10,98.97519478422711
2025-10-14,99.04111539143531
2025-10-15,98.73391172456583
2025-10-16,98.5155779381018
2025-10-17,98.4144610778333
2025-10-20,98.50916732648888
2025-10-21,98.838052841253
2025-10-22,98.8540148396759
2025-10-23,98.98579840014797
2025-10-24,98.95829807368851
2025-10-27,98.8981390235971
2025-10-28,98.67608545920453
2025-10-29,98.64784542692132
2025-10-30,99.5487644747942
2025-10-31,99.70617465724783
2025-11-03,99.78904089958645
2025-11-04,100.09938796213542
2025-11-05,100.19923622867837
2025-11-06,99.77994806877878
2025-11-07,99.47472265879168
2025-11-10,99.7077794470999
2025-11-12,99.46321826493535
2025-11-13,99.03388904362083
2025-11-14,99.31093778106352
2025-11-17,99.44867267858093
2025-11-18,99.59417135668153
2025-11-19,100.05257361971186
2025-11-20,100.17465836918447
2025-11-21,100.24810995995752
2025-11-24,100.2295729457241
2025-11-25,99.93480976155097
2025-11-26,99.61653764099876
2025-11-28,99.46631139589876
2025-12-01,99.29077488133566
2025-12-02,99.53411042229877
2025-12-03,98.93869393359087
2025-12-04,98.91842226487826
2025-12-05,99.06103139699093
2025-12-08,99.15757381716044
2025-12-09,99.13911223522062
2025-12-10,98.99079089648832
2025-12-11,98.17776358415016
2025-12-12,98.46867331934219
2025-12-15,98.26460231913161
2025-12-16,98.0976948924919
2025-12-17,98.34013400149718
2025-12-18,98.39847593559027
2025-12-19,98.61549256167686
2025-12-22,98.31847869175607
2025-12-23,98.0605781822693
2025-12-24,97.94314540780285
2025-12-26,98.08806623865637
2025-12-29,98.1080628042959
2025-12-30,98.09489298501374
2025-12-31,98.36176627031932
2026-01-02,98.31412442478653
2026-01-05,98.3574056704039
2026-01-06,98.58623967422939
2026-01-07,98.62031669288525
2026-01-08,98.90209920320547
2026-01-09,99.13503795828298
2026-01-12,98.87560562438105
2026-01-13,99.1397616336895
2026-01-14,98.98036637006562
2026-01-15,99.36136610971
2026-01-16,99.36600746752269
2026-01-20,98.4197210192708
2026-01-21,98.64741074871529
2026-01-22,98.39451678265878
2026-01-23,98.0102563251135
2026-01-26,96.94717472548523
2026-01-27,96.2207568549634
2026-01-28,96.46842309185853
2026-01-29,96.3308156312493
2026-01-30,96.83572525948087
2026-02-02,97.52908536302256
2026-02-03,97.37624401048976
2026-02-04,97.62811707146979
2026-02-05,97.76546761229338
2026-02-06,97.6675353030526
2026-02-09,97.00238340720831
2026-02-10,96.80468823074615
2026-02-11,96.79818329841905
2026-02-12,96.90758571223819
2026-02-13,96.90703486136061
2026-02-17,97.30957534528395
2026-02-18,97.50563201256227
2026-02-19,97.92243507493302
2026-02-20,97.76931198366032
2026-02-23,97.58210925864725
2026-02-24,97.75004266733688
2026-02-25,97.70244284205464
2026-02-26,97.79790731054165
2026-02-27,97.62123515580231
2026-03-02,98.58876873529636
2026-03-03,99.12574568544241
2026-03-04,98.79286872470786
2026-03-05,99.21832373665428
2026-03-06,98.94265102728636
2026-03-09,99.0494409710201
2026-03-10,98.61845567885237
2026-03-11,99.27410966612506
2026-03-12,99.64423084619952
2026-03-13,100.30398990480239
2026-03-16,99.94043917153104
2026-03-17,99.66254566987313
2026-03-18,99.81929415075135
2026-03-19,99.69517407546266
2026-03-20,99.69391302840639
2026-03-23,99.33275611635287
2026-03-24,99.43837517398102
2026-03-25,99.54399691790175
2026-03-26,99.80890813695366
2026-03-27,100.07552760953031
2026-03-30,100.52619242790013
2026-03-31,100.19596218952975
2026-04-01,99.38633051818061
2026-04-02,99.93102660648078
2026-04-03,100.15591922463727
2026-04-06,99.97584164365072
2026-04-07,99.90050438540915
2026-04-08,98.85283151359427
2026-04-09,98.75308845461235
2026-04-10,98.68951956046527
2026-04-13,98.76660614150866
2026-04-14,98.13134686070845
2026-04-15,98.07502606040386
2026-04-16,98.180359528685
2026-04-17,97.93277504227356
2026-04-20,98.04134718103714
2026-04-21,98.30972458495489
2026-04-22,98.55488997322831
2026-04-23,98.63097415918921
2026-04-24,98.53883868206853
2026-04-27,98.39050041979482
2026-04-28,98.60463114149019
2026-04-29,98.80179887531435
2026-04-30,98.1633180472584
2026-05-01,97.94858235679484
2026-05-04,98.41092695809736
2026-05-05,98.35550546086189
2026-05-06,97.9960867935723
2026-05-07,97.93776959305323
2026-05-08,97.92232093777727
2026-05-11,97.8849895283421
2026-05-12,98.36405845514729
2026-05-13,98.489474776729
2026-05-14,98.73352066201535
2026-05-15,99.24690667575764
2026-05-18,99.03865218492676
2026-05-19,99.33886715041437
2026-05-20,99.150641467743
2026-05-21,99.41538064545124
2026-05-22,99.30866645395669
2026-05-26,99.22510383856614
2026-05-27,99.19221572894642
2026-05-28,99.03311711925389
2026-05-29,98.80427384921909
2026-06-01,99.23717922770209
2026-06-02,99.12160516552724
2026-06-03,99.46052952051352
2026-06-04,99.30795454707419
2026-06-05,99.98628475839146
2026-06-08,99.92928584701401
2026-06-09,99.86646001820966
2026-06-10,99.9109850519184
2026-06-11,100.22555170875407
2026-06-12,99.74717438455268
2026-06-15,99.58162234084917
2026-06-16,99.49965279527636
2026-06-17,99.67408966124573
2026-06-18,100.73683675213044
2026-06-22,100.98119399731824
2026-06-23,101.3615402247754
2026-06-24,101.64405658347094
2026-06-25,101.32276179209313
2026-06-26,101.2196191927042
2026-06-29,101.11984591332529
2026-06-30,101.2033524540492
2026-07-01,101.34412201188955
2026-07-02,100.74271381398724
2026-07-06,101.0020941854416
2026-07-07,100.98244209541008
2026-07-08,101.23904613503267
2026-07-09,100.87119582787656
2026-07-10,100.75732389770555
2026-07-13,101.1064180993748
2026-07-14,100.88581896626478
2026-07-15,100.7103157084808
2026-07-16,100.69132824355644
2026-07-17,100.7436647453439
2026-07-20,100.99257989764872
2026-07-21,101.12341105999678
2026-07-22,101.0869493407364
2026-07-23,101.47251727221801
2026-07-24,101.3340426779784
2026-07-27,101.45693246075484
2026-07-28,101.27996220573756
2026-07-29,101.43414141064342
2026-07-30,100.00672380743042
2026-07-31,100.01085181776367
2026-08-03,99.93541337517276
2026-08-04,99.87044656727507
2026-08-05,99.7243994611393
2026-08-06,99.97321561573197
2026-08-07,99.563176236056
2026-08-10,99.69897183953708
2026-08-11,99.79849569953018
2026-08-12,99.8372417575865
2026-08-13,99.92212737662778
2026-08-14,99.54187781892341
2026-08-17,99.47078200269614
2026-08-18,99.61275807685071
2026-08-19,98.9063253852853
2026-08-20,98.83115918226319
2026-08-21,98.79526524308017
2026-08-24,98.99200739192447
2026-08-25,98.92719113367717
2026-08-26,99.16167541037629
2026-08-27,99.10239260488876
2026-08-28,99.5574911403618
2026-08-31,99.42151487542158
2026-09-01,99.63410729859633
2026-09-02,99.5386219586636
2026-09-03,98.96519641227916
2026-09-04,99.11019266632358
2026-09-08,98.86062772612019
2026-09-09,98.81762204624724
2026-09-10,98.89963400202312
2026-09-11,99.07405149973026
2026-09-14,99.49539102047349
2026-09-15,99.62429728507526
2026-09-16,99.67633140348308
2026-09-17,100.21495360255018
2026-09-18,100.38234356635267
