name,t_in,t_out,R,dir
"30min pb30 c1 (7, 20)",2025-01-15 16:29:00+00:00,2025-01-15 17:08:00+00:00,0.21750229778840272,1
"30min pb30 c1 (7, 20)",2025-01-17 14:59:00+00:00,2025-01-17 16:13:00+00:00,0.22951306176054667,1
"30min pb30 c1 (7, 20)",2025-01-20 11:29:00+00:00,2025-01-21 14:57:00+00:00,0.2297760396327254,1
"30min pb30 c1 (7, 20)",2025-01-22 08:29:00+00:00,2025-01-22 09:29:00+00:00,0.20932917703975487,1
"30min pb30 c1 (7, 20)",2025-01-22 12:59:00+00:00,2025-01-24 02:16:00+00:00,0.23582863407554192,1
"30min pb30 c1 (7, 20)",2025-01-24 16:29:00+00:00,2025-01-27 17:12:00+00:00,-1.0070088390611835,1
"30min pb30 c1 (7, 20)",2025-01-29 08:29:00+00:00,2025-01-30 06:59:00+00:00,0.20128661023840502,1
"30min pb30 c1 (7, 20)",2025-01-31 07:29:00+00:00,2025-01-31 15:00:00+00:00,0.21520824069285496,1
"30min pb30 c1 (7, 20)",2025-02-04 09:59:00+00:00,2025-02-04 13:22:00+00:00,0.23898281111574116,1
"30min pb30 c1 (7, 20)",2025-02-05 14:29:00+00:00,2025-02-05 15:01:00+00:00,0.2282533468024081,1
"30min pb30 c1 (7, 20)",2025-02-05 16:59:00+00:00,2025-02-07 15:34:00+00:00,0.2238384813342228,1
"30min pb30 c1 (7, 20)",2025-02-11 08:29:00+00:00,2025-02-13 19:05:00+00:00,0.21931460924271812,1
"30min pb30 c1 (7, 20)",2025-02-19 13:29:00+00:00,2025-02-20 07:34:00+00:00,0.24162592137526048,1
"30min pb30 c1 (7, 20)",2025-02-20 12:59:00+00:00,2025-02-24 14:01:00+00:00,0.23723737440930703,1
"30min pb30 c1 (7, 20)",2025-02-24 16:29:00+00:00,2025-02-25 16:08:00+00:00,-1.0092901801144334,1
"30min pb30 c1 (7, 20)",2025-03-07 14:29:00+00:00,2025-03-07 15:01:00+00:00,0.24368294057410705,1
"30min pb30 c1 (7, 20)",2025-03-07 16:29:00+00:00,2025-03-12 16:11:00+00:00,0.24476191715540788,1
"30min pb30 c1 (7, 20)",2025-03-13 07:59:00+00:00,2025-03-13 08:42:00+00:00,0.23878757914377996,1
"30min pb30 c1 (7, 20)",2025-03-13 13:29:00+00:00,2025-03-13 14:31:00+00:00,0.2365682734487574,1
"30min pb30 c1 (7, 20)",2025-03-14 16:59:00+00:00,2025-03-18 02:03:00+00:00,0.2437107521749,1
"30min pb30 c1 (7, 20)",2025-03-19 10:29:00+00:00,2025-03-19 19:19:00+00:00,0.24186646810051368,1
"30min pb30 c1 (7, 20)",2025-03-28 10:59:00+00:00,2025-03-31 00:27:00+00:00,0.2411407423399377,1
"30min pb30 c1 (7, 20)",2025-03-31 14:59:00+00:00,2025-04-02 20:42:00+00:00,0.24459468010797042,1
"30min pb30 c1 (7, 20)",2025-04-14 07:29:00+00:00,2025-04-22 22:00:00+00:00,1.0887057366560056,1
"30min pb30 c1 (7, 20)",2025-05-07 10:29:00+00:00,2025-05-08 17:06:00+00:00,-1.0015147577892194,1
"30min pb30 c1 (7, 20)",2025-05-21 12:59:00+00:00,2025-05-22 07:18:00+00:00,0.24557267009413458,1
"30min pb30 c1 (7, 20)",2025-05-22 07:29:00+00:00,2025-05-23 11:51:00+00:00,0.2444922024936099,1
"30min pb30 c1 (7, 20)",2025-06-05 07:29:00+00:00,2025-06-05 12:49:00+00:00,0.24343455926372037,1
"30min pb30 c1 (7, 20)",2025-06-12 09:59:00+00:00,2025-06-12 13:14:00+00:00,0.24532669981847016,1
"30min pb30 c1 (7, 20)",2025-06-13 11:29:00+00:00,2025-06-15 22:00:00+00:00,0.24570765825483734,1
"30min pb30 c1 (7, 20)",2025-07-22 11:59:00+00:00,2025-07-23 15:57:00+00:00,0.23904223157024387,1
"30min pb30 c1 (7, 20)",2025-08-01 07:29:00+00:00,2025-08-01 12:35:00+00:00,-1.010598864061152,-1
"30min pb30 c1 (7, 20)",2025-08-05 07:29:00+00:00,2025-08-07 14:08:00+00:00,0.2404167742530254,1
"30min pb30 c1 (7, 20)",2025-08-07 14:59:00+00:00,2025-08-08 17:59:00+00:00,0.24516248753432252,1
"30min pb30 c1 (7, 20)",2025-08-27 08:29:00+00:00,2025-10-09 16:54:00+00:00,16.094380178582142,1
"30min pb30 c1 (7, 20)",2025-10-14 07:59:00+00:00,2025-10-15 00:29:00+00:00,0.2473305493144082,1
"30min pb30 c1 (7, 20)",2025-10-15 12:59:00+00:00,2025-10-16 05:30:00+00:00,0.2467003322410464,1
"30min pb30 c1 (7, 20)",2025-10-17 07:59:00+00:00,2025-10-21 13:48:00+00:00,-1.0021388358963081,1
"30min pb30 c1 (7, 20)",2025-11-12 10:59:00+00:00,2025-11-14 11:17:00+00:00,0.2443247544195838,1
"30min pb30 c1 (7, 20)",2025-11-25 09:59:00+00:00,2025-11-26 14:08:00+00:00,0.16814336590426626,1
"30min pb30 c1 (7, 20)",2025-11-26 15:29:00+00:00,2025-12-02 15:54:00+00:00,0.24541405680710637,1
"30min pb30 c1 (7, 20)",2025-12-03 16:29:00+00:00,2025-12-29 15:02:00+00:00,1.3684102783671954,1
"30min pb30 c1 (7, 20)",2026-01-06 11:29:00+00:00,2026-01-08 05:16:00+00:00,-1.0157942228720966,1
"30min pb30 c1 (7, 20)",2026-01-09 13:29:00+00:00,2026-01-29 15:14:00+00:00,26.871790406989966,1
"30min pb30 c1 (7, 20)",2026-02-10 08:29:00+00:00,2026-02-12 16:14:00+00:00,-1.0060414238308668,1
"30min pb30 c1 (7, 20)",2026-02-23 08:59:00+00:00,2026-02-24 01:15:00+00:00,0.24655444823816752,1
"30min pb30 c1 (7, 20)",2026-02-25 09:29:00+00:00,2026-03-03 11:07:00+00:00,0.24614227144018397,1
"30min pb30 c1 (7, 20)",2026-03-23 15:59:00+00:00,2026-04-01 07:37:00+00:00,-1.0049437413516618,-1
"30min pb30 c1 (7, 20)",2026-04-22 19:59:00+00:00,2026-04-23 00:19:00+00:00,0.24586464107355396,-1
"30min pb30 c1 (7, 20)",2026-04-23 08:29:00+00:00,2026-04-23 17:53:00+00:00,0.24645189790977087,-1
"30min pb30 c1 (7, 20)",2026-04-23 18:59:00+00:00,2026-05-06 07:45:00+00:00,0.2474368294452749,-1
"30min pb30 c1 (7, 20)",2026-05-18 09:59:00+00:00,2026-05-20 14:30:00+00:00,0.24701749160808542,-1
"30min pb30 c1 (7, 20)",2026-05-22 13:59:00+00:00,2026-05-28 16:24:00+00:00,0.2154612241278347,-1
"30min pb30 c1 (7, 20)",2026-06-03 13:29:00+00:00,2026-06-14 22:00:00+00:00,2.594532610587445,-1
"30min pb30 c1 (7, 20)",2026-06-19 13:29:00+00:00,2026-06-23 03:29:00+00:00,0.2463773329606681,-1
"30min pb30 c1 (7, 20)",2026-06-23 14:29:00+00:00,2026-06-23 22:50:00+00:00,0.2465304761567688,-1
"30min pb30 c1 (7, 20)",2026-06-25 08:59:00+00:00,2026-06-30 01:08:00+00:00,0.24701116720256028,-1
"30min pb30 c1 (7, 20)",2026-06-30 12:59:00+00:00,2026-07-01 10:33:00+00:00,0.24563110849025416,-1
"30min pb30 c1 (7, 20)",2026-07-13 09:29:00+00:00,2026-07-14 12:30:00+00:00,0.24527025505855204,-1
"30min pb30 c1 (7, 20)",2026-07-15 10:29:00+00:00,2026-07-16 15:25:00+00:00,0.24418012460286118,-1
"30min pb30 c1 (7, 20)",2026-07-17 08:29:00+00:00,2026-07-17 13:04:00+00:00,0.2449782913298447,-1
"30min pb30 c1 (7, 20)",2026-07-28 16:59:00+00:00,2026-07-29 01:31:00+00:00,0.24517443593185526,-1
"30min pb30 c1 (7, 20)",2026-07-29 09:59:00+00:00,2026-07-29 12:39:00+00:00,0.2428831654535755,-1
15min brk20 c2 None,2025-01-15 20:14:00+00:00,2025-01-15 21:55:00+00:00,0.0855389865428321,1
15min brk20 c2 None,2025-01-15 21:59:00+00:00,2025-01-15 23:21:00+00:00,0.08185113687332124,1
15min brk20 c2 None,2025-01-15 23:29:00+00:00,2025-01-16 00:24:00+00:00,0.07525941944725768,1
15min brk20 c2 None,2025-01-16 01:29:00+00:00,2025-01-16 01:35:00+00:00,0.08261232738748181,1
15min brk20 c2 None,2025-01-16 01:44:00+00:00,2025-01-16 08:21:00+00:00,0.07314344195964825,1
15min brk20 c2 None,2025-01-16 08:29:00+00:00,2025-01-16 09:15:00+00:00,0.08170433026842013,1
15min brk20 c2 None,2025-01-16 09:29:00+00:00,2025-01-16 11:35:00+00:00,0.0838865928094862,1
15min brk20 c2 None,2025-01-16 13:44:00+00:00,2025-01-16 13:54:00+00:00,0.08060699602493812,1
15min brk20 c2 None,2025-01-16 15:59:00+00:00,2025-01-16 16:38:00+00:00,0.07988359179744771,1
15min brk20 c2 None,2025-01-16 17:44:00+00:00,2025-01-17 09:56:00+00:00,-1.012770646171096,1
15min brk20 c2 None,2025-01-17 16:14:00+00:00,2025-01-17 16:53:00+00:00,0.08394492509683175,1
15min brk20 c2 None,2025-01-17 16:59:00+00:00,2025-01-17 20:04:00+00:00,-1.011737849730373,1
15min brk20 c2 None,2025-01-20 05:29:00+00:00,2025-01-20 07:09:00+00:00,0.07164401523077926,1
15min brk20 c2 None,2025-01-21 14:59:00+00:00,2025-01-21 16:28:00+00:00,0.08703359767352493,1
15min brk20 c2 None,2025-01-21 16:29:00+00:00,2025-01-21 17:02:00+00:00,0.06477648392745909,1
15min brk20 c2 None,2025-01-22 00:59:00+00:00,2025-01-22 01:09:00+00:00,0.07731342637090427,1
15min brk20 c2 None,2025-01-22 04:14:00+00:00,2025-01-22 04:53:00+00:00,0.06888843329786858,1
15min brk20 c2 None,2025-01-22 05:44:00+00:00,2025-01-22 05:53:00+00:00,0.033445323689786303,1
15min brk20 c2 None,2025-01-22 05:59:00+00:00,2025-01-22 10:41:00+00:00,0.07567900977508987,1
15min brk20 c2 None,2025-01-24 00:44:00+00:00,2025-01-24 00:56:00+00:00,0.0568204438931516,1
15min brk20 c2 None,2025-01-24 01:14:00+00:00,2025-01-26 23:00:00+00:00,0.0749504502295786,1
15min brk20 c2 None,2025-01-29 08:29:00+00:00,2025-01-29 08:38:00+00:00,0.06798839699953052,1
15min brk20 c2 None,2025-01-29 14:14:00+00:00,2025-01-29 14:23:00+00:00,0.0773455398847443,1
15min brk20 c2 None,2025-01-30 06:59:00+00:00,2025-01-30 07:03:00+00:00,0.06643814159824156,1
15min brk20 c2 None,2025-01-30 07:14:00+00:00,2025-02-03 02:09:00+00:00,0.06734187841674365,1
15min brk20 c2 None,2025-02-03 13:29:00+00:00,2025-02-03 15:25:00+00:00,0.07976723675775942,1
15min brk20 c2 None,2025-02-04 13:44:00+00:00,2025-02-04 15:39:00+00:00,0.08293291285093056,1
15min brk20 c2 None,2025-02-05 01:14:00+00:00,2025-02-06 06:57:00+00:00,0.0750002375504209,1
15min brk20 c2 None,2025-02-07 09:14:00+00:00,2025-02-07 13:32:00+00:00,-1.0262491765482364,1
15min brk20 c2 None,2025-02-07 14:29:00+00:00,2025-02-07 16:02:00+00:00,0.08365872785260198,1
15min brk20 c2 None,2025-02-10 01:14:00+00:00,2025-02-12 13:18:00+00:00,0.07965694252043856,1
15min brk20 c2 None,2025-02-13 00:14:00+00:00,2025-02-13 13:52:00+00:00,0.07664494428797852,1
15min brk20 c2 None,2025-02-13 18:59:00+00:00,2025-02-14 14:09:00+00:00,-1.017527700697985,1
15min brk20 c2 None,2025-02-18 18:59:00+00:00,2025-02-19 11:52:00+00:00,0.07819765610303303,1
15min brk20 c2 None,2025-02-20 03:14:00+00:00,2025-02-20 12:23:00+00:00,0.07807338265640067,1
15min brk20 c2 None,2025-02-24 08:59:00+00:00,2025-02-24 14:24:00+00:00,0.08476668070229165,1
15min brk20 c2 None,2025-02-24 21:29:00+00:00,2025-02-25 07:43:00+00:00,-1.0255006255663155,1
15min brk20 c2 None,2025-03-12 15:59:00+00:00,2025-04-03 11:01:00+00:00,5.009029440158036,1
15min brk20 c2 None,2025-04-10 22:14:00+00:00,2025-04-23 13:38:00+00:00,3.1921542884825964,1
15min brk20 c2 None,2025-05-06 12:44:00+00:00,2025-05-06 22:28:00+00:00,0.07925990977709112,1
15min brk20 c2 None,2025-05-23 06:14:00+00:00,2025-05-26 00:28:00+00:00,0.08196682388554134,1
15min brk20 c2 None,2025-05-26 22:44:00+00:00,2025-05-27 01:23:00+00:00,-1.0162741245132165,1
15min brk20 c2 None,2025-06-02 12:29:00+00:00,2025-06-03 01:18:00+00:00,0.08296309423047409,1
15min brk20 c2 None,2025-06-04 14:44:00+00:00,2025-06-05 12:49:00+00:00,0.09105483180335032,1
15min brk20 c2 None,2025-06-12 01:29:00+00:00,2025-06-12 11:36:00+00:00,0.09195341751885959,1
15min brk20 c2 None,2025-06-12 13:44:00+00:00,2025-06-13 00:14:00+00:00,0.09357678580550893,1
15min brk20 c2 None,2025-06-13 00:29:00+00:00,2025-06-13 05:30:00+00:00,0.09144203914578397,1
15min brk20 c2 None,2025-06-13 12:44:00+00:00,2025-06-13 13:10:00+00:00,0.09194747096732693,1
15min brk20 c2 None,2025-06-13 13:14:00+00:00,2025-06-15 22:00:00+00:00,0.09210236949973823,1
15min brk20 c2 None,2025-06-15 22:14:00+00:00,2025-06-16 13:42:00+00:00,-1.0074693661321124,1
15min brk20 c2 None,2025-07-21 01:14:00+00:00,2025-07-24 11:30:00+00:00,0.08344821457600461,1
15min brk20 c2 None,2025-08-01 00:14:00+00:00,2025-08-01 02:02:00+00:00,0.07343371747786924,-1
15min brk20 c2 None,2025-08-07 00:14:00+00:00,2025-08-07 01:00:00+00:00,0.07388521267221237,1
15min brk20 c2 None,2025-08-07 01:44:00+00:00,2025-08-07 08:24:00+00:00,0.07674361316331628,1
15min brk20 c2 None,2025-08-07 19:44:00+00:00,2025-08-08 11:24:00+00:00,0.08337503900116475,1
15min brk20 c2 None,2025-08-22 12:14:00+00:00,2025-08-22 13:40:00+00:00,-1.0410998907786884,-1
15min brk20 c2 None,2025-08-27 16:29:00+00:00,2025-08-28 01:43:00+00:00,0.07563016313629865,1
15min brk20 c2 None,2025-08-28 06:14:00+00:00,2025-10-09 16:54:00+00:00,57.88190729320355,1
15min brk20 c2 None,2025-10-13 05:14:00+00:00,2025-10-21 14:38:00+00:00,1.8715694109392933,1
15min brk20 c2 None,2025-11-11 23:44:00+00:00,2025-11-12 04:04:00+00:00,-1.0095402478681479,1
15min brk20 c2 None,2025-11-12 12:29:00+00:00,2025-11-14 11:17:00+00:00,0.09203388574572918,1
15min brk20 c2 None,2025-11-25 13:29:00+00:00,2025-11-26 06:38:00+00:00,0.09127318951388727,1
15min brk20 c2 None,2025-11-26 11:44:00+00:00,2025-11-26 15:00:00+00:00,-1.033857498319468,1
15min brk20 c2 None,2025-11-26 18:14:00+00:00,2025-11-28 13:30:00+00:00,0.09113786676723619,1
15min brk20 c2 None,2025-11-28 14:29:00+00:00,2025-12-02 01:09:00+00:00,0.09054213548999389,1
15min brk20 c2 None,2025-12-05 14:59:00+00:00,2025-12-05 15:51:00+00:00,0.08997248542596462,1
15min brk20 c2 None,2025-12-11 00:14:00+00:00,2025-12-29 14:06:00+00:00,2.350007214303467,1
15min brk20 c2 None,2026-01-06 14:14:00+00:00,2026-01-06 15:19:00+00:00,0.0925981957925348,1
15min brk20 c2 None,2026-01-09 13:44:00+00:00,2026-01-09 17:53:00+00:00,0.09328434638022122,1
15min brk20 c2 None,2026-01-11 23:14:00+00:00,2026-01-16 15:34:00+00:00,0.09296821984644901,1
15min brk20 c2 None,2026-01-19 06:59:00+00:00,2026-01-29 15:16:00+00:00,16.0161624519635,1
15min brk20 c2 None,2026-02-10 14:29:00+00:00,2026-02-10 15:37:00+00:00,-0.9988833436457618,1
15min brk20 c2 None,2026-02-11 05:44:00+00:00,2026-02-11 12:41:00+00:00,0.0911996654201323,1
15min brk20 c2 None,2026-02-20 19:59:00+00:00,2026-03-03 11:31:00+00:00,0.0932800486646671,1
15min brk20 c2 None,2026-03-23 00:14:00+00:00,2026-03-23 01:12:00+00:00,0.09791958520507708,-1
15min brk20 c2 None,2026-03-23 05:59:00+00:00,2026-03-23 09:21:00+00:00,0.09803054505711475,-1
15min brk20 c2 None,2026-03-24 01:44:00+00:00,2026-03-24 23:36:00+00:00,-1.0041242898402067,-1
15min brk20 c2 None,2026-03-26 16:29:00+00:00,2026-03-26 16:33:00+00:00,0.046214968793249774,-1
15min brk20 c2 None,2026-03-26 16:44:00+00:00,2026-03-26 20:01:00+00:00,0.09792369218172156,-1
15min brk20 c2 None,2026-04-27 13:14:00+00:00,2026-04-27 13:40:00+00:00,0.0681567904098951,-1
15min brk20 c2 None,2026-04-27 13:44:00+00:00,2026-04-27 14:32:00+00:00,0.07985449305327304,-1
15min brk20 c2 None,2026-04-27 14:59:00+00:00,2026-04-27 15:03:00+00:00,0.0746161322505605,-1
15min brk20 c2 None,2026-04-27 15:14:00+00:00,2026-04-28 02:01:00+00:00,0.095218008900889,-1
15min brk20 c2 None,2026-04-28 05:14:00+00:00,2026-04-28 05:31:00+00:00,0.08873637274359977,-1
15min brk20 c2 None,2026-04-28 05:44:00+00:00,2026-04-28 08:04:00+00:00,0.09375467428696971,-1
15min brk20 c2 None,2026-04-28 08:14:00+00:00,2026-04-28 09:35:00+00:00,0.09577869448532486,-1
15min brk20 c2 None,2026-04-28 09:59:00+00:00,2026-04-28 11:19:00+00:00,0.09567765293953462,-1
15min brk20 c2 None,2026-04-28 11:44:00+00:00,2026-04-28 11:56:00+00:00,0.09611612078772831,-1
15min brk20 c2 None,2026-04-28 11:59:00+00:00,2026-04-29 12:35:00+00:00,0.08351090694387793,-1
15min brk20 c2 None,2026-04-29 12:59:00+00:00,2026-04-29 14:33:00+00:00,0.09227811501223444,-1
15min brk20 c2 None,2026-05-04 10:14:00+00:00,2026-05-04 10:24:00+00:00,0.09529851636777834,-1
15min brk20 c2 None,2026-05-04 16:14:00+00:00,2026-05-06 01:24:00+00:00,-1.0064197966322577,-1
15min brk20 c2 None,2026-05-15 13:44:00+00:00,2026-05-18 00:59:00+00:00,0.0965813576472835,-1
15min brk20 c2 None,2026-05-19 10:44:00+00:00,2026-05-19 13:10:00+00:00,0.09445555508124716,-1
15min brk20 c2 None,2026-05-19 13:14:00+00:00,2026-05-20 14:30:00+00:00,0.09522590725306793,-1
15min brk20 c2 None,2026-05-22 14:14:00+00:00,2026-05-24 22:46:00+00:00,-1.0082496404100565,-1
15min brk20 c2 None,2026-05-26 17:44:00+00:00,2026-05-26 18:25:00+00:00,0.09320159966502753,-1
15min brk20 c2 None,2026-05-27 03:59:00+00:00,2026-05-27 08:40:00+00:00,0.09172145033980482,-1
15min brk20 c2 None,2026-05-27 10:44:00+00:00,2026-05-27 12:22:00+00:00,0.09293145184726467,-1
15min brk20 c2 None,2026-05-27 13:14:00+00:00,2026-05-28 12:48:00+00:00,0.09568863590322195,-1
15min brk20 c2 None,2026-06-03 05:44:00+00:00,2026-06-03 09:07:00+00:00,0.09277440142822582,-1
15min brk20 c2 None,2026-06-03 13:44:00+00:00,2026-06-04 11:47:00+00:00,-1.014142793950976,-1
15min brk20 c2 None,2026-06-05 01:44:00+00:00,2026-06-05 06:23:00+00:00,0.0937553435566313,-1
15min brk20 c2 None,2026-06-05 12:59:00+00:00,2026-06-14 22:00:00+00:00,1.980469203129823,-1
15min brk20 c2 None,2026-06-18 15:29:00+00:00,2026-07-30 20:52:00+00:00,3.0347458554208413,-1
