tf,t,R,k,r1,volp,adx,er,volp4,adx4,dir,hour,trail_atr,bad,b
15min,2025-01-15 16:29:00+00:00,6.6901893305595115,2.7363057134614683,2.1925144497239466,0.9276041666666667,26.104751354615058,0.061151079136682704,0.36666666666666664,24.9504773011948,1,16,6.174514432826922,False,"(0.0519, 0.103]"
15min,2025-02-13 09:29:00+00:00,0.5893573094756229,5.496269546620752,0.9507971721349653,0.7026041666666667,20.684001305290874,0.18367346938774828,0.8458333333333333,28.300645441781292,1,9,6.174514432826922,False,"(0.167, 0.548]"
15min,2025-02-19 07:14:00+00:00,0.4217128308281997,6.937965744563268,0.6268003039714183,0.34427083333333336,19.880694076381005,0.22580645161292004,0.6208333333333333,20.848497059243737,1,7,6.174514432826922,False,"(0.167, 0.548]"
15min,2025-02-19 13:14:00+00:00,-1.0050624700330633,6.937965744563268,0.6268003039714183,0.7083333333333334,25.15506098168715,0.03981264637001933,0.5541666666666667,21.83946639993469,1,13,6.174514432826922,False,"(-0.001, 0.0519]"
15min,2025-03-06 07:14:00+00:00,-1.0209242459670662,7.221314814329755,0.46366914102874046,0.22708333333333333,11.948036640022202,0.14285714285713283,0.7166666666666667,23.44641967253448,1,7,6.174514432826922,False,"(0.103, 0.167]"
15min,2025-03-07 13:44:00+00:00,-1.0042855094330874,7.3366601455130365,0.37274504721782065,0.7317708333333334,22.040483174176074,0.03398058252427383,0.5125,15.711043249779408,1,13,6.174514432826922,False,"(-0.001, 0.0519]"
15min,2025-03-13 08:14:00+00:00,0.2847348223029223,7.3366601455130365,0.3466009497006992,0.19322916666666667,29.4598879400397,0.07692307692307693,0.2125,12.88619285724366,1,8,6.174514432826923,False,"(0.0519, 0.103]"
15min,2025-03-13 12:44:00+00:00,0.28320818398970754,7.3366601455130365,0.3466009497006992,0.42864583333333334,23.84577754002415,0.3295454545454666,0.19583333333333333,13.317945280760144,1,12,6.174514432826922,False,"(0.167, 0.548]"
15min,2025-03-14 10:59:00+00:00,0.3353743612411325,7.221314814329755,0.4445458301442401,0.7190104166666667,25.65968055847814,0.11496746203905087,0.2875,24.606929906405426,1,10,6.174514432826922,False,"(0.103, 0.167]"
15min,2025-03-28 12:43:00+00:00,0.4676631225523806,5.700705391584069,0.7586476774155549,0.4705729166666667,22.431137217010008,0.07916666666667045,0.20416666666666666,30.7411905305311,1,12,6.174514432826922,False,"(0.0519, 0.103]"
15min,2025-04-11 07:14:00+00:00,1.1219072654325541,5.692592469036842,1.0026123731688175,0.94453125,29.858006360550597,0.06496062992125959,0.9041666666666667,32.34038219350374,1,7,5.645319538166043,False,"(0.0519, 0.103]"
15min,2025-05-21 11:59:00+00:00,0.6121266132139427,5.097910911054619,1.0007149536008824,0.28984375,22.386262341838666,0.1391585760517791,0.20416666666666666,21.02361659681486,1,11,6.622229452497185,False,"(0.103, 0.167]"
15min,2025-06-12 09:59:00+00:00,0.5979163800893083,5.097910911054619,0.9699803145727852,0.48151041666666666,24.330690400447942,0.07001321003963269,0.2708333333333333,11.569482761417559,1,9,6.622229452497186,False,"(0.0519, 0.103]"
15min,2025-07-14 09:14:00+00:00,-1.0286997449674338,4.466256561880019,1.1032437542192521,0.24166666666666667,19.010779891075032,0.1474654377880202,0.05416666666666667,23.392377500919764,1,9,6.622229452497186,False,"(0.103, 0.167]"
15min,2025-07-18 16:29:00+00:00,0.6589013506472506,4.466256561880019,1.1032437542192521,0.18020833333333333,18.78197005005028,0.02453987730061812,0.0375,12.249861178644995,1,16,6.622229452497186,False,"(-0.001, 0.0519]"
15min,2025-08-01 07:29:00+00:00,-1.0302138855336718,4.058488798649364,1.214089751405665,0.2677083333333333,16.392491637023536,0.0935251798561097,0.4166666666666667,41.31680913430668,-1,7,6.929024427482209,False,"(0.0519, 0.103]"
15min,2025-08-07 08:44:00+00:00,0.6689099080761716,4.466256561880019,1.1032437542192521,0.8145833333333333,24.852928048712275,0.16571428571428548,0.4375,22.8138744247315,1,8,6.929024427482209,False,"(0.103, 0.167]"
15min,2025-08-28 13:14:00+00:00,17.59449754069607,4.058488798649364,1.3296088917233595,0.5479166666666667,24.27610679046199,0.17801047120418986,0.1,25.76019333978502,1,13,7.334027639865763,False,"(0.167, 0.548]"
15min,2025-10-14 10:29:00+00:00,0.397572832214519,6.4109543552673305,0.5573956893472884,0.9838541666666667,27.048863687614997,0.16849243609806386,1.0,29.816864182266812,1,10,7.334027639865763,False,"(0.167, 0.548]"
15min,2025-11-11 08:14:00+00:00,-1.0101887349413625,5.137276700565138,1.0423776385068793,0.35520833333333335,28.29038929623752,0.11067193675889968,0.37083333333333335,29.68131164649821,1,8,7.334027639865763,False,"(0.103, 0.167]"
15min,2025-11-12 13:29:00+00:00,0.6368468521435535,5.137276700565138,1.0423776385068793,0.4161458333333333,14.054604833005268,0.0015847860538740458,0.3625,30.254550131134692,1,13,7.334027639865763,False,"(-0.001, 0.0519]"
15min,2025-11-25 10:14:00+00:00,2.3038969015430797,5.226028840321664,0.9664541002740418,0.45,26.713322152181398,0.10924369747898481,0.35,17.813601973456812,1,10,7.334027639865763,False,"(0.103, 0.167]"
15min,2026-01-06 11:44:00+00:00,0.7834142040215781,3.45052623962618,1.3516537714941128,0.3919270833333333,15.70401073611572,0.018970189701892275,0.6875,20.885236559279697,1,11,7.334027639865763,False,"(-0.001, 0.0519]"
15min,2026-01-09 08:14:00+00:00,23.01613178245824,3.3547448435843696,1.4368165201869687,0.14739583333333334,14.83563379442193,0.3333333333333333,0.38333333333333336,13.11225879901871,1,8,7.334027639865763,False,"(0.167, 0.548]"
15min,2026-02-10 10:29:00+00:00,-1.0073148949307604,3.5228241784177543,1.4150209992787837,0.6880208333333333,18.805438860598766,0.2706552706552725,0.8,15.770510794587796,1,10,7.334027639865763,True,"(0.167, 0.548]"
15min,2026-02-11 07:59:00+00:00,0.8204626359435881,3.5228241784177543,1.4150209992787837,0.45546875,13.995114161046926,0.00556173526140158,0.775,11.991958988007571,1,7,7.334027639865762,True,"(-0.001, 0.0519]"
15min,2026-02-11 12:59:00+00:00,-1.0110249975886638,3.623447179165936,1.3757259158875317,0.76640625,26.93682456344136,0.18590998043052706,0.7708333333333334,11.940462898111534,1,12,7.334027639865763,True,"(0.167, 0.548]"
15min,2026-02-11 18:29:00+00:00,-1.0005753151901489,3.623447179165936,1.449349377143547,0.815625,23.6723673748452,0.054122407688415926,0.775,11.238538069356748,1,18,7.334027639865762,True,"(0.0519, 0.103]"
15min,2026-02-23 07:14:00+00:00,0.8415276777546884,3.90396793580668,1.4498445246970921,0.34375,21.177460779860102,0.19714285714285718,0.4708333333333333,21.968585772733988,1,7,6.946494291456531,True,"(0.167, 0.548]"
15min,2026-02-25 12:14:00+00:00,-1.0212423513599584,4.180239436969023,1.6115813891828754,0.22526041666666666,23.311570385420918,0.09610983981693187,0.4791666666666667,19.913990651503592,1,12,6.946494291456532,True,"(0.0519, 0.103]"
15min,2026-03-26 14:14:00+00:00,-0.9968658776861022,4.390651256047828,1.516915930139831,0.7364583333333333,29.09299673407225,0.10335386721423219,0.775,41.33747736972612,-1,14,6.618220341870567,True,"(0.0519, 0.103]"
15min,2026-04-22 19:14:00+00:00,0.8555285771086515,4.516979992588395,1.4744915507519976,0.0875,19.53424878736263,0.10919540229885809,0.1,19.381083096048663,-1,19,6.946494291456532,True,"(0.103, 0.167]"
15min,2026-04-23 18:44:00+00:00,0.8536509343943153,4.516979992588395,1.4744915507519976,0.6677083333333333,26.415296583181274,0.1513994910941489,0.07916666666666666,26.072845492196183,-1,18,6.946494291456532,True,"(0.103, 0.167]"
15min,2026-05-15 19:14:00+00:00,0.5651335406099293,5.546013029665122,0.8928907681183686,0.5265625,14.812692198612016,0.06981317600786104,0.5208333333333334,29.187600881185077,-1,19,6.618220341870567,False,"(0.0519, 0.103]"
15min,2026-05-19 08:14:00+00:00,0.5655759934385788,5.546013029665122,0.8928907681183686,0.48385416666666664,20.24202085894853,0.06490066225165081,0.4,38.28432564283845,-1,8,6.618220341870567,False,"(0.0519, 0.103]"
15min,2026-05-22 16:44:00+00:00,-1.0079660333653713,5.546013029665122,0.8928907681183686,0.49166666666666664,11.577859421454868,0.05914467697907208,0.19583333333333333,24.364424383473963,-1,16,6.618220341870567,False,"(0.0519, 0.103]"
15min,2026-05-28 10:44:00+00:00,-1.0911653779478785,6.239534343638217,0.7789102351227046,0.1765625,18.679389558622336,0.03155603917302052,0.6875,30.45204188817569,-1,10,6.618220341870567,False,"(-0.001, 0.0519]"
15min,2026-06-03 11:44:00+00:00,1.8808272638214483,6.4170588541639715,0.6890676325244295,0.6825520833333333,23.485062764357163,0.0016583747927017,0.175,17.197424436353025,-1,11,6.618220341870567,False,"(-0.001, 0.0519]"
15min,2026-06-19 13:44:00+00:00,0.3629787394845341,6.645238160297678,0.4887390386429736,0.7526041666666666,21.447314413092744,0.12374581939799888,0.8916666666666667,24.01918423841216,-1,13,6.946494291456533,False,"(0.103, 0.167]"
15min,2026-06-23 17:59:00+00:00,0.350606543324799,6.458865617534575,0.4607749118319305,0.6505208333333333,20.22870613913228,0.1621327529923765,0.8083333333333333,24.23773939490183,-1,17,6.946494291456532,False,"(0.103, 0.167]"
15min,2026-07-10 18:29:00+00:00,0.38651818594011195,6.088841949120528,0.5333998381230112,0.3104166666666667,20.88746439322347,0.19413919413919073,0.2,18.41300651265978,-1,18,6.946494291456532,False,"(0.167, 0.548]"
15min,2026-07-15 09:14:00+00:00,-0.9986310624152818,6.088841949120528,0.5333998381230112,0.26197916666666665,24.056351258630976,0.014531043593129876,0.20833333333333334,24.15366184955064,-1,9,6.946494291456532,False,"(-0.001, 0.0519]"
15min,2026-07-16 09:29:00+00:00,0.3864104257978456,6.088841949120528,0.5333998381230112,0.06536458333333334,29.57858491127773,0.015479876160990625,0.11666666666666667,18.458041441886536,-1,9,6.946494291456532,False,"(-0.001, 0.0519]"
15min,2026-07-28 17:44:00+00:00,0.40514479502124645,6.088841949120528,0.5684194915981923,0.3890625,17.831297637720713,0.07010014306151857,0.0375,17.349719763706386,-1,17,6.618220341870567,False,"(0.0519, 0.103]"
1h,2025-01-17 14:59:00+00:00,0.2980582088468231,3.8903569212726348,0.3748805507539833,0.2791666666666667,22.009657129942433,0.15992970123022662,0.22083333333333333,36.92460892646144,1,14,4.7990250396192415,False,"(0.103, 0.167]"
1h,2025-01-21 07:59:00+00:00,0.2978626853522063,3.8903569212726348,0.3748805507539833,0.7791666666666667,22.291495960404554,0.10433763188745744,0.5166666666666667,26.253795510573884,1,7,4.7990250396192415,False,"(0.103, 0.167]"
1h,2025-01-23 16:59:00+00:00,0.2984672055119726,4.170726290056228,0.3691397074054467,0.653125,26.688936758797187,0.12280701754386711,0.31666666666666665,21.14285439574085,1,16,4.7990250396192415,False,"(0.103, 0.167]"
1h,2025-01-27 11:59:00+00:00,-1.0131722576588862,3.4295751891083928,0.5887997166029721,0.7354166666666667,27.621486321505174,0.12140175219023608,0.5458333333333333,17.620396554797612,1,11,4.7990250396192415,False,"(0.103, 0.167]"
1h,2025-01-29 19:59:00+00:00,0.3754578074102246,3.7060423539533636,0.544875828864048,0.28958333333333336,19.09621621905901,0.07726269315673258,0.2916666666666667,12.984494864968925,1,19,4.7990250396192415,False,"(0.0519, 0.103]"
1h,2025-02-04 09:59:00+00:00,0.34774268956418936,4.37346411917547,0.46172389766771693,0.8447916666666667,24.118472475659388,0.0011918951132289504,0.9416666666666667,31.849272229590934,1,9,4.7990250396192415,False,"(-0.001, 0.0519]"
1h,2025-02-07 14:59:00+00:00,0.34645059335234135,4.37346411917547,0.46172389766771693,0.8333333333333334,15.57598916032956,0.4222222222222185,0.7458333333333333,29.665598455735726,1,14,4.7990250396192415,False,"(0.167, 0.548]"
1h,2025-02-11 15:59:00+00:00,0.3476870254327678,4.37346411917547,0.46172389766771693,0.9947916666666666,30.416386976949177,0.01,0.9583333333333334,45.42006968187509,1,15,4.7990250396192415,False,"(-0.001, 0.0519]"
1h,2025-02-19 19:59:00+00:00,0.38777903928148544,4.072052038626392,0.5456864634480385,0.7864583333333334,26.038982815913194,0.06993006993006905,0.6166666666666667,20.75843524466153,1,19,4.7990250396192415,False,"(0.0519, 0.103]"
1h,2025-02-20 16:59:00+00:00,-1.0039790240137754,4.072052038626392,0.5456864634480385,0.8364583333333333,26.895235111943514,0.1652421652421633,0.6541666666666667,20.394743481621646,1,16,4.7990250396192415,False,"(0.103, 0.167]"
1h,2025-03-06 14:59:00+00:00,1.9351112869589975,4.96620378633289,0.38543698396542453,0.8822916666666667,23.026308095958996,0.02372881355932064,0.75,21.559946945968843,1,14,4.8641789778551745,False,"(-0.001, 0.0519]"
1h,2025-04-15 12:59:00+00:00,1.4090292552378283,5.4437092117213135,0.28385588587192256,0.6875,13.26145379952371,0.3390804597701141,0.7958333333333333,35.28086537618187,1,12,4.8641789778551745,False,"(0.167, 0.548]"
1h,2025-05-07 10:59:00+00:00,-1.005594381833503,4.335895050950809,0.35111136483109734,0.79375,25.771414659478104,0.0024752475247539797,0.6666666666666666,32.14611794420027,1,10,4.644906381248294,False,"(-0.001, 0.0519]"
1h,2025-05-22 11:59:00+00:00,0.29480355133984276,4.335895050950809,0.35111136483109734,0.3802083333333333,35.31057442051997,0.04999999999999866,0.1875,22.074689623306497,1,11,4.964128052813926,False,"(-0.001, 0.0519]"
1h,2025-05-26 13:59:00+00:00,-1.0125075709860742,4.335895050950809,0.35111136483109734,0.08645833333333333,21.04157684557197,0.3144560357675145,0.0625,19.257490829223816,1,13,4.964128052813926,False,"(0.167, 0.548]"
1h,2025-06-03 12:59:00+00:00,0.29507925436201016,4.253057419743536,0.35795002955674654,0.03333333333333333,27.893032970731767,0.21678321678321402,0.025,21.65934730547469,1,12,5.032132606931063,False,"(0.167, 0.548]"
1h,2025-06-12 08:59:00+00:00,0.27484401850249196,4.929835104779899,0.3088099290841713,0.4354166666666667,29.435588982443644,0.1658069270449512,0.2708333333333333,11.569482761417559,1,8,5.127613154968991,False,"(0.103, 0.167]"
1h,2025-08-05 12:59:00+00:00,0.2681518032454148,4.929835104779899,0.3088099290841713,0.234375,32.8454456546058,0.10148514851485406,0.4583333333333333,32.478395537469396,1,12,5.383154885007864,False,"(0.0519, 0.103]"
1h,2025-08-06 13:59:00+00:00,0.267587846356662,4.929835104779899,0.3088099290841713,0.171875,18.11121480136552,0.17540687160939938,0.425,26.298769398292826,1,13,5.383154885007864,False,"(0.167, 0.548]"
1h,2025-08-27 07:59:00+00:00,0.27182489575599855,4.929835104779899,0.3088099290841713,0.11041666666666666,15.123947984539006,0.17767988252569877,0.11666666666666667,22.743987283257102,1,7,5.383154885007864,False,"(0.167, 0.548]"
1h,2025-09-04 11:59:00+00:00,3.358528031523194,4.929835104779899,0.3088099290841713,0.9260416666666667,28.508840214794773,0.18223028105167688,0.9,53.60403000940388,1,11,5.383154885007864,False,"(0.167, 0.548]"
1h,2025-10-14 13:59:00+00:00,2.1639835763310704,1.991540637876943,3.0,0.9916666666666667,29.44274240275753,0.06970387243735875,0.9875,29.911197671008118,1,13,5.383154885007864,False,"(0.0519, 0.103]"
1h,2025-11-12 08:59:00+00:00,1.0655062001424074,2.3890534781886164,1.8990436980581358,0.359375,20.37215791337869,0.07852760736196562,0.4041666666666667,30.741251648998357,1,8,5.574887337771939,False,"(0.0519, 0.103]"
1h,2025-11-26 15:59:00+00:00,1.0801249128722712,2.3890534781886164,1.8990436980581358,0.2864583333333333,20.656664538887924,0.22349570200573024,0.25833333333333336,19.631286335540736,1,15,5.766605666103397,False,"(0.167, 0.548]"
1h,2025-12-03 15:59:00+00:00,-1.00493710432959,1.7405431550188952,3.0,0.30625,17.971270024843136,0.1820128479657359,0.19166666666666668,18.56999914112357,1,15,5.766605666103397,False,"(0.167, 0.548]"
1h,2025-12-05 17:59:00+00:00,-1.0055088220139619,1.7405431550188952,3.0,0.20416666666666666,15.496349437674523,0.08595387840670783,0.020833333333333332,12.96305469640532,1,17,5.766605666103397,False,"(0.0519, 0.103]"
1h,2025-12-11 07:59:00+00:00,5.908479377632576,1.7405431550188952,3.0,0.16354166666666667,18.47094037484052,0.17374517374517132,0.05,10.220369571732327,1,7,5.766605666103397,False,"(0.167, 0.548]"
1h,2026-01-07 16:59:00+00:00,-1.0099583109540395,1.2976318387872254,3.0,0.7135416666666666,27.497522626618718,0.10635769459299414,0.6083333333333333,18.066290061042697,1,16,5.776151764386716,False,"(0.103, 0.167]"
1h,2026-01-09 13:59:00+00:00,25.858089848725463,1.2976318387872254,3.0,0.31354166666666666,12.081222752761343,0.1594439901880607,0.30416666666666664,12.96478065096159,1,13,5.776151764386716,False,"(0.103, 0.167]"
1h,2026-02-10 19:59:00+00:00,-1.0009484077494684,1.3837397735423997,3.0,0.753125,10.699287350890716,0.021116846550915207,0.7875,14.116020373021602,1,19,5.930460659161678,True,"(-0.001, 0.0519]"
1h,2026-02-24 17:59:00+00:00,0.9245575425936201,2.5939903638496578,1.6101929340957786,0.5760416666666667,27.637977591364578,0.272390821613622,0.5333333333333333,27.27824914418451,1,17,5.776151764386716,True,"(0.167, 0.548]"
1h,2026-03-11 19:59:00+00:00,-1.0013990738839411,4.562337508283994,1.6918171958199744,0.19791666666666666,23.127835381404758,0.09126723571897266,0.3958333333333333,16.176683813166008,1,19,5.621483519100119,True,"(0.0519, 0.103]"
1h,2026-03-23 15:59:00+00:00,-1.0044423115106094,4.748128310524377,1.551279123975103,0.9666666666666667,37.92028833170248,0.16603170701732725,0.8708333333333333,61.29134675665181,-1,15,5.420204968052723,True,"(0.103, 0.167]"
1h,2026-04-23 13:59:00+00:00,0.32682173044376983,4.9211356144411775,0.4158807892515483,0.16875,33.48374484540586,0.026178010471204143,0.1,25.628049363792996,-1,13,5.621483519100119,True,"(-0.001, 0.0519]"
1h,2026-04-23 17:59:00+00:00,0.332171898487469,4.9211356144411775,0.4158807892515483,0.403125,28.889959519695118,0.12919794547609503,0.07916666666666666,26.072845492196183,-1,17,5.621483519100119,True,"(0.103, 0.167]"
1h,2026-04-27 08:59:00+00:00,0.33063327782472396,4.9211356144411775,0.4158807892515483,0.04479166666666667,15.244997519439437,0.007947019867548512,0.041666666666666664,30.32273012241741,-1,8,5.621483519100119,True,"(-0.001, 0.0519]"
1h,2026-05-05 19:59:00+00:00,-1.00571779255867,4.748128310524377,0.43103421590594626,0.071875,15.46387397853375,0.26596491228070257,0.041666666666666664,19.763349495847326,-1,19,5.621483519100119,False,"(0.167, 0.548]"
1h,2026-05-18 14:59:00+00:00,0.21543259494829042,4.9211356144411775,0.22181405170772986,0.6489583333333333,34.69217800168974,0.06925498426023076,0.44583333333333336,39.89414419777313,-1,14,5.501988569576303,False,"(0.0519, 0.103]"
1h,2026-05-22 13:59:00+00:00,0.20557347373838314,4.774550403390914,0.22862404570431633,0.2760416666666667,12.366773122092516,0.033622559652927334,0.07916666666666666,24.581746309547214,-1,13,5.501988569576303,False,"(-0.001, 0.0519]"
1h,2026-05-22 16:59:00+00:00,0.20938341544732406,4.774550403390914,0.22862404570431633,0.340625,12.886679109527421,0.1741854636591496,0.19583333333333333,24.364424383473963,-1,16,5.501988569576303,False,"(0.167, 0.548]"
1h,2026-06-04 07:59:00+00:00,0.23638734771947195,4.256090753913387,0.256474096244006,0.41875,34.48505775719763,0.004895960832314384,0.07916666666666666,19.96643236592565,-1,7,5.501988569576303,False,"(-0.001, 0.0519]"
1h,2026-06-05 12:59:00+00:00,0.24795755530428618,4.256090753913387,0.256474096244006,0.6447916666666667,23.915828326137174,0.4533001245329957,0.07916666666666666,16.03408316956572,-1,12,5.501988569576303,False,"(0.167, 0.548]"
1h,2026-06-09 13:59:00+00:00,0.26031232927030584,3.8266293741781765,0.28525810129621926,0.42604166666666665,16.09720812104771,0.10424028268551247,0.7291666666666666,32.47220514923322,-1,13,5.501988569576303,False,"(0.103, 0.167]"
1h,2026-06-22 15:59:00+00:00,0.27966796325485266,3.389277564129543,0.3220677589805934,0.7572916666666667,20.606057046134616,0.16312741312741416,0.8333333333333334,21.67213102953755,-1,15,5.765448954891834,False,"(0.103, 0.167]"
1h,2026-07-15 16:59:00+00:00,0.5487018658848134,3.389277564129543,0.8573721063674834,0.42916666666666664,19.627676604657143,0.15287517531556719,0.19166666666666668,22.006837626147707,-1,16,5.869963035835751,False,"(0.103, 0.167]"
1h,2026-07-20 19:59:00+00:00,-0.9988172695497162,3.389277564129543,0.8573721063674834,0.19270833333333334,9.88167187864218,0.09222133119486782,0.0375,20.32301600457361,-1,19,5.869963035835751,False,"(0.0519, 0.103]"
1h,2026-07-29 08:59:00+00:00,0.46933914637178586,3.6374455615834282,0.7000136984482029,0.013541666666666667,21.399641452899484,0.06927465362673145,0.0125,19.260940817021353,-1,8,5.839606687778616,False,"(0.0519, 0.103]"
5min,2025-01-15 11:29:00+00:00,0.44496266389429523,5.560363742616982,0.7121920010986115,0.44921875,37.26264706520388,0.0,0.2125,24.274735375633124,1,11,6.174514432826922,False,"(-0.001, 0.0519]"
5min,2025-01-15 13:34:00+00:00,5.477863035469772,5.560363742616982,0.7121920010986115,0.8463541666666666,19.049184717653407,0.16078431372548949,0.24166666666666667,24.39430036771968,1,13,6.174514432826922,False,"(0.103, 0.167]"
5min,2025-02-13 07:34:00+00:00,0.5752842224548722,7.469289689367875,0.9554842431070809,0.6751736111111111,26.4222580844462,0.03999999999998363,0.8875,29.116665925558408,1,7,6.174514432826922,False,"(-0.001, 0.0519]"
5min,2025-02-18 18:24:00+00:00,-1.0091388077180636,8.0,1.0059604010734153,0.5465277777777777,26.456551738563203,0.020408163265316224,0.6875,18.41804901700302,1,18,6.174514432826922,False,"(-0.001, 0.0519]"
5min,2025-02-20 09:49:00+00:00,-1.0483251724458724,8.0,1.0017109710081498,0.39383680555555556,32.88848206212736,0.10294117647058873,0.4791666666666667,21.126586401926613,1,9,6.174514432826922,False,"(0.0519, 0.103]"
5min,2025-02-24 08:29:00+00:00,0.5175888642765734,8.0,0.834990356839858,0.5657986111111111,21.772963777819903,0.2571428571428438,0.6125,13.8535382546307,1,8,6.174514432826923,False,"(0.167, 0.548]"
5min,2025-03-07 10:09:00+00:00,-1.02654174401633,8.0,0.8678509124035512,0.2674479166666667,30.422487184860888,0.05982905982904986,0.5583333333333333,16.89563921664708,1,10,6.174514432826922,False,"(0.0519, 0.103]"
5min,2025-03-12 13:14:00+00:00,4.058129135725165,8.0,0.8713652114108508,0.8026041666666667,25.17474393390887,0.11538461538461622,0.23333333333333334,13.05247184280286,1,13,6.174514432826922,False,"(0.103, 0.167]"
5min,2025-04-10 16:14:00+00:00,4.396095513963123,3.0295063586809325,3.0,0.9659722222222222,29.907545848430587,0.17259552042161094,0.9625,28.48860435261321,1,16,5.645319538166043,False,"(0.167, 0.548]"
5min,2025-05-06 09:34:00+00:00,1.2999563179231675,5.110904796625279,2.378745613319137,0.6309027777777778,17.50789482953123,0.11598746081503934,0.5875,27.4865548048093,1,9,5.74458529907107,False,"(0.103, 0.167]"
5min,2025-05-21 09:04:00+00:00,-1.0373187340563896,4.556863110926084,2.6679630414865287,0.3284722222222222,21.263741874086172,0.07936507936507421,0.25,20.216732453294718,1,9,6.102406633666117,False,"(0.0519, 0.103]"
5min,2025-05-21 17:09:00+00:00,-1.0341901074020126,4.556863110926084,2.6679630414865287,0.40694444444444444,16.909675956956715,0.10526315789472897,0.20416666666666666,21.031876146259936,1,17,6.622229452497186,False,"(0.103, 0.167]"
5min,2025-05-23 08:09:00+00:00,1.1474626360248237,5.33440737428494,2.1000446023439943,0.25442708333333336,39.414440887235806,0.09025270758122803,0.15,17.707626382389943,1,8,6.622229452497186,False,"(0.0519, 0.103]"
5min,2025-06-02 09:19:00+00:00,1.594183156214128,3.8957837369911816,3.0,0.2941840277777778,40.91878718567028,0.17551020408163356,0.10416666666666667,20.944213349682943,1,9,6.622229452497186,False,"(0.167, 0.548]"
5min,2025-06-04 09:54:00+00:00,-1.0565124027297859,3.8957837369911816,3.0,0.09262152777777778,23.47066434852153,0.3031674208144539,0.016666666666666666,16.75232752738953,1,9,6.622229452497186,False,"(0.167, 0.548]"
5min,2025-06-05 12:04:00+00:00,-1.0181191756436967,3.8957837369911816,3.0,0.36744791666666665,40.35523453272761,0.09090909090909359,0.029166666666666667,18.222010945498194,1,12,6.622229452497186,False,"(0.0519, 0.103]"
5min,2025-06-12 11:44:00+00:00,1.5734869114585637,4.382188901784961,2.9424052631342774,0.715625,38.57208066828679,0.26627218934910385,0.2708333333333333,11.569482761417559,1,11,6.622229452497186,False,"(0.167, 0.548]"
5min,2025-07-14 09:19:00+00:00,-1.0513808065727546,2.901917706864058,3.0,0.27760416666666665,17.333894781306917,0.14678899082570854,0.05416666666666667,23.392377500919764,1,9,6.622229452497186,False,"(0.103, 0.167]"
5min,2025-07-15 07:24:00+00:00,-1.0406076860714975,2.901917706864058,3.0,0.1870659722222222,24.51947297443929,0.12068965517242732,0.025,18.762959987944125,1,7,6.622229452497186,False,"(0.103, 0.167]"
5min,2025-07-18 14:04:00+00:00,0.7473098381684402,6.796035511937125,1.276327492023886,0.5402777777777777,21.891641471554586,0.04417670682730704,0.06666666666666667,12.387889253057491,1,14,6.622229452497186,False,"(-0.001, 0.0519]"
5min,2025-08-05 16:24:00+00:00,-1.0326098511075643,7.2235797076895505,1.527886144801494,0.6555555555555556,36.563590301594225,0.03474903474901997,0.625,31.750692117382467,1,16,6.92902442748221,False,"(-0.001, 0.0519]"
5min,2025-08-06 17:29:00+00:00,0.8650137788426429,7.2235797076895505,1.527886144801494,0.46944444444444444,12.653244081591641,0.04803493449781052,0.5,24.94830502514394,1,17,6.929024427482209,False,"(-0.001, 0.0519]"
5min,2025-08-07 17:19:00+00:00,0.7080444201327694,8.0,1.2083201305147113,0.4991319444444444,11.769157743917297,0.26627218934911817,0.6666666666666666,23.64502767096948,1,17,6.929024427482209,False,"(0.167, 0.548]"
5min,2025-08-22 07:34:00+00:00,-1.0306727044758133,7.464477648977698,2.4822413109726598,0.39505208333333336,29.273630386587108,0.03875968992248035,0.004166666666666667,13.669614620228455,-1,7,7.334027639865763,False,"(-0.001, 0.0519]"
5min,2025-08-28 07:44:00+00:00,0.4562170149321709,8.0,0.7205097341961659,0.2747395833333333,24.92627541908696,0.05376344086021137,0.09166666666666666,24.667635924221802,1,7,7.334027639865763,False,"(0.0519, 0.103]"
5min,2025-08-28 13:19:00+00:00,0.4711753996251396,8.0,0.7205097341961659,0.83984375,27.506148465992347,0.1566265060241076,0.1,25.76019333978502,1,13,7.334027639865763,False,"(0.103, 0.167]"
5min,2025-08-29 17:54:00+00:00,11.868563423967553,8.0,0.7205097341961659,0.7090277777777778,32.606956866785346,0.10112359550560841,0.25833333333333336,31.578769475390633,1,17,7.334027639865764,False,"(0.0519, 0.103]"
5min,2025-10-13 08:44:00+00:00,2.7910245843688983,3.350090601563739,2.5934967108009386,0.8282986111111111,14.247684937511863,0.13983050847457063,0.9875,24.012772038407633,1,8,7.334027639865763,False,"(0.103, 0.167]"
5min,2025-11-10 16:49:00+00:00,1.2944548178055961,5.3694003873539495,2.3629280519045026,0.5358506944444444,16.83556437943605,0.017751479289934036,0.42916666666666664,21.5867816397327,1,16,7.334027639865762,False,"(-0.001, 0.0519]"
5min,2025-11-25 07:04:00+00:00,-1.0083422504542334,8.0,1.404098136511247,0.17239583333333333,13.09380829640837,0.07211538461538713,0.375,17.667982920516643,1,7,7.334027639865763,False,"(0.0519, 0.103]"
5min,2025-11-25 14:24:00+00:00,2.707759040181796,8.0,1.404098136511247,0.5166666666666667,16.14982179095046,0.5476718403547477,0.32916666666666666,17.149399282180845,1,14,7.334027639865763,False,"(0.167, 0.548]"
5min,2026-01-06 07:29:00+00:00,-1.0271277589542018,4.165923638762774,2.676110623927127,0.35746527777777776,16.576595425816656,0.12094395280234184,0.7083333333333334,20.788083894976772,1,7,7.334027639865763,False,"(0.103, 0.167]"
5min,2026-01-06 12:44:00+00:00,1.4296710798285706,4.165923638762774,2.676110623927127,0.26223958333333336,21.245199790931796,0.3038348082595875,0.6791666666666667,20.67322696846924,1,12,7.334027639865764,False,"(0.167, 0.548]"
5min,2026-01-09 07:39:00+00:00,22.015835517959946,6.460532325443767,1.676522311873564,0.17421875,16.022158476780525,0.15471698113206797,0.4791666666666667,13.288613404149919,1,7,7.334027639865763,False,"(0.103, 0.167]"
5min,2026-02-10 09:59:00+00:00,-1.0080504129284442,8.0,3.0,0.5927951388888889,18.343243683978802,0.09641873278236866,0.8,15.770510794587796,1,9,7.334027639865763,True,"(0.0519, 0.103]"
5min,2026-02-20 18:34:00+00:00,1.0745395525102428,8.0,1.9032649492825922,0.6727430555555556,17.805147527794187,0.03693570451436167,0.5166666666666667,16.89067045596237,1,18,6.946494291456532,True,"(-0.001, 0.0519]"
5min,2026-03-23 07:49:00+00:00,-1.0031616140621802,8.0,1.3796565682836543,0.9901041666666667,45.61283202341879,0.17647058823529496,0.8083333333333333,59.79998009685018,-1,7,6.618220341870567,True,"(0.167, 0.548]"
5min,2026-03-26 11:49:00+00:00,0.5048158599346105,8.0,0.7679495205630926,0.7006076388888889,18.20862889433311,0.036420395421436554,0.775,41.800545576894095,-1,11,6.618220341870567,True,"(-0.001, 0.0519]"
5min,2026-03-27 11:59:00+00:00,-1.0050518091992942,8.0,0.7679495205630926,0.33489583333333334,21.29789582987487,0.12037037037036946,0.7458333333333333,37.55033888223083,-1,11,6.6182203418705665,True,"(0.103, 0.167]"
5min,2026-04-22 18:19:00+00:00,0.3987848287311442,8.0,0.590042800159909,0.04782986111111111,15.06676295149076,0.07443365695790174,0.1,19.381083096048663,-1,18,6.946494291456532,True,"(0.0519, 0.103]"
5min,2026-04-23 11:34:00+00:00,-0.9985411088620666,8.0,0.590042800159909,0.2559895833333333,25.409967175242677,0.008733624454160352,0.09583333333333334,24.193745982344776,-1,11,6.946494291456532,True,"(-0.001, 0.0519]"
5min,2026-04-23 18:24:00+00:00,0.41902808673544484,8.0,0.590042800159909,0.8386284722222223,20.922658361933347,0.17165354330708926,0.07916666666666666,26.072845492196183,-1,18,6.946494291456532,True,"(0.167, 0.548]"
5min,2026-04-27 13:34:00+00:00,0.4229001854601696,8.0,0.6200533803103534,0.25225694444444446,23.463477707958543,0.18502202643170412,0.0125,30.059092474950198,-1,13,6.946494291456532,True,"(0.167, 0.548]"
5min,2026-04-27 18:59:00+00:00,0.4174827912837318,8.0,0.6200533803103534,0.010850694444444444,14.997912683672547,0.2774566473988325,0.029166666666666667,30.512252193479966,-1,18,6.946494291456532,True,"(0.167, 0.548]"
5min,2026-04-28 08:39:00+00:00,0.4316626465471205,8.0,0.6200533803103534,0.5493923611111111,22.896916855976983,0.008982035928149256,0.0375,32.254474709578155,-1,8,6.946494291456532,True,"(-0.001, 0.0519]"
5min,2026-05-04 09:19:00+00:00,0.526083106328052,8.0,0.8301115109095074,0.18680555555555556,30.597567654996844,0.06728538283061744,0.09583333333333334,25.13824665801734,-1,9,6.946494291456532,False,"(0.0519, 0.103]"
5min,2026-05-04 13:04:00+00:00,0.5402397530444775,8.0,0.8301115109095074,0.5680555555555555,14.625957870309483,0.01818181818181758,0.20416666666666666,24.862182527333804,-1,13,6.946494291456533,False,"(-0.001, 0.0519]"
5min,2026-05-15 10:24:00+00:00,0.8170802606969454,6.355043517642405,1.3878355539359133,0.7019097222222223,32.69497518188296,0.09793103448276118,0.38333333333333336,24.02105227601067,-1,10,6.618220341870567,False,"(0.0519, 0.103]"
5min,2026-05-19 07:34:00+00:00,1.2092999552184645,4.306001170341213,2.199777888828446,0.4705729166666667,15.37708958355351,0.07775768535263021,0.5083333333333333,38.52105411213496,-1,7,6.6182203418705665,False,"(0.0519, 0.103]"
5min,2026-05-21 14:04:00+00:00,-0.9981859107667828,3.7058036901478273,2.8344007338395425,0.8464409722222223,20.126077675925853,0.013333333333335074,0.5541666666666667,32.746358055928724,-1,14,6.618220341870567,False,"(-0.001, 0.0519]"
5min,2026-05-26 16:39:00+00:00,-1.025699318938267,3.7058036901478273,2.5821568045702206,0.32795138888888886,25.27654634198956,0.1919770773639097,0.025,18.00499581273846,-1,16,6.618220341870567,False,"(0.167, 0.548]"
5min,2026-05-27 08:34:00+00:00,1.4047635406422108,3.7058036901478273,2.5821568045702206,0.24470486111111112,23.901124337015478,0.005181347150254428,0.04583333333333333,18.986849494641703,-1,8,6.618220341870567,False,"(-0.001, 0.0519]"
5min,2026-06-03 07:19:00+00:00,-1.0015452015398036,4.715871639980186,2.1135539738700246,0.6256944444444444,31.164889195578255,0.04347826086956966,0.14166666666666666,16.619681286134217,-1,7,6.618220341870567,False,"(-0.001, 0.0519]"
5min,2026-06-05 17:44:00+00:00,0.9036598730271811,6.194068104312835,1.56601019274882,0.8855902777777778,25.29512144854059,0.14042553191487386,0.975,18.551612929228682,-1,17,6.6182203418705665,False,"(0.103, 0.167]"
5min,2026-06-09 18:44:00+00:00,0.6824252399392357,6.606537240080225,1.3938223993835983,0.8986111111111111,20.090982591185536,0.0392857142857104,0.9958333333333333,33.57364180668577,-1,18,6.618220341870567,False,"(-0.001, 0.0519]"
5min,2026-06-18 15:04:00+00:00,1.7884021202315394,7.224320259096477,0.8011570491005559,0.9361979166666666,15.938200184593049,0.06400839454353963,0.9125,20.62998046990039,-1,15,6.946494291456532,False,"(0.0519, 0.103]"
