tf,t_in,t_out,R,risk,usd,sl_usd,tp1_usd,trail_usd
5min,2025-01-15 11:29:00+00:00,2025-01-15 13:33:00+00:00,0.44496266389429523,9.409593230927412,4.186917670195189,9.409593230927412,6.701437032658142,72.57581301876127
1h,2025-01-17 14:59:00+00:00,2025-01-17 18:07:00+00:00,0.2980582088468231,23.640552578921824,7.0462607578225835,23.640552578921824,8.862383370914714,57.265597598921566
1h,2025-01-21 07:59:00+00:00,2025-01-21 15:33:00+00:00,0.2978626853522063,30.183315572193543,8.990483429166634,30.183315572193543,11.315137965285196,64.29941226473973
1h,2025-01-23 16:59:00+00:00,2025-01-26 23:04:00+00:00,0.2984672055119726,30.62332464818208,9.140058131228816,30.62332464818208,11.304285100411938,59.196457348025504
1h,2025-01-27 11:59:00+00:00,2025-01-27 14:31:00+00:00,-1.0131722576588862,25.81182427530509,-26.1518242753053,25.81182427530509,15.197994818305354,63.62931508001573
1h,2025-01-29 19:59:00+00:00,2025-02-03 02:29:00+00:00,0.3754578074102246,22.2928850853126,8.370037754979567,22.2928850853126,12.146854238630675,58.70396429199149
1h,2025-02-04 09:59:00+00:00,2025-02-06 15:08:00+00:00,0.34774268956418936,35.717543973905066,12.420514806112951,35.717543973905066,16.49164361874952,81.47809104863117
1h,2025-02-07 14:59:00+00:00,2025-02-11 13:15:00+00:00,0.34645059335234135,36.12657078651747,12.516071884774338,36.12657078651747,16.680501072919522,70.53876567174179
5min,2025-01-15 13:34:00+00:00,2025-02-12 13:30:00+00:00,5.477863035469772,15.093679719640695,82.68111020543952,15.093679719640695,10.749597963472436,74.00737755259287
15min,2025-01-15 16:29:00+00:00,2025-02-12 13:30:00+00:00,6.6901893305595115,14.063192856029874,94.08542279901181,14.063192856029874,30.833753546100077,77.98290794807663
5min,2025-02-13 07:34:00+00:00,2025-02-14 13:05:00+00:00,0.5752842224548722,16.0245326278982,9.218660793043146,16.0245326278982,15.311188429112034,106.28293225665033
1h,2025-02-11 15:59:00+00:00,2025-02-14 13:42:00+00:00,0.3476870254327678,47.70686902684146,16.58705938465315,47.70686902684146,22.02740151259652,85.25995618360771
15min,2025-02-13 09:29:00+00:00,2025-02-14 13:42:00+00:00,0.5893573094756229,21.736616957603893,12.81063408723563,21.736616957603893,20.667113935070713,103.454491086499
15min,2025-02-19 07:14:00+00:00,2025-02-19 11:52:00+00:00,0.4217128308281997,20.374750194529707,8.592293581952536,20.374750194529707,12.770899615272935,88.34720920419606
5min,2025-02-18 18:24:00+00:00,2025-02-19 18:26:00+00:00,-1.0091388077180636,15.319285000786525,-15.45928500078693,15.319285000786525,15.410594083549169,91.24694307542032
5min,2025-02-20 09:49:00+00:00,2025-02-20 12:24:00+00:00,-1.0483251724458724,13.243615441147453,-13.883615441147722,13.243615441147453,13.266274883210341,84.64093392079536
1h,2025-02-19 19:59:00+00:00,2025-02-20 12:24:00+00:00,0.38777903928148544,33.78313778688341,13.100392714911695,33.78313778688341,18.435000983102203,68.71749221679869
5min,2025-02-24 08:29:00+00:00,2025-02-24 14:26:00+00:00,0.5175888642765734,15.658679873512844,8.10475833180195,15.658679873512844,13.074846695225592,89.48391956756622
15min,2025-02-19 13:14:00+00:00,2025-02-25 15:21:00+00:00,-1.0050624700330633,27.654484685534808,-27.794484685535135,27.654484685534808,17.33383940706615,86.14121056434851
1h,2025-02-20 16:59:00+00:00,2025-02-25 15:24:00+00:00,-1.0039790240137754,35.18450743577289,-35.324507435772695,35.18450743577289,19.199709430788126,69.66105321365087
15min,2025-03-06 07:14:00+00:00,2025-03-06 08:50:00+00:00,-1.0209242459670662,21.028236845063994,-21.46823684506384,21.028236845063994,9.750144515299732,102.35411386451932
5min,2025-03-07 10:09:00+00:00,2025-03-07 14:01:00+00:00,-1.02654174401633,12.810009763897982,-13.150009763898051,12.810009763897982,11.117178661497263,97.32545527434664
15min,2025-03-07 13:44:00+00:00,2025-03-10 17:10:00+00:00,-1.0042855094330874,32.66822817343586,-32.80822817343537,32.66822817343586,12.176920253029888,93.90193100208012
15min,2025-03-13 08:14:00+00:00,2025-03-13 12:10:00+00:00,0.2847348223029223,21.377519362689863,6.086924177012779,21.377519362689863,7.409468513353393,85.7757280762503
15min,2025-03-13 12:44:00+00:00,2025-03-13 14:11:00+00:00,0.28320818398970754,25.841007412388564,7.318384781727136,25.841007412388564,8.956517710356684,85.64699009126424
15min,2025-03-14 10:59:00+00:00,2025-03-21 13:57:00+00:00,0.3353743612411325,32.77709253913094,10.99259647365253,32.77709253913094,14.570919812522542,90.10112021308856
15min,2025-03-28 12:43:00+00:00,2025-04-03 10:35:00+00:00,0.4676631225523806,21.54895165308274,10.077650017810956,21.54895165308274,16.348062122351305,86.12306501569641
5min,2025-03-12 13:14:00+00:00,2025-04-03 10:58:00+00:00,4.058129135725165,22.6256175560766,91.81767781808927,22.6256175560766,19.715176025051743,85.19982038887294
1h,2025-03-06 14:59:00+00:00,2025-04-03 10:58:00+00:00,1.9351112869589975,47.79231253231341,92.48344341115163,47.79231253231341,18.42092479918784,81.57403797688421
1h,2025-04-15 12:59:00+00:00,2025-04-22 19:32:00+00:00,1.4090292552378283,56.08525374011585,79.02576330726006,56.08525374011585,15.920129384752144,128.8886027702323
15min,2025-04-11 07:14:00+00:00,2025-04-23 06:55:00+00:00,1.1219072654325541,60.272790199655866,67.62048123288596,60.272790199655866,60.43024521958321,204.8092827538115
5min,2025-04-10 16:14:00+00:00,2025-04-23 13:38:00+00:00,4.396095513963123,20.529497534227165,90.24963201413303,20.529497534227165,61.5884926026815,214.10922857441577
5min,2025-05-06 09:34:00+00:00,2025-05-06 22:59:00+00:00,1.2999563179231675,20.115855205977276,26.1497330654378,20.115855205977276,47.85050232938137,166.25060196175926
1h,2025-05-07 10:59:00+00:00,2025-05-08 16:14:00+00:00,-1.005594381833503,78.6503340485535,-79.09033404855367,78.6503340485535,27.615026132209348,144.17726874702205
5min,2025-05-21 09:04:00+00:00,2025-05-21 12:28:00+00:00,-1.0373187340563896,14.469944215792433,-15.009944215792384,14.469944215792433,38.605276380105984,165.09637873323837
15min,2025-05-21 11:59:00+00:00,2025-05-22 08:25:00+00:00,0.6121266132139427,29.476533973026726,18.04337091019457,29.476533973026726,29.497608327132273,173.36333677803714
5min,2025-05-21 17:09:00+00:00,2025-05-22 10:31:00+00:00,-1.0341901074020126,15.794042225447653,-16.33404222544763,15.794042225447653,42.13792093317198,173.46787397574354
5min,2025-05-23 08:09:00+00:00,2025-05-26 00:15:00+00:00,1.1474626360248237,15.965360887018452,18.31965508850581,15.965360887018452,33.52796995525703,170.18774508517453
1h,2025-05-22 11:59:00+00:00,2025-05-26 09:25:00+00:00,0.29480355133984276,59.10852786997575,17.425403930538923,59.10852786997575,20.75367589358414,129.34134340687913
1h,2025-05-26 13:59:00+00:00,2025-05-27 07:51:00+00:00,-1.0125075709860742,43.17385051031029,-43.71385051031015,43.17385051031029,15.158829577688813,112.1321182649029
5min,2025-06-02 09:19:00+00:00,2025-06-03 06:42:00+00:00,1.594183156214128,12.655416716587546,20.17505216445457,12.655416716587546,37.96625014976264,154.10611500304475
5min,2025-06-04 09:54:00+00:00,2025-06-04 10:46:00+00:00,-1.0565124027297859,9.555424542511243,-10.095424542511719,9.555424542511243,28.66627362753373,137.32084217968392
1h,2025-06-03 12:59:00+00:00,2025-06-04 15:39:00+00:00,0.29507925436201016,43.84110876935661,12.936601686065533,43.84110876935661,15.692926179791739,107.98214750113112
5min,2025-06-05 12:04:00+00:00,2025-06-05 12:49:00+00:00,-1.0181191756436967,13.245635713210513,-13.485635713210597,13.245635713210513,39.73690713963154,138.1191761190199
5min,2025-06-12 11:44:00+00:00,2025-06-16 13:56:00+00:00,1.5734869114585637,19.369845987571946,30.478199138412634,19.369845987571946,56.993936779932056,151.20552471783063
1h,2025-06-12 08:59:00+00:00,2025-06-17 03:23:00+00:00,0.27484401850249196,63.583299929947465,17.475489662395976,63.583299929947465,19.635154342304673,117.07891476861609
15min,2025-06-12 09:59:00+00:00,2025-06-17 03:23:00+00:00,0.5979163800893083,32.30140772303082,19.313540777543412,32.30140772303082,31.331729624329228,151.20552471783063
5min,2025-07-14 09:19:00+00:00,2025-07-14 12:07:00+00:00,-1.0513808065727546,6.617256961868863,-6.95725696186886,6.617256961868863,19.85177088560659,104.02519144930729
15min,2025-07-14 09:14:00+00:00,2025-07-14 12:49:00+00:00,-1.0286997449674338,18.815498207818777,-19.355498207818382,18.815498207818777,20.758080880299598,104.02519144930729
5min,2025-07-15 07:24:00+00:00,2025-07-15 11:45:00+00:00,-1.0406076860714975,5.910211174738435,-6.15021117473847,5.910211174738435,17.730633524215303,99.68249563568119
5min,2025-07-18 14:04:00+00:00,2025-07-24 09:29:00+00:00,0.7473098381684402,18.292020040882147,13.669806536525503,18.292020040882147,23.346608062829773,101.35452546419938
15min,2025-07-18 16:29:00+00:00,2025-07-24 12:01:00+00:00,0.6589013506472506,16.365202276334173,10.783053883492048,16.365202276334173,18.054807197900363,99.08158859184375
15min,2025-08-01 07:29:00+00:00,2025-08-01 12:30:00+00:00,-1.0302138855336718,14.562840635289543,-15.002840635289285,14.562840635289543,17.680595566658997,112.78597513732714
1h,2025-08-05 12:59:00+00:00,2025-08-05 13:47:00+00:00,0.2681518032454148,39.10012381412122,10.484768707875592,39.10012381412122,12.074506462221091,90.1832399029107
5min,2025-08-05 16:24:00+00:00,2025-08-06 09:25:00+00:00,-1.0326098511075643,19.625971240676712,-20.265971240676517,19.625971240676712,29.986249536902534,128.23009964182498
1h,2025-08-06 13:59:00+00:00,2025-08-07 14:08:00+00:00,0.267587846356662,37.23412029022069,9.963398059445044,37.23412029022069,11.498266046334555,89.13545152616085
5min,2025-08-06 17:29:00+00:00,2025-08-07 14:08:00+00:00,0.8650137788426429,16.298015612245063,14.098008072384491,16.298015612245063,24.90151224170767,118.31647375076692
5min,2025-08-07 17:19:00+00:00,2025-08-08 18:00:00+00:00,0.7080444201327694,18.46971748668661,13.07738040787709,18.46971748668661,22.31733144408301,126.68222213786703
15min,2025-08-07 08:44:00+00:00,2025-08-08 18:00:00+00:00,0.6689099080761716,24.637028387379384,16.479952393871972,24.637028387379384,27.18064769089872,116.20408543167014
5min,2025-08-22 07:34:00+00:00,2025-08-22 14:00:00+00:00,-1.0306727044758133,14.345001770127727,-14.785001770127872,14.345001770127727,35.607755999786974,80.21832674499326
1h,2025-08-27 07:59:00+00:00,2025-08-27 15:18:00+00:00,0.27182489575599855,31.661981806882277,8.606514904084097,31.661981806882277,9.777534356447639,71.61480412747342
5min,2025-08-28 07:44:00+00:00,2025-08-28 13:07:00+00:00,0.4562170149321709,13.430745420551911,6.127334584078117,13.430745420551911,9.676982813018231,93.69075681851152
5min,2025-08-28 13:19:00+00:00,2025-08-29 10:20:00+00:00,0.4711753996251396,24.148640611127696,11.378245390351967,24.148640611127696,17.399330627922353,94.352328186448
15min,2025-08-28 13:14:00+00:00,2025-10-09 16:54:00+00:00,17.59449754069607,15.646109732940019,275.285439217674,15.646109732940019,20.80320662179645,94.352328186448
5min,2025-08-29 17:54:00+00:00,2025-10-09 17:05:00+00:00,11.868563423967553,19.989361367213572,237.24500319138104,19.989361367213572,14.402529445442159,106.7325230626799
1h,2025-09-04 11:59:00+00:00,2025-10-09 17:06:00+00:00,3.358528031523194,57.71393524407033,193.8338693267246,57.71393524407033,17.822636249889815,107.97489759644044
1h,2025-10-14 13:59:00+00:00,2025-10-21 13:47:00+00:00,2.1639835763310704,44.74655829972245,96.83081725794013,44.74655829972245,134.23967489916737,197.49804038328796
15min,2025-10-14 10:29:00+00:00,2025-10-21 14:02:00+00:00,0.397572832214519,79.9998372688724,31.80576187968623,79.9998372688724,44.59156444215403,275.60949839457527
5min,2025-10-13 08:44:00+00:00,2025-10-21 14:30:00+00:00,2.7910245843688983,14.196065930034376,39.62156901204767,14.196065930034376,36.81745029585742,261.89431227176226
15min,2025-11-11 08:14:00+00:00,2025-11-11 15:27:00+00:00,-1.0101887349413625,33.37018795334634,-33.710187953346434,33.37018795334634,34.784337715339866,201.08887954309068
1h,2025-11-12 08:59:00+00:00,2025-11-14 11:17:00+00:00,1.0655062001424074,32.16629259256407,34.273384192971804,32.16629259256407,61.08519523780289,155.46449320453425
15min,2025-11-12 13:29:00+00:00,2025-11-14 11:54:00+00:00,0.6368468521435535,36.39490441367078,23.17798030991176,36.39490441367078,37.937234516405745,201.54192243826108
5min,2025-11-10 16:49:00+00:00,2025-11-14 13:11:00+00:00,1.2944548178055961,24.14813670131357,31.258671894043488,24.14813670131357,57.0603096127585,204.25111881673797
5min,2025-11-25 07:04:00+00:00,2025-11-25 08:52:00+00:00,-1.0083422504542334,28.76921537141016,-29.009215371410246,28.76921537141016,40.39480169188773,254.13660757417352
1h,2025-11-26 15:59:00+00:00,2025-12-02 15:54:00+00:00,1.0801249128722712,37.479494411676995,40.48253563590939,37.479494411676995,71.17519766890031,183.72376670340984
1h,2025-12-03 15:59:00+00:00,2025-12-04 03:02:00+00:00,-1.00493710432959,28.35670276617696,-28.49670276617675,28.35670276617696,85.07010829853087,174.3472814395702
1h,2025-12-05 17:59:00+00:00,2025-12-05 21:20:00+00:00,-1.0055088220139619,25.41378168419695,-25.553781684196878,25.41378168419695,76.24134505259086,148.1050749727886
1h,2025-12-11 07:59:00+00:00,2025-12-29 13:43:00+00:00,5.908479377632576,22.919428861069942,135.41897277274862,22.919428861069942,68.75828658320982,137.34034103771364
15min,2025-11-25 10:14:00+00:00,2025-12-29 15:21:00+00:00,2.3038969015430797,45.483409869337144,104.78908706957978,45.483409869337144,43.957627962665704,248.39945382350524
5min,2025-11-25 14:24:00+00:00,2025-12-29 15:21:00+00:00,2.707759040181796,41.41034708403384,112.1292416738585,41.41034708403384,58.144191172975866,246.00570782525975
5min,2026-01-06 07:29:00+00:00,2026-01-06 09:47:00+00:00,-1.0271277589542018,16.21954842430106,-16.6595484243015,16.21954842430106,43.40530585357256,275.80932134391514
15min,2026-01-06 11:44:00+00:00,2026-01-07 01:34:00+00:00,0.7834142040215781,25.268939439484935,19.796046077453553,25.268939439484935,34.154857295036145,269.2051334619672
5min,2026-01-06 12:44:00+00:00,2026-01-07 01:35:00+00:00,1.4296710798285706,14.67758785100877,20.984122872230415,14.67758785100877,39.2788487817083,267.5254757815055
1h,2026-01-07 16:59:00+00:00,2026-01-08 02:05:00+00:00,-1.0099583109540395,24.100472570925348,-24.34047257092592,24.100472570925348,72.30141771277604,197.27267039707382
1h,2026-01-09 13:59:00+00:00,2026-01-29 15:08:00+00:00,25.858089848725463,19.006554169706263,491.47318543493213,19.006554169706263,57.01966250911879,167.19329163925468
15min,2026-01-09 08:14:00+00:00,2026-01-29 15:14:00+00:00,23.01613178245824,19.752600965404373,454.6284668660589,19.752600965404373,28.38086338375407,220.94392965163698
5min,2026-01-09 07:39:00+00:00,2026-01-29 15:14:00+00:00,22.015835517959946,20.713538630937887,456.02585949363777,20.713538630937887,34.72670967262236,226.994990685348
15min,2026-02-10 10:29:00+00:00,2026-02-10 15:38:00+00:00,-1.0073148949307604,46.480503577758874,-46.82050357775901,46.480503577758874,65.77088861958144,645.5571019826771
15min,2026-02-11 07:59:00+00:00,2026-02-11 12:41:00+00:00,0.8204626359435881,36.520997507087756,29.964113881954432,36.520997507087756,51.67797838713729,519.727395501259
15min,2026-02-11 12:59:00+00:00,2026-02-11 13:30:00+00:00,-1.0110249975886638,58.04989931772173,-58.68989931772179,58.04989931772173,79.86075090605173,520.8457256590406
15min,2026-02-11 18:29:00+00:00,2026-02-12 16:12:00+00:00,-1.0005753151901489,69.52710563645005,-69.56710563644978,69.52710563645005,100.76906724878248,540.3240160143572
5min,2026-02-10 09:59:00+00:00,2026-02-12 16:13:00+00:00,-1.0080504129284442,54.655581510063826,-55.09558151006408,54.655581510063826,163.96674453019148,645.5571019826771
1h,2026-02-10 19:59:00+00:00,2026-02-12 16:13:00+00:00,-1.0009484077494684,42.17595229702613,-42.21595229702584,42.17595229702613,126.52785689107839,478.8104156242446
15min,2026-02-23 07:14:00+00:00,2026-02-24 01:15:00+00:00,0.8415276777546884,40.502301954150894,34.08380810719578,40.502301954150894,58.72204072585401,345.97533282518987
15min,2026-02-25 12:14:00+00:00,2026-02-26 14:30:00+00:00,-1.0212423513599584,39.543644946166836,-40.383644946166754,39.543644946166836,63.72780225569794,345.0443818555804
1h,2026-02-24 17:59:00+00:00,2026-03-03 11:08:00+00:00,0.9245575425936201,70.41078159132698,65.09881920017338,70.41078159132698,113.37494300251582,292.6989284064621
5min,2026-02-20 18:34:00+00:00,2026-03-03 11:31:00+00:00,1.0745395525102428,66.89212079275494,71.87822954310799,66.89212079275494,127.31342888802776,344.97085784619316
1h,2026-03-11 19:59:00+00:00,2026-03-12 19:03:00+00:00,-1.0013990738839411,100.06619493568482,-100.20619493568469,100.06619493568482,169.2937093124652,296.1351564088423
5min,2026-03-23 07:49:00+00:00,2026-03-23 12:52:00+00:00,-1.0031616140621802,265.6870773850005,-266.5270773850005,265.6870773850005,366.5569214223035,543.3957280302872
5min,2026-03-26 11:49:00+00:00,2026-03-26 20:13:00+00:00,0.5048158599346105,81.75237962851709,41.26989782387059,81.75237962851709,62.78170074061164,595.3895568156264
5min,2026-03-27 11:59:00+00:00,2026-03-27 14:16:00+00:00,-1.0050518091992942,47.50773248389748,-47.74773248389724,47.50773248389748,36.48354038404873,513.2171521415786
15min,2026-03-26 14:14:00+00:00,2026-03-27 15:13:00+00:00,-0.9968658776861022,82.95783443020261,-82.69783443020228,82.95783443020261,125.84006057707688,574.9382234691784
1h,2026-03-23 15:59:00+00:00,2026-04-01 15:36:00+00:00,-1.0044423115106094,414.1987781823891,-416.0387781823891,414.1987781823891,642.5379177703345,615.0062523905635
5min,2026-04-22 18:19:00+00:00,2026-04-23 00:20:00+00:00,0.3987848287311442,30.13669153499056,12.018055372304534,30.13669153499056,17.781937860861255,279.18545204010337
15min,2026-04-22 19:14:00+00:00,2026-04-23 12:01:00+00:00,0.8555285771086515,35.72918208577527,30.56733631109924,35.72918208577527,52.68237710075527,279.18545204010337
5min,2026-04-23 11:34:00+00:00,2026-04-23 12:06:00+00:00,-0.9985411088620666,41.12712623971144,-41.067126239711655,41.12712623971144,24.266764729009402,273.14982722997433
1h,2026-04-23 13:59:00+00:00,2026-04-23 17:53:00+00:00,0.32682173044376983,96.42627580953895,31.514202320321743,96.42627580953895,40.10183568825854,222.16327158698041
1h,2026-04-23 17:59:00+00:00,2026-04-24 05:33:00+00:00,0.332171898487469,117.11184417704801,38.90126361565868,117.11184417704801,48.70456618705507,217.6980473266562
5min,2026-04-23 18:24:00+00:00,2026-04-24 07:49:00+00:00,0.41902808673544484,90.60585010513716,37.96639601659413,90.60585010513716,53.461329506904114,269.01052682583133
5min,2026-04-27 13:34:00+00:00,2026-04-27 17:33:00+00:00,0.4229001854601696,40.40735663935448,17.088278616738226,40.40735663935448,25.054718073637748,250.17987315023979
1h,2026-04-27 08:59:00+00:00,2026-04-27 22:00:00+00:00,0.33063327782472396,82.3538712533593,27.228930394053492,82.3538712533593,34.24939297476746,210.89808005945852
5min,2026-04-27 18:59:00+00:00,2026-04-28 02:05:00+00:00,0.4174827912837318,25.079943929468893,10.470444996914157,25.079943929468893,15.550904011461315,255.53102027094886
5min,2026-04-28 08:39:00+00:00,2026-04-30 08:04:00+00:00,0.4316626465471205,56.47964834480743,24.38015448057027,56.47964834480743,35.0203968749379,247.61969579976838
5min,2026-05-04 09:19:00+00:00,2026-05-04 12:18:00+00:00,0.526083106328052,35.06851102869701,18.448951216276473,35.06851102869701,29.110774675378398,254.11191285839513
5min,2026-05-04 13:04:00+00:00,2026-05-05 07:03:00+00:00,0.5402397530444775,54.34853801668123,29.361240756460266,54.34853801668123,45.115347008750064,265.8806052095691
1h,2026-05-05 19:59:00+00:00,2026-05-06 02:08:00+00:00,-1.00571779255867,76.95277425439556,-77.39277425439636,76.95277425439556,33.169278712530684,197.21933146093343
15min,2026-04-23 18:44:00+00:00,2026-05-06 08:50:00+00:00,0.8536509343943153,68.64583082544584,58.599577626415936,68.64583082544584,101.21769754647092,269.01052682583133
15min,2026-05-15 19:14:00+00:00,2026-05-18 02:03:00+00:00,0.5651335406099293,61.78860472942469,34.918812960087195,61.78860472942469,55.170474737818274,264.84564979764696
5min,2026-05-15 10:24:00+00:00,2026-05-18 03:44:00+00:00,0.8170802606969454,48.97915812772856,40.01990329172136,48.97915812772856,67.97501705151086,254.67460626132478
1h,2026-05-18 14:59:00+00:00,2026-05-19 13:07:00+00:00,0.21543259494829042,124.4671529915043,26.814281754785643,124.4671529915043,27.60856350957146,212.68204748498513
15min,2026-05-19 08:14:00+00:00,2026-05-20 14:55:00+00:00,0.5655759934385788,57.9276490486731,32.76248765826463,57.9276490486731,51.72306305436101,254.30130099547992
5min,2026-05-19 07:34:00+00:00,2026-05-20 15:15:00+00:00,1.2092999552184645,25.017657983013006,30.25385267852849,25.017657983013006,55.03329086130447,259.2010360069881
5min,2026-05-21 14:04:00+00:00,2026-05-21 17:17:00+00:00,-0.9981859107667828,33.07444799338714,-33.01444799338773,33.07444799338714,93.74623966379428,258.7797305785522
1h,2026-05-22 13:59:00+00:00,2026-05-22 14:15:00+00:00,0.20557347373838314,87.76980775799764,18.043144270161665,87.76980775799764,20.06628854032351,193.56588647818612
15min,2026-05-22 16:44:00+00:00,2026-05-24 23:06:00+00:00,-1.0079660333653713,55.234516329449264,-55.6745163294498,55.234516329449264,49.31838971204853,239.55783457217913
1h,2026-05-22 16:59:00+00:00,2026-05-26 17:37:00+00:00,0.20938341544732406,90.56352037108658,18.962499210231417,90.56352037108658,20.70499842046308,199.15391139667764
5min,2026-05-26 16:39:00+00:00,2026-05-26 23:44:00+00:00,-1.025699318938267,17.121076284425335,-17.561076284425184,17.121076284425335,44.20930362939471,205.26087419728478
15min,2026-05-28 10:44:00+00:00,2026-05-28 14:09:00+00:00,-1.0911653779478785,45.41197648922631,-49.5519764892268,45.41197648922631,35.371853284610005,253.0303564157083
5min,2026-05-27 08:34:00+00:00,2026-05-28 16:15:00+00:00,1.4047635406422108,15.48135513080027,21.747643247482443,15.48135513080027,39.97528649496402,210.0202842943923
5min,2026-06-03 07:19:00+00:00,2026-06-04 11:27:00+00:00,-1.0015452015398036,25.886590823092483,-25.926590823092592,25.886590823092483,54.71270690409443,230.5674385812813
1h,2026-06-04 07:59:00+00:00,2026-06-05 02:02:00+00:00,0.23638734771947195,77.29983209584556,18.27270228829744,77.29983209584556,19.8254045765954,185.2010248043054
1h,2026-06-05 12:59:00+00:00,2026-06-05 13:46:00+00:00,0.24795755530428618,81.94084898975075,20.317852595056284,81.94084898975075,21.015705190112897,184.71990504959578
5min,2026-06-05 17:44:00+00:00,2026-06-08 11:20:00+00:00,0.9036598730271811,43.72617580652333,39.51359047728707,43.72617580652333,68.47563700294239,274.3975048864123
1h,2026-06-09 13:59:00+00:00,2026-06-09 14:20:00+00:00,0.26031232927030584,66.96988646942147,17.43308713782304,66.96988646942147,19.103702658290533,203.09128956988803
15min,2026-06-03 11:44:00+00:00,2026-06-14 22:00:00+00:00,1.8808272638214483,64.80532749662828,121.88762679653624,64.80532749662828,44.65525359307196,230.6438866801519
5min,2026-06-09 18:44:00+00:00,2026-06-14 22:00:00+00:00,0.6824252399392357,47.63232894373699,32.50550350829431,47.63232894373699,66.3910070165883,274.8265443230861
15min,2026-06-19 13:44:00+00:00,2026-06-23 14:00:00+00:00,0.3629787394845341,68.84918761492828,24.990791335000864,68.84918761492828,33.64928576626977,306.79854874712055
15min,2026-06-23 17:59:00+00:00,2026-07-01 14:36:00+00:00,0.350606543324799,60.657875347005735,21.267048000840223,60.657875347005735,27.949627164928796,286.4136470581817
1h,2026-06-22 15:59:00+00:00,2026-07-03 01:08:00+00:00,0.27966796325485266,69.11809450932469,19.33011671547925,69.11809450932469,22.260709803627062,243.14376531331445
15min,2026-07-10 18:29:00+00:00,2026-07-14 12:31:00+00:00,0.38651818594011195,46.316549767740234,17.90218879523187,46.316549767740234,24.705240148529032,228.10642497735162
15min,2026-07-15 09:14:00+00:00,2026-07-15 13:05:00+00:00,-0.9986310624152818,43.82960966919296,-43.76960966919327,43.82960966919296,23.378706702542292,222.58962133839043
15min,2026-07-16 09:29:00+00:00,2026-07-16 12:18:00+00:00,0.3864104257978456,35.920265047930435,13.87996491194227,35.920265047930435,19.15986356190175,216.90613671198128
1h,2026-07-15 16:59:00+00:00,2026-07-17 15:52:00+00:00,0.5487018658848134,58.18400926917486,31.925674450655524,58.18400926917486,49.885346584017626,187.52562871535733
1h,2026-07-20 19:59:00+00:00,2026-07-21 05:26:00+00:00,-0.9988172695497162,50.73007123940971,-50.67007123940979,50.73007123940971,43.49454803470519,178.2320604234066
15min,2026-07-28 17:44:00+00:00,2026-07-29 16:50:00+00:00,0.40514479502124645,46.741033381121404,18.93688638827567,46.741033381121404,26.56851443127116,191.82496348547366
1h,2026-07-29 08:59:00+00:00,2026-07-29 16:55:00+00:00,0.46933914637178586,45.335589185085134,21.277766728389825,45.335589185085134,31.735533456779795,163.88093417003932
5min,2026-06-18 15:04:00+00:00,2026-07-30 20:52:00+00:00,1.7884021202315394,61.00198920342041,109.09608682973854,61.00198920342041,48.87217365947626,314.76746844557164
