slot,spec,sumR,DD,mpos,R2,worst,aug
S1,today,35.4,2.4,15/19,0.838,-1.8,-0.3
S1,today+ADX½,36.3,2.2,15/19,0.846,-1.3,0.1
S1,rec,29.4,3.6,12/19,0.833,-1.9,1.0
S1,rec+ADX½,30.0,3.2,12/19,0.846,-1.4,1.0
S1,A3,21.9,4.8,12/19,0.911,-2.0,2.0
S1,A3+ADX½,21.7,4.2,12/19,0.904,-1.5,2.5
S1,Aq85,20.1,5.7,10/19,0.928,-2.0,1.5
S1,Aq85+ADX½,20.0,4.7,10/19,0.916,-1.9,2.0
S1,B,22.5,3.5,10/19,0.883,-0.9,0.8
S1,B+ADX½,22.3,3.1,11/19,0.881,-1.0,0.0
S2,today,95.8,6.6,14/19,0.941,-2.1,-0.9
S2,today+ADX½,97.0,6.7,14/19,0.942,-2.1,-0.6
S2,rec,74.8,4.4,15/19,0.983,-4.2,-1.8
S2,rec+ADX½,78.6,4.4,15/19,0.985,-4.2,-1.7
S2,A3,78.6,5.3,15/19,0.975,-4.2,-1.1
S2,A3+ADX½,82.6,4.8,15/19,0.975,-4.2,-2.1
S2,Aq85,70.7,8.3,13/19,0.969,-4.2,-2.0
S2,Aq85+ADX½,78.7,7.2,13/19,0.973,-4.2,-2.0
S2,B,81.7,5.1,14/19,0.962,-3.5,-2.5
S2,B+ADX½,84.2,4.4,15/19,0.965,-3.5,-2.3
S3,today,37.2,6.8,9/19,0.855,-2.5,-1.2
S3,today+ADX½,33.6,7.2,9/19,0.852,-2.5,-1.2
S3,rec,38.8,7.3,13/19,0.933,-2.7,-1.2
S3,rec+ADX½,38.3,6.0,14/19,0.942,-2.5,-1.2
S3,A3,64.5,6.4,14/19,0.966,-2.6,-3.0
S3,A3+ADX½,64.7,6.4,16/19,0.967,-2.6,-3.0
S3,Aq85,63.4,6.6,13/19,0.96,-2.7,-3.0
S3,Aq85+ADX½,62.8,6.4,15/19,0.967,-2.7,-3.0
S3,B,68.1,8.0,8/19,0.928,-1.7,-1.6
S3,B+ADX½,71.2,6.7,9/19,0.937,-1.5,-1.6
S4,today,45.1,3.9,14/19,0.816,-1.5,-2.1
S4,today+ADX½,45.8,3.2,14/19,0.825,-1.5,-1.6
S4,rec,29.6,2.9,12/19,0.964,-1.2,-0.8
S4,rec+ADX½,29.6,2.5,12/19,0.967,-0.9,-0.8
S4,A3,36.6,5.0,12/19,0.94,-2.2,-2.0
S4,A3+ADX½,36.8,3.5,12/19,0.954,-2.2,-2.0
S4,Aq85,35.5,5.0,12/19,0.962,-2.0,-2.0
S4,Aq85+ADX½,37.6,3.5,12/19,0.973,-1.5,-2.0
S4,B,35.2,2.8,14/19,0.96,-1.3,-0.2
S4,B+ADX½,35.1,2.6,14/19,0.961,-1.1,-0.2
S4,rec+h4skip,29.6,2.9,12/19,0.964,-1.2,
S5,today,64.6,8.5,15/19,0.916,-2.7,2.1
S5,today+ADX½,66.2,7.4,15/19,0.921,-2.5,2.1
S5,rec,64.6,8.5,15/19,0.916,-2.7,2.1
S5,rec+ADX½,66.2,7.4,15/19,0.921,-2.5,2.1
S5,A3,62.6,8.7,14/19,0.924,-3.4,-0.9
S5,A3+ADX½,62.4,7.6,14/19,0.934,-3.4,-0.9
S5,Aq85,84.3,12.7,13/19,0.913,-3.2,-0.9
S5,Aq85+ADX½,85.2,10.6,13/19,0.931,-3.2,-0.9
S5,B,71.3,8.5,13/19,0.889,-2.6,1.1
S5,B+ADX½,72.7,7.1,13/19,0.895,-2.0,1.1
S6,today,35.1,7.3,10/19,0.844,-2.8,-2.3
S6,today+ADX½,32.3,6.9,10/19,0.853,-2.8,-2.3
S6,rec,60.7,10.9,13/19,0.932,-4.3,-2.0
S6,rec+ADX½,59.6,9.9,13/19,0.916,-4.3,-2.0
S6,A3,60.7,10.9,13/19,0.932,-4.3,-2.0
S6,A3+ADX½,59.6,9.9,13/19,0.916,-4.3,-2.0
S6,Aq85,55.8,9.6,14/19,0.946,-4.3,-2.0
S6,Aq85+ADX½,53.9,9.2,13/19,0.938,-4.3,-2.0
S6,B,62.4,8.3,12/19,0.888,-3.3,-0.6
S6,B+ADX½,62.3,7.3,13/19,0.88,-3.3,-0.6
S7,today,95.7,9.9,11/19,0.885,-5.9,-4.2
S7,today+ADX½,96.8,8.9,11/19,0.887,-5.9,-3.7
S7,rec,92.2,13.1,13/19,0.95,-4.2,-5.5
S7,rec+ADX½,91.4,10.4,14/19,0.953,-4.2,-5.5
S7,A3,73.6,10.9,13/19,0.975,-3.4,-4.1
S7,A3+ADX½,73.6,9.3,14/19,0.977,-3.1,-4.1
S7,Aq85,80.2,11.4,14/19,0.958,-4.0,-4.1
S7,Aq85+ADX½,79.3,9.2,14/19,0.97,-4.0,-4.1
S7,B,96.7,12.6,11/19,0.925,-3.6,-4.4
S7,B+ADX½,101.3,10.7,11/19,0.933,-3.6,-4.4
S7,rec+adxskip,93.4,9.3,14/19,0.961,-4.2,
