slot,N,mode,sumR,DD,mpos,R2,worst,sh
S1,0,none,35.4,2.4,15/19,0.838,-1.8,0.54
S1,10,off,35.2,2.3,15/19,0.837,-1.8,0.54
S1,10,half,35.3,2.3,15/19,0.837,-1.8,0.54
S1,20,off,32.8,2.4,14/19,0.812,-1.8,0.5
S1,20,half,34.1,2.4,14/19,0.826,-1.8,0.52
S1,30,off,35.4,2.4,15/19,0.838,-1.8,0.54
S1,30,half,35.4,2.4,15/19,0.838,-1.8,0.54
S2,0,none,82.6,4.8,15/19,0.975,-4.2,0.76
S2,10,off,75.4,5.2,13/19,0.969,-4.2,0.7
S2,10,half,79.0,4.7,15/19,0.973,-4.2,0.73
S2,20,off,82.6,4.8,15/19,0.975,-4.2,0.76
S2,20,half,82.6,4.8,15/19,0.975,-4.2,0.76
S2,30,off,82.6,4.8,15/19,0.975,-4.2,0.76
S2,30,half,82.6,4.8,15/19,0.975,-4.2,0.76
S3,0,none,64.5,6.4,14/19,0.966,-2.6,0.69
S3,10,off,48.0,9.5,10/19,0.937,-5.0,0.47
S3,10,half,56.2,7.0,11/19,0.958,-2.5,0.59
S3,20,off,53.4,6.4,12/19,0.952,-3.2,0.55
S3,20,half,59.0,6.4,13/19,0.96,-2.6,0.62
S3,30,off,61.4,6.4,14/19,0.961,-2.6,0.68
S3,30,half,63.0,6.4,14/19,0.964,-2.6,0.69
S4,0,none,35.1,2.6,14/19,0.961,-1.1,0.66
S4,10,off,32.0,2.7,11/19,0.964,-1.4,0.6
S4,10,half,33.5,2.1,13/19,0.964,-0.9,0.63
S4,20,off,33.0,2.6,14/19,0.952,-1.1,0.63
S4,20,half,34.0,2.6,14/19,0.957,-1.1,0.64
S4,30,off,35.1,2.6,14/19,0.961,-1.1,0.66
S4,30,half,35.1,2.6,14/19,0.961,-1.1,0.66
S5,0,none,66.2,7.4,15/19,0.921,-2.5,0.59
S5,10,off,66.3,4.2,14/19,0.928,-2.5,0.59
S5,10,half,66.2,5.3,15/19,0.925,-2.5,0.59
S5,20,off,59.0,7.4,14/19,0.884,-2.8,0.52
S5,20,half,62.6,7.4,14/19,0.906,-2.5,0.56
S5,30,off,66.2,7.4,15/19,0.921,-2.5,0.59
S5,30,half,66.2,7.4,15/19,0.921,-2.5,0.59
S6,0,none,60.7,10.9,13/19,0.932,-4.3,0.59
S6,10,off,56.8,6.4,11/19,0.923,-3.1,0.58
S6,10,half,58.8,7.6,12/19,0.93,-3.3,0.6
S6,20,off,48.5,9.6,11/19,0.903,-4.3,0.52
S6,20,half,54.6,9.6,12/19,0.921,-4.3,0.56
S6,30,off,55.7,10.9,13/19,0.921,-4.3,0.58
S6,30,half,58.2,10.9,13/19,0.928,-4.3,0.59
S7,0,none,91.4,10.4,14/19,0.953,-4.2,0.64
S7,10,off,70.2,7.8,9/19,0.916,-5.5,0.48
S7,10,half,80.8,7.8,13/19,0.941,-4.2,0.57
S7,20,off,82.1,9.3,13/19,0.937,-4.2,0.57
S7,20,half,86.8,9.3,14/19,0.949,-4.2,0.61
S7,30,off,91.4,10.4,14/19,0.953,-4.2,0.64
S7,30,half,91.4,10.4,14/19,0.953,-4.2,0.64
F8,0,none,30.5,13.4,9/18,0.601,-3.6,0.37
F8,10,off,27.2,11.0,8/18,0.659,-6.7,0.31
F8,10,half,28.8,10.9,9/18,0.631,-4.6,0.35
F8,20,off,23.0,14.0,7/18,0.601,-8.7,0.26
F8,20,half,26.7,10.2,8/18,0.606,-5.6,0.32
F8,30,off,30.7,7.8,9/18,0.621,-4.1,0.38
F8,30,half,30.6,8.6,9/18,0.614,-2.8,0.39
F9,0,none,13.5,5.2,12/17,0.905,-5.0,0.35
F9,10,off,7.1,5.2,11/17,0.525,-2.9,0.25
F9,10,half,10.3,4.2,11/17,0.817,-3.9,0.32
F9,20,off,13.5,5.2,12/17,0.905,-5.0,0.35
F9,20,half,13.5,5.2,12/17,0.905,-5.0,0.35
F9,30,off,13.5,5.2,12/17,0.905,-5.0,0.35
F9,30,half,13.5,5.2,12/17,0.905,-5.0,0.35
F10,0,none,5.2,4.6,10/17,0.027,-1.2,0.19
F10,10,off,-1.7,7.9,4/17,0.622,-2.0,-0.06
F10,10,half,1.7,5.8,10/17,0.238,-1.6,0.06
F10,20,off,-1.1,7.3,6/17,0.652,-2.0,-0.04
F10,20,half,2.1,5.7,9/17,0.202,-1.6,0.07
F10,30,off,4.4,4.0,8/17,0.0,-2.0,0.15
F10,30,half,4.8,4.3,10/17,0.009,-1.6,0.17
F11,0,none,1.0,4.7,8/17,0.617,-2.0,0.04
F11,10,off,-4.6,6.3,8/17,0.474,-2.8,-0.22
F11,10,half,-1.8,4.2,8/17,0.143,-2.3,-0.09
F11,20,off,-1.6,4.3,6/17,0.412,-2.1,-0.06
F11,20,half,-0.3,4.5,7/17,0.531,-2.0,-0.01
F11,30,off,-1.9,4.3,7/17,0.331,-2.1,-0.08
F11,30,half,-0.5,4.5,7/17,0.502,-2.0,-0.02
