port,N,mode,sumR,DD,mpos,R2,worst,sh,aug
today,0,none,329.1,33.7,14/19,0.916,-16.7,0.64,-3.6
today,5,off,270.3,17.6,13/19,0.907,-10.6,0.58,-0.3
today,5,half,299.7,25.2,13/19,0.912,-10.9,0.62,-1.9
today,10,off,303.7,14.0,14/19,0.923,-7.7,0.61,1.5
today,10,half,316.4,22.9,14/19,0.92,-10.9,0.63,-1.1
today,15,off,282.0,19.6,14/19,0.915,-10.0,0.6,-1.0
today,15,half,305.5,26.2,14/19,0.916,-13.3,0.63,-2.3
today,20,off,266.7,24.2,13/19,0.899,-15.9,0.55,0.0
today,20,half,297.9,28.7,14/19,0.909,-16.3,0.6,-1.8
today,30,off,306.4,27.0,14/19,0.907,-15.8,0.6,-2.7
today,30,half,317.8,30.3,14/19,0.912,-16.3,0.62,-3.2
today,40,off,315.7,27.4,14/19,0.911,-18.4,0.61,-5.5
today,40,half,322.4,30.6,14/19,0.914,-17.6,0.63,-4.6
consensus,0,none,409.4,26.7,14/19,0.966,-13.4,0.86,-6.3
consensus,5,off,293.8,23.2,12/19,0.952,-6.9,0.64,0.4
consensus,5,half,351.6,23.6,14/19,0.961,-9.5,0.75,-2.9
consensus,10,off,350.7,18.0,14/19,0.956,-14.3,0.73,-1.0
consensus,10,half,380.1,21.9,14/19,0.962,-13.8,0.8,-3.6
consensus,15,off,345.3,18.5,13/19,0.954,-13.3,0.72,-3.7
consensus,15,half,377.4,21.6,14/19,0.961,-13.4,0.79,-5.0
consensus,20,off,360.7,21.4,15/19,0.961,-20.1,0.76,-6.1
consensus,20,half,385.1,20.9,15/19,0.964,-16.8,0.81,-6.2
consensus,30,off,401.8,19.0,16/19,0.969,-14.6,0.86,-5.1
consensus,30,half,405.6,21.9,15/19,0.968,-14.0,0.86,-5.7
consensus,40,off,407.4,19.0,16/19,0.969,-13.4,0.87,-4.8
consensus,40,half,408.4,22.3,15/19,0.968,-13.4,0.87,-5.5
