slot,rule,sumR,DD,mpos,sh
S1,today (no giveback),35.4,2.4,15,0.54
S1,after 0.75R keep 0.3,28.1,2.1,14,0.59
S1,after 0.75R keep 0.4,24.7,2.1,14,0.56
S1,after 0.75R keep 0.5,24.3,2.1,13,0.53
S1,after 0.75R keep 0.6,17.3,2.1,14,0.63
S1,after 0.75R keep 0.7,16.7,2.1,14,0.64
S1,after 0.75R keep 0.8,15.4,2.1,14,0.59
S1,after 1.0R keep 0.3,28.2,2.2,14,0.59
S1,after 1.0R keep 0.4,25.1,2.1,14,0.55
S1,after 1.0R keep 0.5,25.6,2.1,13,0.55
S1,after 1.0R keep 0.6,20.5,2.1,14,0.72
S1,after 1.0R keep 0.7,17.6,2.1,14,0.7
S1,after 1.0R keep 0.8,19.0,2.1,14,0.76
S1,after 1.5R keep 0.3,24.8,2.4,14,0.58
S1,after 1.5R keep 0.4,21.2,2.4,14,0.52
S1,after 1.5R keep 0.5,20.9,2.4,13,0.5
S1,after 1.5R keep 0.6,15.2,2.4,13,0.55
S1,after 1.5R keep 0.7,14.9,2.4,13,0.57
S1,after 1.5R keep 0.8,17.6,2.4,13,0.62
S1,after 2.0R keep 0.3,35.6,2.4,15,0.55
S1,after 2.0R keep 0.4,24.6,2.4,14,0.53
S1,after 2.0R keep 0.5,24.4,2.4,13,0.5
S1,after 2.0R keep 0.6,18.8,2.4,13,0.66
S1,after 2.0R keep 0.7,20.7,2.4,14,0.69
S1,after 2.0R keep 0.8,22.7,2.4,14,0.73
S1,after 3.0R keep 0.3,35.4,2.4,15,0.54
S1,after 3.0R keep 0.4,27.3,2.4,14,0.57
S1,after 3.0R keep 0.5,29.6,2.4,14,0.59
S1,after 3.0R keep 0.6,26.7,2.4,14,0.71
S1,after 3.0R keep 0.7,28.9,2.4,15,0.72
S1,after 3.0R keep 0.8,30.5,2.4,15,0.7
S1,CAUSAL monthly choice,27.9,2.4,15,0.72
S2,today (no giveback),95.8,6.6,14,0.7
S2,after 0.75R keep 0.3,51.3,3.7,15,0.56
S2,after 0.75R keep 0.4,58.4,3.2,15,0.64
S2,after 0.75R keep 0.5,19.3,3.3,15,0.72
S2,after 0.75R keep 0.6,15.3,3.6,13,0.59
S2,after 0.75R keep 0.7,13.9,3.5,14,0.56
S2,after 0.75R keep 0.8,12.9,3.5,14,0.55
S2,after 1.0R keep 0.3,52.6,3.9,15,0.58
S2,after 1.0R keep 0.4,60.7,3.5,15,0.67
S2,after 1.0R keep 0.5,20.7,3.7,15,0.72
S2,after 1.0R keep 0.6,16.9,4.0,14,0.6
S2,after 1.0R keep 0.7,20.4,3.6,16,0.68
S2,after 1.0R keep 0.8,20.4,3.4,16,0.76
S2,after 1.5R keep 0.3,51.5,4.8,15,0.58
S2,after 1.5R keep 0.4,59.9,4.3,15,0.68
S2,after 1.5R keep 0.5,27.0,4.1,16,0.67
S2,after 1.5R keep 0.6,30.8,4.2,16,0.78
S2,after 1.5R keep 0.7,32.0,4.0,16,0.91
S2,after 1.5R keep 0.8,33.7,4.1,16,0.92
S2,after 2.0R keep 0.3,49.7,5.3,13,0.55
S2,after 2.0R keep 0.4,57.1,4.9,15,0.64
S2,after 2.0R keep 0.5,25.4,4.5,13,0.53
S2,after 2.0R keep 0.6,29.6,5.2,15,0.63
S2,after 2.0R keep 0.7,30.7,5.0,15,0.76
S2,after 2.0R keep 0.8,32.9,4.8,15,0.8
S2,after 3.0R keep 0.3,69.2,5.3,12,0.55
S2,after 3.0R keep 0.4,57.0,4.9,14,0.61
S2,after 3.0R keep 0.5,46.4,4.5,14,0.63
S2,after 3.0R keep 0.6,35.1,4.1,16,0.7
S2,after 3.0R keep 0.7,33.2,4.0,15,0.75
S2,after 3.0R keep 0.8,38.9,4.0,15,0.81
S2,CAUSAL monthly choice,52.1,4.6,14,0.61
S3,today (no giveback),37.2,6.8,9,0.42
S3,after 0.75R keep 0.3,19.1,5.3,13,0.37
S3,after 0.75R keep 0.4,22.0,5.4,11,0.44
S3,after 0.75R keep 0.5,18.7,5.0,11,0.46
S3,after 0.75R keep 0.6,16.3,4.4,11,0.43
S3,after 0.75R keep 0.7,17.5,4.2,11,0.46
S3,after 0.75R keep 0.8,17.7,4.2,11,0.46
S3,after 1.0R keep 0.3,25.2,4.7,12,0.44
S3,after 1.0R keep 0.4,29.2,4.2,12,0.57
S3,after 1.0R keep 0.5,33.2,4.2,15,0.77
S3,after 1.0R keep 0.6,30.6,4.2,12,0.69
S3,after 1.0R keep 0.7,30.2,4.2,13,0.73
S3,after 1.0R keep 0.8,27.9,4.2,13,0.76
S3,after 1.5R keep 0.3,30.4,4.2,11,0.52
S3,after 1.5R keep 0.4,36.4,4.2,13,0.64
S3,after 1.5R keep 0.5,41.5,4.2,14,0.85
S3,after 1.5R keep 0.6,46.5,4.2,14,0.87
S3,after 1.5R keep 0.7,42.8,4.2,14,0.83
S3,after 1.5R keep 0.8,44.1,4.2,14,0.9
S3,after 2.0R keep 0.3,29.5,4.2,12,0.52
S3,after 2.0R keep 0.4,35.8,4.2,12,0.66
S3,after 2.0R keep 0.5,40.7,4.2,14,0.87
S3,after 2.0R keep 0.6,48.8,4.2,16,0.99
S3,after 2.0R keep 0.7,49.4,4.2,16,1.04
S3,after 2.0R keep 0.8,48.9,4.2,16,1.05
S3,after 3.0R keep 0.3,47.6,5.3,12,0.55
S3,after 3.0R keep 0.4,51.7,5.1,13,0.66
S3,after 3.0R keep 0.5,55.6,5.0,16,0.75
S3,after 3.0R keep 0.6,67.3,5.0,16,0.83
S3,after 3.0R keep 0.7,62.1,5.0,16,0.96
S3,after 3.0R keep 0.8,65.4,5.0,16,0.97
S3,CAUSAL monthly choice,53.9,6.8,14,0.68
S4,today (no giveback),45.1,3.9,14,0.58
S4,after 0.75R keep 0.3,43.9,3.9,13,0.54
S4,after 0.75R keep 0.4,23.8,3.9,14,0.71
S4,after 0.75R keep 0.5,24.1,3.9,15,0.72
S4,after 0.75R keep 0.6,24.2,3.9,14,0.7
S4,after 0.75R keep 0.7,20.2,3.9,14,0.64
S4,after 0.75R keep 0.8,19.6,3.9,15,0.63
S4,after 1.0R keep 0.3,43.7,3.9,13,0.54
S4,after 1.0R keep 0.4,23.2,3.9,14,0.69
S4,after 1.0R keep 0.5,22.9,3.9,15,0.7
S4,after 1.0R keep 0.6,24.0,3.9,13,0.7
S4,after 1.0R keep 0.7,19.8,3.9,14,0.63
S4,after 1.0R keep 0.8,20.4,3.9,15,0.65
S4,after 1.5R keep 0.3,43.4,3.9,13,0.54
S4,after 1.5R keep 0.4,22.5,3.9,14,0.68
S4,after 1.5R keep 0.5,22.1,3.9,15,0.67
S4,after 1.5R keep 0.6,24.6,3.9,14,0.7
S4,after 1.5R keep 0.7,23.4,3.9,15,0.65
S4,after 1.5R keep 0.8,24.6,3.9,15,0.67
S4,after 2.0R keep 0.3,44.1,3.9,13,0.55
S4,after 2.0R keep 0.4,26.4,3.9,14,0.61
S4,after 2.0R keep 0.5,24.8,3.9,15,0.7
S4,after 2.0R keep 0.6,27.3,3.9,15,0.72
S4,after 2.0R keep 0.7,28.5,3.9,15,0.73
S4,after 2.0R keep 0.8,27.2,3.9,15,0.71
S4,after 3.0R keep 0.3,46.4,3.9,14,0.59
S4,after 3.0R keep 0.4,30.7,3.9,14,0.62
S4,after 3.0R keep 0.5,30.8,3.9,14,0.67
S4,after 3.0R keep 0.6,33.0,3.9,14,0.68
S4,after 3.0R keep 0.7,34.4,3.9,14,0.68
S4,after 3.0R keep 0.8,34.9,3.9,14,0.7
S4,CAUSAL monthly choice,25.2,3.9,13,0.63
S5,today (no giveback),64.6,8.5,15,0.57
S5,after 0.75R keep 0.3,39.3,9.0,14,0.44
S5,after 0.75R keep 0.4,26.3,8.6,14,0.58
S5,after 0.75R keep 0.5,23.5,8.0,15,0.59
S5,after 0.75R keep 0.6,18.3,8.5,14,0.42
S5,after 0.75R keep 0.7,16.3,8.0,13,0.42
S5,after 0.75R keep 0.8,13.8,7.9,13,0.43
S5,after 1.0R keep 0.3,41.1,8.2,15,0.47
S5,after 1.0R keep 0.4,29.1,7.6,15,0.71
S5,after 1.0R keep 0.5,32.2,7.1,15,0.79
S5,after 1.0R keep 0.6,33.9,7.4,16,0.79
S5,after 1.0R keep 0.7,29.2,7.8,14,0.68
S5,after 1.0R keep 0.8,22.7,7.7,14,0.69
S5,after 1.5R keep 0.3,41.0,8.2,14,0.49
S5,after 1.5R keep 0.4,31.3,7.6,14,0.72
S5,after 1.5R keep 0.5,33.5,7.1,15,0.81
S5,after 1.5R keep 0.6,41.4,7.4,16,0.87
S5,after 1.5R keep 0.7,36.3,7.7,14,0.73
S5,after 1.5R keep 0.8,33.8,7.6,14,0.77
S5,after 2.0R keep 0.3,52.9,8.2,14,0.55
S5,after 2.0R keep 0.4,44.1,7.6,14,0.66
S5,after 2.0R keep 0.5,45.4,7.1,15,0.75
S5,after 2.0R keep 0.6,47.5,6.5,16,0.95
S5,after 2.0R keep 0.7,46.1,5.8,16,0.88
S5,after 2.0R keep 0.8,44.5,5.9,15,0.84
S5,after 3.0R keep 0.3,58.3,8.0,14,0.52
S5,after 3.0R keep 0.4,46.3,7.6,14,0.68
S5,after 3.0R keep 0.5,50.1,7.2,15,0.75
S5,after 3.0R keep 0.6,52.3,6.9,15,0.87
S5,after 3.0R keep 0.7,55.5,6.5,15,0.91
S5,after 3.0R keep 0.8,60.5,6.2,15,0.93
S5,CAUSAL monthly choice,57.6,7.1,14,0.77
S6,today (no giveback),35.1,7.3,10,0.44
S6,after 0.75R keep 0.3,24.6,6.6,13,0.54
S6,after 0.75R keep 0.4,27.7,5.9,12,0.6
S6,after 0.75R keep 0.5,30.7,5.7,15,0.73
S6,after 0.75R keep 0.6,31.2,6.2,14,0.72
S6,after 0.75R keep 0.7,31.3,6.1,13,0.74
S6,after 0.75R keep 0.8,24.9,6.5,13,0.63
S6,after 1.0R keep 0.3,27.4,6.5,13,0.56
S6,after 1.0R keep 0.4,30.8,5.9,13,0.65
S6,after 1.0R keep 0.5,31.3,5.7,14,0.75
S6,after 1.0R keep 0.6,32.5,6.2,15,0.75
S6,after 1.0R keep 0.7,34.1,6.1,15,0.8
S6,after 1.0R keep 0.8,33.1,6.0,16,0.85
S6,after 1.5R keep 0.3,32.9,6.1,14,0.64
S6,after 1.5R keep 0.4,36.1,5.9,14,0.69
S6,after 1.5R keep 0.5,36.6,5.7,14,0.76
S6,after 1.5R keep 0.6,45.5,5.5,14,0.85
S6,after 1.5R keep 0.7,49.8,5.2,14,0.88
S6,after 1.5R keep 0.8,47.7,5.3,14,0.86
S6,after 2.0R keep 0.3,38.3,6.1,13,0.67
S6,after 2.0R keep 0.4,42.3,5.9,14,0.73
S6,after 2.0R keep 0.5,42.5,5.7,14,0.8
S6,after 2.0R keep 0.6,53.9,5.5,14,0.92
S6,after 2.0R keep 0.7,54.7,5.2,15,1.01
S6,after 2.0R keep 0.8,58.5,5.0,16,1.08
S6,after 3.0R keep 0.3,46.1,6.5,14,0.59
S6,after 3.0R keep 0.4,50.5,6.5,15,0.68
S6,after 3.0R keep 0.5,49.7,6.5,15,0.7
S6,after 3.0R keep 0.6,60.8,6.5,15,0.76
S6,after 3.0R keep 0.7,58.9,6.5,15,0.84
S6,after 3.0R keep 0.8,62.2,6.5,15,0.92
S6,CAUSAL monthly choice,48.0,6.5,14,0.81
S7,today (no giveback),95.7,9.9,11,0.39
S7,after 0.75R keep 0.3,74.0,6.3,11,0.37
S7,after 0.75R keep 0.4,32.1,7.4,12,0.48
S7,after 0.75R keep 0.5,9.1,6.9,9,0.22
S7,after 0.75R keep 0.6,13.8,6.4,12,0.3
S7,after 0.75R keep 0.7,6.8,5.9,13,0.2
S7,after 0.75R keep 0.8,4.9,5.8,11,0.13
S7,after 1.0R keep 0.3,73.0,7.0,12,0.37
S7,after 1.0R keep 0.4,30.8,8.3,11,0.47
S7,after 1.0R keep 0.5,9.2,8.0,11,0.21
S7,after 1.0R keep 0.6,14.5,7.6,12,0.3
S7,after 1.0R keep 0.7,9.6,7.3,12,0.24
S7,after 1.0R keep 0.8,9.9,7.2,12,0.25
S7,after 1.5R keep 0.3,71.1,7.5,12,0.36
S7,after 1.5R keep 0.4,33.9,6.8,13,0.51
S7,after 1.5R keep 0.5,25.4,6.9,12,0.39
S7,after 1.5R keep 0.6,25.9,7.9,13,0.41
S7,after 1.5R keep 0.7,19.3,7.5,13,0.39
S7,after 1.5R keep 0.8,22.4,7.5,14,0.42
S7,after 2.0R keep 0.3,67.7,8.4,12,0.34
S7,after 2.0R keep 0.4,31.0,7.7,12,0.44
S7,after 2.0R keep 0.5,39.4,7.0,12,0.53
S7,after 2.0R keep 0.6,30.5,8.2,11,0.45
S7,after 2.0R keep 0.7,20.2,7.8,12,0.37
S7,after 2.0R keep 0.8,24.2,7.9,12,0.42
S7,after 3.0R keep 0.3,75.5,8.4,11,0.32
S7,after 3.0R keep 0.4,32.7,7.7,11,0.41
S7,after 3.0R keep 0.5,41.5,7.0,12,0.5
S7,after 3.0R keep 0.6,35.2,8.2,13,0.43
S7,after 3.0R keep 0.7,29.8,7.8,14,0.41
S7,after 3.0R keep 0.8,33.0,7.9,14,0.47
S7,CAUSAL monthly choice,40.5,9.9,10,0.45
