slot,trades,reached,n,pct,closed_below_half,closed_below_0_5R,avg_peak,avg_final
S1,69,>=1R,23,33,57,48,3.25,1.78
S1,69,>=2R,13,19,31,15,4.71,3.04
S1,69,>=3R,7,10,29,0,6.76,4.48
S2,112,>=1R,40,36,68,62,5.56,2.91
S2,112,>=2R,27,24,52,44,7.54,4.33
S2,112,>=3R,19,17,37,26,9.72,6.05
S3,163,>=1R,52,32,100,60,4.79,1.25
S3,163,>=2R,35,21,100,49,6.42,1.71
S3,163,>=3R,29,18,100,38,7.26,2.03
S4,172,>=1R,16,9,50,44,4.12,2.58
S4,172,>=2R,12,7,33,25,5.03,3.36
S4,172,>=3R,8,5,25,12,6.37,4.59
S5,90,>=1R,46,51,89,17,5.75,1.96
S5,90,>=2R,33,37,88,6,7.41,2.62
S5,90,>=3R,25,28,88,0,8.94,3.34
S6,152,>=1R,51,34,96,63,4.24,1.08
S6,152,>=2R,36,24,94,56,5.45,1.39
S6,152,>=3R,24,16,92,38,6.97,1.96
S7,222,>=1R,50,23,76,68,5.27,2.7
S7,222,>=2R,30,14,60,47,7.81,4.48
S7,222,>=3R,24,11,50,33,9.18,5.6
