,S1,S2,S3,S4,S5,S6,S7
base,35.1,80.6,61.5,34.9,68.3,29.3,43.0
giveback peak>=1.0R keep 0.4,24.8,70.6,40.5,31.4,33.0,19.8,33.3
giveback peak>=1.0R keep 0.5,25.3,63.0,40.3,31.5,35.9,20.4,20.3
giveback peak>=1.0R keep 0.6,20.3,39.8,32.5,25.2,37.6,16.9,8.6
giveback peak>=1.0R keep 0.7,17.3,36.2,25.4,17.9,33.2,18.0,7.1
giveback peak>=1.5R keep 0.4,20.9,75.3,56.6,31.3,34.4,25.3,43.6
giveback peak>=1.5R keep 0.5,20.6,70.6,58.5,31.6,36.1,28.1,34.7
giveback peak>=1.5R keep 0.6,14.9,57.1,49.3,28.4,43.5,27.3,26.3
giveback peak>=1.5R keep 0.7,14.6,47.9,38.8,25.5,38.3,25.6,18.0
giveback peak>=2.0R keep 0.4,24.3,69.3,55.4,34.9,47.2,27.2,46.9
giveback peak>=2.0R keep 0.5,24.1,66.6,56.3,31.6,48.0,30.3,38.1
giveback peak>=2.0R keep 0.6,18.5,59.9,56.2,28.4,49.7,31.4,25.6
giveback peak>=2.0R keep 0.7,20.5,53.6,48.2,28.0,47.7,28.0,19.8
giveback peak>=3.0R keep 0.4,27.0,80.6,61.5,34.9,48.7,29.3,45.0
giveback peak>=3.0R keep 0.5,29.4,80.6,61.5,34.9,51.8,29.3,38.3
giveback peak>=3.0R keep 0.6,26.4,80.6,61.5,34.9,53.1,29.3,30.7
giveback peak>=3.0R keep 0.7,28.6,79.6,61.5,33.4,55.6,29.3,23.3
trend flip: 1h close vs EMA20,7.0,64.3,28.1,21.5,38.1,17.8,21.6
trend flip: 1h close vs EMA50,12.7,82.4,52.1,36.9,64.5,25.5,35.7
trend flip: 1h EMA20 x EMA50,21.7,80.6,63.4,34.8,75.8,30.4,44.0
trend flip: 4h close vs EMA20,21.1,81.5,58.5,35.1,83.8,29.7,39.0
trend flip: 4h close vs EMA50,31.3,81.5,61.8,35.0,68.5,29.1,43.3
trend flip: 4h EMA20 x EMA50,32.9,80.6,61.5,34.9,68.3,29.3,43.0
trend flip (in profit): 1h close vs EMA20,19.3,82.3,47.8,33.5,64.4,27.7,33.1
trend flip (in profit): 1h close vs EMA50,28.0,80.7,53.7,34.9,72.5,25.6,37.2
trend flip (in profit): 1h EMA20 x EMA50,30.1,79.7,63.4,34.9,75.4,29.9,43.9
trend flip (in profit): 4h close vs EMA20,30.7,79.6,61.2,34.9,84.2,28.3,42.9
trend flip (in profit): 4h close vs EMA50,35.1,81.0,61.5,34.9,68.3,29.3,43.0
trend flip (in profit): 4h EMA20 x EMA50,35.1,80.6,61.5,34.9,68.3,29.3,43.0
