rule,sumR,DD,mpos,worst,sh,summer25
base 0,409.4,26.7,14/19,-13.4,0.86,4.0
cap 2,165.5,15.9,16/19,-6.3,0.86,-1.4
cap 3,237.5,19.6,15/19,-6.4,0.86,0.9
cap 4,278.8,23.7,14/19,-8.4,0.84,-0.8
cap 5,343.3,24.8,14/19,-10.2,0.84,0.6
capdir 2,165.5,15.9,16/19,-6.3,0.86,-1.4
capdir 3,237.5,19.6,15/19,-6.4,0.86,0.9
capdir 4,278.8,23.7,14/19,-8.4,0.84,-0.8
caphalf 2,249.5,18.3,15/19,-8.8,0.94,1.2
caphalf 3,270.5,20.5,14/19,-8.9,0.91,-1.0
caphalf 4,299.6,22.2,14/19,-10.4,0.89,-2.0
day 2,370.2,31.1,14/19,-17.4,0.73,-1.3
day 3,377.3,34.0,14/19,-14.7,0.75,-2.1
day 5,411.5,25.6,15/19,-12.3,0.87,5.6
week 4,364.7,32.7,15/19,-15.7,0.83,-1.1
week 6,400.9,30.1,14/19,-15.1,0.82,0.6
week 10,411.0,25.2,14/19,-13.4,0.86,5.5
ddhalf 6,336.4,19.1,13/19,-10.8,0.79,-1.9
ddhalf 10,376.8,22.1,13/19,-11.9,0.78,-4.9
ddhalf 15,394.5,23.0,14/19,-13.4,0.81,-5.9
