rule,sumR,DD,mpos,worst,sh,summer25,calmar
base,409.4,26.7,14/19,-13.4,0.86,4.0,15.3
since_ext_dir low20,353.7,26.2,14/19,-12.0,0.97,2.1,13.5
since_ext_dir high20,393.7,27.7,15/19,-10.0,0.83,-4.2,14.2
since_ext_dir low30,341.7,26.2,14/19,-12.0,0.97,2.1,13.0
since_ext_dir high30,383.1,25.9,15/19,-9.8,0.82,-2.3,14.8
since_ext_dir low40,341.5,26.2,14/19,-12.0,0.97,2.1,13.0
since_ext_dir high40,374.1,25.0,14/19,-9.0,0.85,-1.5,15.0
since_ext50 low20,409.4,26.7,14/19,-13.4,0.86,4.0,15.3
since_ext50 high20,409.4,26.7,14/19,-13.4,0.86,4.0,15.3
since_ext50 low30,409.4,26.7,14/19,-13.4,0.86,4.0,15.3
since_ext50 high30,409.4,26.7,14/19,-13.4,0.86,4.0,15.3
since_ext50 low40,409.4,26.7,14/19,-13.4,0.86,4.0,15.3
since_ext50 high40,409.4,26.7,14/19,-13.4,0.86,4.0,15.3
flips30 low20,369.9,26.7,14/19,-10.8,0.84,4.0,13.9
flips30 high20,406.2,25.7,14/19,-13.4,0.85,0.2,15.8
flips30 low30,342.5,26.7,14/19,-9.2,0.94,4.0,12.8
flips30 high30,389.9,25.7,14/19,-13.4,0.83,-4.5,15.2
flips30 low40,323.6,26.7,14/19,-8.7,1.0,4.0,12.1
flips30 high40,381.0,25.2,14/19,-13.4,0.82,-3.9,15.1
rng30_atr low20,398.9,23.1,14/19,-12.4,0.86,4.4,17.3
rng30_atr high20,366.0,26.7,14/19,-13.4,0.85,4.0,13.7
rng30_atr low30,386.2,23.1,14/19,-10.3,0.85,-0.5,16.7
rng30_atr high30,347.2,26.7,14/19,-13.4,0.88,4.0,13.0
rng30_atr low40,372.8,23.1,14/19,-9.4,0.84,-1.8,16.1
rng30_atr high40,330.6,26.7,14/19,-13.4,0.92,4.0,12.4
pos30_dir low20,397.1,26.3,14/19,-13.4,0.83,3.8,15.1
pos30_dir high20,373.8,26.7,14/19,-13.4,0.91,4.0,14.0
pos30_dir low30,393.9,25.9,14/19,-12.9,0.84,4.2,15.2
pos30_dir high30,359.0,26.7,14/19,-12.8,0.92,4.0,13.4
pos30_dir low40,386.9,25.7,14/19,-11.2,0.86,2.8,15.1
pos30_dir high40,352.3,26.7,14/19,-10.6,0.91,3.1,13.2
