rule,sumR,DD,mpos,worst,sh
base,449.7,13.9,17/19,-4.4,1.1
F8 x0.5,423.3,12.4,17/19,-6.8,1.01
d1_er30 low20% x0.5,421.6,13.9,17/19,-5.5,1.05
d1_er30 high20% x0.5,394.5,13.9,17/19,-4.4,1.0
d1_er30 low30% x0.5,391.9,13.9,17/19,-3.2,1.0
d1_er30 high30% x0.5,381.8,13.9,17/19,-3.9,1.06
d1_er30 low40% x0.5,374.9,12.5,17/19,-3.1,0.98
d1_er30 high40% x0.5,361.3,13.9,17/19,-3.2,1.18
d1_adx low20% x0.5,423.7,13.9,17/19,-4.4,1.05
d1_adx high20% x0.5,357.4,13.2,17/19,-2.4,1.16
d1_adx low30% x0.5,422.1,13.9,17/19,-4.4,1.04
d1_adx high30% x0.5,332.1,12.2,18/19,-1.5,1.32
d1_adx low40% x0.5,417.6,13.9,17/19,-4.4,1.02
d1_adx high40% x0.5,322.3,12.0,19/19,0.7,1.37
d1_rng20_atr low20% x0.5,425.2,13.9,17/19,-3.2,1.05
d1_rng20_atr high20% x0.5,379.4,12.6,17/19,-4.4,1.21
d1_rng20_atr low30% x0.5,400.6,13.9,17/19,-2.9,1.03
d1_rng20_atr high30% x0.5,364.1,12.6,18/19,-4.4,1.23
d1_rng20_atr low40% x0.5,392.6,13.9,17/19,-2.4,1.06
d1_rng20_atr high40% x0.5,350.6,12.6,18/19,-4.4,1.28
d1_bbw_rank low20% x0.5,403.9,13.9,17/19,-3.2,1.04
d1_bbw_rank high20% x0.5,399.2,12.6,18/19,-4.4,1.14
d1_bbw_rank low30% x0.5,395.1,13.9,17/19,-3.2,1.01
d1_bbw_rank high30% x0.5,378.6,12.6,18/19,-4.4,1.13
d1_bbw_rank low40% x0.5,393.1,13.9,17/19,-3.2,1.01
d1_bbw_rank high40% x0.5,346.8,12.6,18/19,-4.4,1.21
h4_er30 low20% x0.5,384.6,12.2,17/19,-1.5,1.08
h4_er30 high20% x0.5,442.1,12.6,17/19,-4.4,1.15
h4_er30 low30% x0.5,354.0,12.2,18/19,-1.0,1.07
h4_er30 high30% x0.5,429.0,12.6,17/19,-4.4,1.22
h4_er30 low40% x0.5,336.2,12.2,17/19,-0.9,1.05
h4_er30 high40% x0.5,411.2,12.6,17/19,-4.4,1.24
h4_adx low20% x0.5,403.3,13.9,17/19,-2.6,1.08
h4_adx high20% x0.5,443.7,12.6,18/19,-4.4,1.14
h4_adx low30% x0.5,383.4,13.9,17/19,-2.6,1.06
h4_adx high30% x0.5,430.3,12.6,18/19,-3.1,1.18
h4_adx low40% x0.5,376.2,13.9,17/19,-2.3,1.05
h4_adx high40% x0.5,407.7,12.6,18/19,-3.1,1.12
h4_rng20_atr low20% x0.5,371.5,12.9,17/19,-4.0,1.08
h4_rng20_atr high20% x0.5,447.4,12.6,17/19,-4.4,1.14
h4_rng20_atr low30% x0.5,343.4,12.6,17/19,-2.6,1.14
h4_rng20_atr high30% x0.5,421.7,12.6,17/19,-4.4,1.14
h4_rng20_atr low40% x0.5,341.3,11.9,18/19,-0.6,1.18
h4_rng20_atr high40% x0.5,405.7,12.6,17/19,-4.4,1.13
d1_atr_rank low20% x0.5,419.8,13.9,17/19,-3.2,1.08
d1_atr_rank high20% x0.5,412.2,12.6,18/19,-4.4,1.07
d1_atr_rank low30% x0.5,403.0,13.9,18/19,-3.2,1.05
d1_atr_rank high30% x0.5,389.8,12.6,18/19,-4.4,1.11
d1_atr_rank low40% x0.5,389.7,13.9,18/19,-3.2,1.03
d1_atr_rank high40% x0.5,370.0,12.6,18/19,-4.4,1.12
